Indicator ID,Indicator Name,Parent Code,Parent Name,Area Code,Area Name,Area Type,Sex,Age,Category Type,Category,Time period,Value,Lower CI 95.0 limit,Upper CI 95.0 limit,Lower CI 99.8 limit,Upper CI 99.8 limit,Count,Denominator,Value note,Recent Trend,Compared to England value or percentiles,Compared to percentiles,Time period Sortable,New data,Compared to goal,Time period range
93088,"Overweight (including obesity) prevalence in adults, (using adjusted self-reported height and weight)",,,E92000001,England,England,Male,18+ yrs,,,2015/16,67.53949,67.21113,67.86226,67.01801,68.06309,,78176.0,,,Not compared,Not compared,20150000,,,1y
93088,"Overweight (including obesity) prevalence in adults, (using adjusted self-reported height and weight)",,,E92000001,England,England,Female,18+ yrs,,,2015/16,54.80153,54.47626,55.12123,54.29384,55.30582,,92097.0,,,Not compared,Not compared,20150000,,,1y
93088,"Overweight (including obesity) prevalence in adults, (using adjusted self-reported height and weight)",,,E92000001,England,England,Persons,85+ yrs,,,2015/16,64.14667,62.4924,65.80547,61.64131,66.74775,,3290.0,,,Not compared,Not compared,20150000,,,1y
93088,"Overweight (including obesity) prevalence in adults, (using adjusted self-reported height and weight)",,,E92000001,England,England,Persons,25-34 yrs,,,2015/16,49.67861,48.99345,50.38179,48.5918,50.7388,,20168.0,,,Not compared,Not compared,20150000,,,1y
93088,"Overweight (including obesity) prevalence in adults, (using adjusted self-reported height and weight)",,,E92000001,England,England,Persons,35-44 yrs,,,2015/16,59.43001,58.83266,60.02508,58.47305,60.32781,,26419.0,,,Not compared,Not compared,20150000,,,1y
93088,"Overweight (including obesity) prevalence in adults, (using adjusted self-reported height and weight)",,,E92000001,England,England,Persons,45-54 yrs,,,2015/16,67.12801,66.59606,67.64852,66.30148,67.99934,,30215.0,,,Not compared,Not compared,20150000,,,1y
93088,"Overweight (including obesity) prevalence in adults, (using adjusted self-reported height and weight)",,,E92000001,England,England,Persons,55-64 yrs,,,2015/16,71.22063,70.73885,71.69977,70.47225,71.9986,,34134.0,,,Not compared,Not compared,20150000,,,1y
93088,"Overweight (including obesity) prevalence in adults, (using adjusted self-reported height and weight)",,,E92000001,England,England,Persons,65-74 yrs,,,2015/16,72.7598,72.28675,73.23686,72.01448,73.52354,,34525.0,,,Not compared,Not compared,20150000,,,1y
93088,"Overweight (including obesity) prevalence in adults, (using adjusted self-reported height and weight)",,,E92000001,England,England,Persons,75-84 yrs,,,2015/16,72.15352,71.42451,72.90231,71.02662,73.34992,,14075.0,,,Not compared,Not compared,20150000,,,1y
93088,"Overweight (including obesity) prevalence in adults, (using adjusted self-reported height and weight)",,,E92000001,England,England,Persons,18+ yrs,,,2015/16,61.24163,61.00672,61.4707,60.86696,61.5723,,170273.0,,,Not compared,Not compared,20150000,,,1y
93088,"Overweight (including obesity) prevalence in adults, (using adjusted self-reported height and weight)",,,E92000001,England,England,Persons,18+ yrs,Working status,Inactive,2015/16,62.85734,62.47916,63.22775,62.26213,63.44321,,63586.0,,,Worse,Not compared,20150000,,,1y
93088,"Overweight (including obesity) prevalence in adults, (using adjusted self-reported height and weight)",,,E92000001,England,England,Persons,18+ yrs,Working status,Unemployed,2015/16,63.69186,62.19839,65.14745,61.34536,65.92737,,4103.0,,,Worse,Not compared,20150000,,,1y
93088,"Overweight (including obesity) prevalence in adults, (using adjusted self-reported height and weight)",,,E92000001,England,England,Persons,18+ yrs,Working status,Working,2015/16,61.72729,61.4147,62.03723,61.21914,62.22514,,92048.0,,,Worse,Not compared,20150000,,,1y
93088,"Overweight (including obesity) prevalence in adults, (using adjusted self-reported height and weight)",,,E92000001,England,England,Persons,18+ yrs,Disability,Disabled,2015/16,70.35942,69.82253,70.89953,69.50763,71.20009,,27948.0,,,Worse,Not compared,20150000,,,1y
93088,"Overweight (including obesity) prevalence in adults, (using adjusted self-reported height and weight)",,,E92000001,England,England,Persons,18+ yrs,Disability,Not disabled,2015/16,59.42143,59.1641,59.67699,59.01991,59.81375,,134541.0,,,Better,Not compared,20150000,,,1y
93088,"Overweight (including obesity) prevalence in adults, (using adjusted self-reported height and weight)",,,E92000001,England,England,Persons,18+ yrs,Ethnic groups,White British,2015/16,61.99099,61.74142,62.24322,61.60524,62.36578,,146869.0,,,Worse,Not compared,20150000,,,1y
93088,"Overweight (including obesity) prevalence in adults, (using adjusted self-reported height and weight)",,,E92000001,England,England,Persons,18+ yrs,Ethnic groups,White Other,2015/16,56.98898,55.93496,58.03717,55.24971,58.62952,,8610.0,,,Better,Not compared,20150000,,,1y
93088,"Overweight (including obesity) prevalence in adults, (using adjusted self-reported height and weight)",,,E92000001,England,England,Persons,18+ yrs,Ethnic groups,Asian,2015/16,57.63872,56.39747,58.90661,55.7494,59.67099,,6018.0,,,Better,Not compared,20150000,,,1y
93088,"Overweight (including obesity) prevalence in adults, (using adjusted self-reported height and weight)",,,E92000001,England,England,Persons,18+ yrs,Ethnic groups,Black,2015/16,73.51196,71.52152,75.42543,70.42037,76.42643,,1998.0,,,Worse,Not compared,20150000,,,1y
93088,"Overweight (including obesity) prevalence in adults, (using adjusted self-reported height and weight)",,,E92000001,England,England,Persons,18+ yrs,Ethnic groups,Chinese,2015/16,36.41158,33.25554,39.67328,31.38845,41.42357,,857.0,,,Better,Not compared,20150000,,,1y
93088,"Overweight (including obesity) prevalence in adults, (using adjusted self-reported height and weight)",,,E92000001,England,England,Persons,18+ yrs,Ethnic groups,Mixed,2015/16,53.75141,51.20994,56.24591,49.83649,57.68476,,1529.0,,,Better,Not compared,20150000,,,1y
93088,"Overweight (including obesity) prevalence in adults, (using adjusted self-reported height and weight)",,,E92000001,England,England,Persons,18+ yrs,Ethnic groups,Other,2015/16,58.45059,55.66751,61.20907,53.82032,62.97229,,1191.0,,,Better,Not compared,20150000,,,1y
93088,"Overweight (including obesity) prevalence in adults, (using adjusted self-reported height and weight)",,,E92000001,England,England,Persons,18+ yrs,LSOA11 deprivation deciles within area (IMD  trend),Most deprived decile,2015/16,67.34482,66.6001,68.06896,66.14918,68.5455,,15524.0,,,Worse,Not compared,20150000,,,1y
93088,"Overweight (including obesity) prevalence in adults, (using adjusted self-reported height and weight)",,,E92000001,England,England,Persons,18+ yrs,LSOA11 deprivation deciles within area (IMD  trend),Second most deprived decile,2015/16,63.65104,62.9201,64.38695,62.49301,64.7645,,16157.0,,,Worse,Not compared,20150000,,,1y
93088,"Overweight (including obesity) prevalence in adults, (using adjusted self-reported height and weight)",,,E92000001,England,England,Persons,18+ yrs,LSOA11 deprivation deciles within area (IMD  trend),Third more deprived decile,2015/16,63.36514,62.63776,64.09126,62.24459,64.51422,,16787.0,,,Worse,Not compared,20150000,,,1y
93088,"Overweight (including obesity) prevalence in adults, (using adjusted self-reported height and weight)",,,E92000001,England,England,Persons,18+ yrs,LSOA11 deprivation deciles within area (IMD  trend),Fourth more deprived decile,2015/16,61.99467,61.26438,62.72012,60.84172,63.08406,,17036.0,,,Worse,Not compared,20150000,,,1y
93088,"Overweight (including obesity) prevalence in adults, (using adjusted self-reported height and weight)",,,E92000001,England,England,Persons,18+ yrs,LSOA11 deprivation deciles within area (IMD  trend),Fifth more deprived decile,2015/16,61.41557,60.68749,62.15902,60.28616,62.58943,,17193.0,,,Similar,Not compared,20150000,,,1y
93088,"Overweight (including obesity) prevalence in adults, (using adjusted self-reported height and weight)",,,E92000001,England,England,Persons,18+ yrs,LSOA11 deprivation deciles within area (IMD  trend),Fifth less deprived decile,2015/16,59.76468,59.03295,60.4929,58.61173,60.88513,,17331.0,,,Better,Not compared,20150000,,,1y
93088,"Overweight (including obesity) prevalence in adults, (using adjusted self-reported height and weight)",,,E92000001,England,England,Persons,18+ yrs,LSOA11 deprivation deciles within area (IMD  trend),Fourth less deprived decile,2015/16,58.31585,57.59345,59.05318,57.15264,59.53979,,17469.0,,,Better,Not compared,20150000,,,1y
93088,"Overweight (including obesity) prevalence in adults, (using adjusted self-reported height and weight)",,,E92000001,England,England,Persons,18+ yrs,LSOA11 deprivation deciles within area (IMD  trend),Third less deprived decile,2015/16,59.48222,58.74943,60.20957,58.21688,60.57604,,17464.0,,,Better,Not compared,20150000,,,1y
93088,"Overweight (including obesity) prevalence in adults, (using adjusted self-reported height and weight)",,,E92000001,England,England,Persons,18+ yrs,LSOA11 deprivation deciles within area (IMD  trend),Second least deprived decile,2015/16,58.55165,57.82969,59.27543,57.43282,59.71766,,17638.0,,,Better,Not compared,20150000,,,1y
93088,"Overweight (including obesity) prevalence in adults, (using adjusted self-reported height and weight)",,,E92000001,England,England,Persons,18+ yrs,LSOA11 deprivation deciles within area (IMD  trend),Least deprived decile,2015/16,56.61713,55.89067,57.32246,55.44927,57.69581,,17672.0,,,Better,Not compared,20150000,,,1y
93088,"Overweight (including obesity) prevalence in adults, (using adjusted self-reported height and weight)",,,E92000001,England,England,Persons,18+ yrs,Level of education,No qualification,2015/16,68.95245,68.24456,69.67178,67.8538,70.02545,,16117.0,,,Worse,Not compared,20150000,,,1y
93088,"Overweight (including obesity) prevalence in adults, (using adjusted self-reported height and weight)",,,E92000001,England,England,Persons,18+ yrs,Level of education,Another type of qualification,2015/16,66.0798,65.12103,67.03604,64.55082,67.52018,,9295.0,,,Worse,Not compared,20150000,,,1y
93088,"Overweight (including obesity) prevalence in adults, (using adjusted self-reported height and weight)",,,E92000001,England,England,Persons,18+ yrs,Level of education,Level 1 and below,2015/16,66.32602,64.85233,67.7569,63.87598,68.51357,,4097.0,,,Worse,Not compared,20150000,,,1y
93088,"Overweight (including obesity) prevalence in adults, (using adjusted self-reported height and weight)",,,E92000001,England,England,Persons,18+ yrs,Level of education,Level 2 and equivalent,2015/16,64.92373,64.3614,65.48182,64.09651,65.78968,,27936.0,,,Worse,Not compared,20150000,,,1y
93088,"Overweight (including obesity) prevalence in adults, (using adjusted self-reported height and weight)",,,E92000001,England,England,Persons,18+ yrs,Level of education,Level 3 and equivalent,2015/16,62.58212,61.95606,63.21213,61.58988,63.59108,,23486.0,,,Worse,Not compared,20150000,,,1y
93088,"Overweight (including obesity) prevalence in adults, (using adjusted self-reported height and weight)",,,E92000001,England,England,Persons,18+ yrs,Level of education,Level 4 and above,2015/16,57.34151,57.0044,57.66752,56.79046,57.84597,,84604.0,,,Better,Not compared,20150000,,,1y
93088,"Overweight (including obesity) prevalence in adults, (using adjusted self-reported height and weight)",,,E92000001,England,England,Persons,18+ yrs,Socioeconomic class,"Managerial, administrative and professional occupations",2015/16,52.42405,52.08311,52.75459,51.90593,52.93994,,85784.0,People aged 75 and over are excluded from NS-SeC (National Statistics Socio-economic Classification) economic activity questions in the Active Lives Adult Survey,,Better,Not compared,20150000,,,1y
93088,"Overweight (including obesity) prevalence in adults, (using adjusted self-reported height and weight)",,,E92000001,England,England,Persons,18+ yrs,Socioeconomic class,Intermediate occupations,2015/16,50.72627,49.98547,51.46777,49.53787,51.86305,,17203.0,People aged 75 and over are excluded from NS-SeC (National Statistics Socio-economic Classification) economic activity questions in the Active Lives Adult Survey,,Better,Not compared,20150000,,,1y
93088,"Overweight (including obesity) prevalence in adults, (using adjusted self-reported height and weight)",,,E92000001,England,England,Persons,18+ yrs,Socioeconomic class,Self-employed and small employers,2015/16,56.35497,55.43043,57.27315,54.90925,57.78503,,10745.0,People aged 75 and over are excluded from NS-SeC (National Statistics Socio-economic Classification) economic activity questions in the Active Lives Adult Survey,,Better,Not compared,20150000,,,1y
93088,"Overweight (including obesity) prevalence in adults, (using adjusted self-reported height and weight)",,,E92000001,England,England,Persons,18+ yrs,Socioeconomic class,Lower supervisory and technical occupations,2015/16,61.44242,60.5784,62.32725,60.12625,62.82204,,11722.0,People aged 75 and over are excluded from NS-SeC (National Statistics Socio-economic Classification) economic activity questions in the Active Lives Adult Survey,,Similar,Not compared,20150000,,,1y
93088,"Overweight (including obesity) prevalence in adults, (using adjusted self-reported height and weight)",,,E92000001,England,England,Persons,18+ yrs,Socioeconomic class,Semi-routine and routine occupations,2015/16,56.66856,55.89724,57.44763,55.44237,57.94097,,15609.0,People aged 75 and over are excluded from NS-SeC (National Statistics Socio-economic Classification) economic activity questions in the Active Lives Adult Survey,,Better,Not compared,20150000,,,1y
93088,"Overweight (including obesity) prevalence in adults, (using adjusted self-reported height and weight)",,,E92000001,England,England,Persons,18+ yrs,Socioeconomic class,Long term unemployed or never worked,2015/16,56.91933,55.03903,58.76508,54.11639,59.75873,,2818.0,People aged 75 and over are excluded from NS-SeC (National Statistics Socio-economic Classification) economic activity questions in the Active Lives Adult Survey,,Better,Not compared,20150000,,,1y
93088,"Overweight (including obesity) prevalence in adults, (using adjusted self-reported height and weight)",,,E92000001,England,England,Persons,18+ yrs,Socioeconomic class,Students,2015/16,50.9402,49.28977,52.58523,48.38065,53.49435,,3520.0,People aged 75 and over are excluded from NS-SeC (National Statistics Socio-economic Classification) economic activity questions in the Active Lives Adult Survey,,Better,Not compared,20150000,,,1y
93088,"Overweight (including obesity) prevalence in adults, (using adjusted self-reported height and weight)",,,E92000001,England,England,Persons,18+ yrs,Socioeconomic class,Other/unclassified,2015/16,55.24549,53.93136,56.56437,53.22313,57.30888,,5507.0,People aged 75 and over are excluded from NS-SeC (National Statistics Socio-economic Classification) economic activity questions in the Active Lives Adult Survey,,Better,Not compared,20150000,,,1y
93088,"Overweight (including obesity) prevalence in adults, (using adjusted self-reported height and weight)",,,E92000001,England,England,Persons,18-24 yrs,,,2015/16,33.459,32.37545,34.52397,31.79797,35.15514,,7447.0,,,Not compared,Not compared,20150000,,,1y
93088,"Overweight (including obesity) prevalence in adults, (using adjusted self-reported height and weight)",E92000001,England,E92000001,England,England,Male,18+ yrs,,,2015/16,67.53949,67.21113,67.86226,67.01801,68.06309,,78176.0,,,Similar,Not compared,20150000,,,1y
93088,"Overweight (including obesity) prevalence in adults, (using adjusted self-reported height and weight)",E92000001,England,E92000001,England,England,Female,18+ yrs,,,2015/16,54.80153,54.47626,55.12123,54.29384,55.30582,,92097.0,,,Similar,Not compared,20150000,,,1y
93088,"Overweight (including obesity) prevalence in adults, (using adjusted self-reported height and weight)",E92000001,England,E92000001,England,England,Persons,85+ yrs,,,2015/16,64.14667,62.4924,65.80547,61.64131,66.74775,,3290.0,,,Similar,Not compared,20150000,,,1y
93088,"Overweight (including obesity) prevalence in adults, (using adjusted self-reported height and weight)",E92000001,England,E92000001,England,England,Persons,25-34 yrs,,,2015/16,49.67861,48.99345,50.38179,48.5918,50.7388,,20168.0,,,Similar,Not compared,20150000,,,1y
93088,"Overweight (including obesity) prevalence in adults, (using adjusted self-reported height and weight)",E92000001,England,E92000001,England,England,Persons,35-44 yrs,,,2015/16,59.43001,58.83266,60.02508,58.47305,60.32781,,26419.0,,,Similar,Not compared,20150000,,,1y
93088,"Overweight (including obesity) prevalence in adults, (using adjusted self-reported height and weight)",E92000001,England,E92000001,England,England,Persons,45-54 yrs,,,2015/16,67.12801,66.59606,67.64852,66.30148,67.99934,,30215.0,,,Similar,Not compared,20150000,,,1y
93088,"Overweight (including obesity) prevalence in adults, (using adjusted self-reported height and weight)",E92000001,England,E92000001,England,England,Persons,55-64 yrs,,,2015/16,71.22063,70.73885,71.69977,70.47225,71.9986,,34134.0,,,Similar,Not compared,20150000,,,1y
93088,"Overweight (including obesity) prevalence in adults, (using adjusted self-reported height and weight)",E92000001,England,E92000001,England,England,Persons,65-74 yrs,,,2015/16,72.7598,72.28675,73.23686,72.01448,73.52354,,34525.0,,,Similar,Not compared,20150000,,,1y
93088,"Overweight (including obesity) prevalence in adults, (using adjusted self-reported height and weight)",E92000001,England,E92000001,England,England,Persons,75-84 yrs,,,2015/16,72.15352,71.42451,72.90231,71.02662,73.34992,,14075.0,,,Similar,Not compared,20150000,,,1y
93088,"Overweight (including obesity) prevalence in adults, (using adjusted self-reported height and weight)",E92000001,England,E92000001,England,England,Persons,18+ yrs,,,2015/16,61.24163,61.00672,61.4707,60.86696,61.5723,,170273.0,,,Similar,Not compared,20150000,,,1y
93088,"Overweight (including obesity) prevalence in adults, (using adjusted self-reported height and weight)",E92000001,England,E92000001,England,England,Persons,18+ yrs,Working status,Inactive,2015/16,62.85734,62.47916,63.22775,62.26213,63.44321,,63586.0,,,Worse,Not compared,20150000,,,1y
93088,"Overweight (including obesity) prevalence in adults, (using adjusted self-reported height and weight)",E92000001,England,E92000001,England,England,Persons,18+ yrs,Working status,Unemployed,2015/16,63.69186,62.19839,65.14745,61.34536,65.92737,,4103.0,,,Worse,Not compared,20150000,,,1y
93088,"Overweight (including obesity) prevalence in adults, (using adjusted self-reported height and weight)",E92000001,England,E92000001,England,England,Persons,18+ yrs,Working status,Working,2015/16,61.72729,61.4147,62.03723,61.21914,62.22514,,92048.0,,,Worse,Not compared,20150000,,,1y
93088,"Overweight (including obesity) prevalence in adults, (using adjusted self-reported height and weight)",E92000001,England,E92000001,England,England,Persons,18+ yrs,Disability,Disabled,2015/16,70.35942,69.82253,70.89953,69.50763,71.20009,,27948.0,,,Worse,Not compared,20150000,,,1y
93088,"Overweight (including obesity) prevalence in adults, (using adjusted self-reported height and weight)",E92000001,England,E92000001,England,England,Persons,18+ yrs,Disability,Not disabled,2015/16,59.42143,59.1641,59.67699,59.01991,59.81375,,134541.0,,,Better,Not compared,20150000,,,1y
93088,"Overweight (including obesity) prevalence in adults, (using adjusted self-reported height and weight)",E92000001,England,E92000001,England,England,Persons,18+ yrs,Ethnic groups,White British,2015/16,61.99099,61.74142,62.24322,61.60524,62.36578,,146869.0,,,Worse,Not compared,20150000,,,1y
93088,"Overweight (including obesity) prevalence in adults, (using adjusted self-reported height and weight)",E92000001,England,E92000001,England,England,Persons,18+ yrs,Ethnic groups,White Other,2015/16,56.98898,55.93496,58.03717,55.24971,58.62952,,8610.0,,,Better,Not compared,20150000,,,1y
93088,"Overweight (including obesity) prevalence in adults, (using adjusted self-reported height and weight)",E92000001,England,E92000001,England,England,Persons,18+ yrs,Ethnic groups,Asian,2015/16,57.63872,56.39747,58.90661,55.7494,59.67099,,6018.0,,,Better,Not compared,20150000,,,1y
93088,"Overweight (including obesity) prevalence in adults, (using adjusted self-reported height and weight)",E92000001,England,E92000001,England,England,Persons,18+ yrs,Ethnic groups,Black,2015/16,73.51196,71.52152,75.42543,70.42037,76.42643,,1998.0,,,Worse,Not compared,20150000,,,1y
93088,"Overweight (including obesity) prevalence in adults, (using adjusted self-reported height and weight)",E92000001,England,E92000001,England,England,Persons,18+ yrs,Ethnic groups,Chinese,2015/16,36.41158,33.25554,39.67328,31.38845,41.42357,,857.0,,,Better,Not compared,20150000,,,1y
93088,"Overweight (including obesity) prevalence in adults, (using adjusted self-reported height and weight)",E92000001,England,E92000001,England,England,Persons,18+ yrs,Ethnic groups,Mixed,2015/16,53.75141,51.20994,56.24591,49.83649,57.68476,,1529.0,,,Better,Not compared,20150000,,,1y
93088,"Overweight (including obesity) prevalence in adults, (using adjusted self-reported height and weight)",E92000001,England,E92000001,England,England,Persons,18+ yrs,Ethnic groups,Other,2015/16,58.45059,55.66751,61.20907,53.82032,62.97229,,1191.0,,,Better,Not compared,20150000,,,1y
93088,"Overweight (including obesity) prevalence in adults, (using adjusted self-reported height and weight)",E92000001,England,E92000001,England,England,Persons,18+ yrs,LSOA11 deprivation deciles within area (IMD  trend),Most deprived decile,2015/16,67.34482,66.6001,68.06896,66.14918,68.5455,,15524.0,,,Worse,Not compared,20150000,,,1y
93088,"Overweight (including obesity) prevalence in adults, (using adjusted self-reported height and weight)",E92000001,England,E92000001,England,England,Persons,18+ yrs,LSOA11 deprivation deciles within area (IMD  trend),Second most deprived decile,2015/16,63.65104,62.9201,64.38695,62.49301,64.7645,,16157.0,,,Worse,Not compared,20150000,,,1y
93088,"Overweight (including obesity) prevalence in adults, (using adjusted self-reported height and weight)",E92000001,England,E92000001,England,England,Persons,18+ yrs,LSOA11 deprivation deciles within area (IMD  trend),Third more deprived decile,2015/16,63.36514,62.63776,64.09126,62.24459,64.51422,,16787.0,,,Worse,Not compared,20150000,,,1y
93088,"Overweight (including obesity) prevalence in adults, (using adjusted self-reported height and weight)",E92000001,England,E92000001,England,England,Persons,18+ yrs,LSOA11 deprivation deciles within area (IMD  trend),Fourth more deprived decile,2015/16,61.99467,61.26438,62.72012,60.84172,63.08406,,17036.0,,,Worse,Not compared,20150000,,,1y
93088,"Overweight (including obesity) prevalence in adults, (using adjusted self-reported height and weight)",E92000001,England,E92000001,England,England,Persons,18+ yrs,LSOA11 deprivation deciles within area (IMD  trend),Fifth more deprived decile,2015/16,61.41557,60.68749,62.15902,60.28616,62.58943,,17193.0,,,Similar,Not compared,20150000,,,1y
93088,"Overweight (including obesity) prevalence in adults, (using adjusted self-reported height and weight)",E92000001,England,E92000001,England,England,Persons,18+ yrs,LSOA11 deprivation deciles within area (IMD  trend),Fifth less deprived decile,2015/16,59.76468,59.03295,60.4929,58.61173,60.88513,,17331.0,,,Better,Not compared,20150000,,,1y
93088,"Overweight (including obesity) prevalence in adults, (using adjusted self-reported height and weight)",E92000001,England,E92000001,England,England,Persons,18+ yrs,LSOA11 deprivation deciles within area (IMD  trend),Fourth less deprived decile,2015/16,58.31585,57.59345,59.05318,57.15264,59.53979,,17469.0,,,Better,Not compared,20150000,,,1y
93088,"Overweight (including obesity) prevalence in adults, (using adjusted self-reported height and weight)",E92000001,England,E92000001,England,England,Persons,18+ yrs,LSOA11 deprivation deciles within area (IMD  trend),Third less deprived decile,2015/16,59.48222,58.74943,60.20957,58.21688,60.57604,,17464.0,,,Better,Not compared,20150000,,,1y
93088,"Overweight (including obesity) prevalence in adults, (using adjusted self-reported height and weight)",E92000001,England,E92000001,England,England,Persons,18+ yrs,LSOA11 deprivation deciles within area (IMD  trend),Second least deprived decile,2015/16,58.55165,57.82969,59.27543,57.43282,59.71766,,17638.0,,,Better,Not compared,20150000,,,1y
93088,"Overweight (including obesity) prevalence in adults, (using adjusted self-reported height and weight)",E92000001,England,E92000001,England,England,Persons,18+ yrs,LSOA11 deprivation deciles within area (IMD  trend),Least deprived decile,2015/16,56.61713,55.89067,57.32246,55.44927,57.69581,,17672.0,,,Better,Not compared,20150000,,,1y
93088,"Overweight (including obesity) prevalence in adults, (using adjusted self-reported height and weight)",E92000001,England,E92000001,England,England,Persons,18+ yrs,Level of education,No qualification,2015/16,68.95245,68.24456,69.67178,67.8538,70.02545,,16117.0,,,Worse,Not compared,20150000,,,1y
93088,"Overweight (including obesity) prevalence in adults, (using adjusted self-reported height and weight)",E92000001,England,E92000001,England,England,Persons,18+ yrs,Level of education,Another type of qualification,2015/16,66.0798,65.12103,67.03604,64.55082,67.52018,,9295.0,,,Worse,Not compared,20150000,,,1y
93088,"Overweight (including obesity) prevalence in adults, (using adjusted self-reported height and weight)",E92000001,England,E92000001,England,England,Persons,18+ yrs,Level of education,Level 1 and below,2015/16,66.32602,64.85233,67.7569,63.87598,68.51357,,4097.0,,,Worse,Not compared,20150000,,,1y
93088,"Overweight (including obesity) prevalence in adults, (using adjusted self-reported height and weight)",E92000001,England,E92000001,England,England,Persons,18+ yrs,Level of education,Level 2 and equivalent,2015/16,64.92373,64.3614,65.48182,64.09651,65.78968,,27936.0,,,Worse,Not compared,20150000,,,1y
93088,"Overweight (including obesity) prevalence in adults, (using adjusted self-reported height and weight)",E92000001,England,E92000001,England,England,Persons,18+ yrs,Level of education,Level 3 and equivalent,2015/16,62.58212,61.95606,63.21213,61.58988,63.59108,,23486.0,,,Worse,Not compared,20150000,,,1y
93088,"Overweight (including obesity) prevalence in adults, (using adjusted self-reported height and weight)",E92000001,England,E92000001,England,England,Persons,18+ yrs,Level of education,Level 4 and above,2015/16,57.34151,57.0044,57.66752,56.79046,57.84597,,84604.0,,,Better,Not compared,20150000,,,1y
93088,"Overweight (including obesity) prevalence in adults, (using adjusted self-reported height and weight)",E92000001,England,E92000001,England,England,Persons,18+ yrs,Socioeconomic class,"Managerial, administrative and professional occupations",2015/16,52.42405,52.08311,52.75459,51.90593,52.93994,,85784.0,People aged 75 and over are excluded from NS-SeC (National Statistics Socio-economic Classification) economic activity questions in the Active Lives Adult Survey,,Better,Not compared,20150000,,,1y
93088,"Overweight (including obesity) prevalence in adults, (using adjusted self-reported height and weight)",E92000001,England,E92000001,England,England,Persons,18+ yrs,Socioeconomic class,Intermediate occupations,2015/16,50.72627,49.98547,51.46777,49.53787,51.86305,,17203.0,People aged 75 and over are excluded from NS-SeC (National Statistics Socio-economic Classification) economic activity questions in the Active Lives Adult Survey,,Better,Not compared,20150000,,,1y
93088,"Overweight (including obesity) prevalence in adults, (using adjusted self-reported height and weight)",E92000001,England,E92000001,England,England,Persons,18+ yrs,Socioeconomic class,Self-employed and small employers,2015/16,56.35497,55.43043,57.27315,54.90925,57.78503,,10745.0,People aged 75 and over are excluded from NS-SeC (National Statistics Socio-economic Classification) economic activity questions in the Active Lives Adult Survey,,Better,Not compared,20150000,,,1y
93088,"Overweight (including obesity) prevalence in adults, (using adjusted self-reported height and weight)",E92000001,England,E92000001,England,England,Persons,18+ yrs,Socioeconomic class,Lower supervisory and technical occupations,2015/16,61.44242,60.5784,62.32725,60.12625,62.82204,,11722.0,People aged 75 and over are excluded from NS-SeC (National Statistics Socio-economic Classification) economic activity questions in the Active Lives Adult Survey,,Similar,Not compared,20150000,,,1y
93088,"Overweight (including obesity) prevalence in adults, (using adjusted self-reported height and weight)",E92000001,England,E92000001,England,England,Persons,18+ yrs,Socioeconomic class,Semi-routine and routine occupations,2015/16,56.66856,55.89724,57.44763,55.44237,57.94097,,15609.0,People aged 75 and over are excluded from NS-SeC (National Statistics Socio-economic Classification) economic activity questions in the Active Lives Adult Survey,,Better,Not compared,20150000,,,1y
93088,"Overweight (including obesity) prevalence in adults, (using adjusted self-reported height and weight)",E92000001,England,E92000001,England,England,Persons,18+ yrs,Socioeconomic class,Long term unemployed or never worked,2015/16,56.91933,55.03903,58.76508,54.11639,59.75873,,2818.0,People aged 75 and over are excluded from NS-SeC (National Statistics Socio-economic Classification) economic activity questions in the Active Lives Adult Survey,,Better,Not compared,20150000,,,1y
93088,"Overweight (including obesity) prevalence in adults, (using adjusted self-reported height and weight)",E92000001,England,E92000001,England,England,Persons,18+ yrs,Socioeconomic class,Students,2015/16,50.9402,49.28977,52.58523,48.38065,53.49435,,3520.0,People aged 75 and over are excluded from NS-SeC (National Statistics Socio-economic Classification) economic activity questions in the Active Lives Adult Survey,,Better,Not compared,20150000,,,1y
93088,"Overweight (including obesity) prevalence in adults, (using adjusted self-reported height and weight)",E92000001,England,E92000001,England,England,Persons,18+ yrs,Socioeconomic class,Other/unclassified,2015/16,55.24549,53.93136,56.56437,53.22313,57.30888,,5507.0,People aged 75 and over are excluded from NS-SeC (National Statistics Socio-economic Classification) economic activity questions in the Active Lives Adult Survey,,Better,Not compared,20150000,,,1y
93088,"Overweight (including obesity) prevalence in adults, (using adjusted self-reported height and weight)",E92000001,England,E92000001,England,England,Persons,18-24 yrs,,,2015/16,33.459,32.37545,34.52397,31.79797,35.15514,,7447.0,,,Similar,Not compared,20150000,,,1y
93088,"Overweight (including obesity) prevalence in adults, (using adjusted self-reported height and weight)",E92000001,England,E06000001,Hartlepool,Counties & UAs (from Apr 2023),Persons,18+ yrs,,,2015/16,67.23289,62.58993,71.70264,60.19185,74.10072,,417.0,,,Worse,Not compared,20150000,,,1y
93088,"Overweight (including obesity) prevalence in adults, (using adjusted self-reported height and weight)",E92000001,England,E06000002,Middlesbrough,Counties & UAs (from Apr 2023),Persons,18+ yrs,,,2015/16,67.143,62.2549,71.56863,59.55882,74.26471,,408.0,,,Worse,Not compared,20150000,,,1y
93088,"Overweight (including obesity) prevalence in adults, (using adjusted self-reported height and weight)",E92000001,England,E06000003,Redcar and Cleveland,Counties & UAs (from Apr 2023),Persons,18+ yrs,,,2015/16,66.52832,61.93694,70.94595,59.45946,73.19842,,444.0,,,Worse,Not compared,20150000,,,1y
93088,"Overweight (including obesity) prevalence in adults, (using adjusted self-reported height and weight)",E92000001,England,E06000004,Stockton-on-Tees,Counties & UAs (from Apr 2023),Persons,18+ yrs,,,2015/16,65.78902,61.24402,70.33493,58.61244,72.72727,,418.0,,,Worse,Not compared,20150000,,,1y
93088,"Overweight (including obesity) prevalence in adults, (using adjusted self-reported height and weight)",E92000001,England,E06000005,Darlington,Counties & UAs (from Apr 2023),Persons,18+ yrs,,,2015/16,70.27824,65.89862,74.42396,63.59447,76.49793,,434.0,,,Worse,Not compared,20150000,,,1y
93088,"Overweight (including obesity) prevalence in adults, (using adjusted self-reported height and weight)",E92000001,England,E06000006,Halton,Counties & UAs (from Apr 2023),Persons,18+ yrs,,,2015/16,68.97816,64.45498,73.45972,62.08531,76.06635,,422.0,,,Worse,Not compared,20150000,,,1y
93088,"Overweight (including obesity) prevalence in adults, (using adjusted self-reported height and weight)",E92000001,England,E06000007,Warrington,Counties & UAs (from Apr 2023),Persons,18+ yrs,,,2015/16,65.19919,61.93248,68.45169,60.18615,70.31432,,859.0,,,Worse,Not compared,20150000,,,1y
93088,"Overweight (including obesity) prevalence in adults, (using adjusted self-reported height and weight)",E92000001,England,E06000008,Blackburn with Darwen,Counties & UAs (from Apr 2023),Persons,18+ yrs,,,2015/16,61.05837,56.32458,65.63246,53.69928,68.25776,,419.0,,,Similar,Not compared,20150000,,,1y
93088,"Overweight (including obesity) prevalence in adults, (using adjusted self-reported height and weight)",E92000001,England,E06000009,Blackpool,Counties & UAs (from Apr 2023),Persons,18+ yrs,,,2015/16,67.89417,63.37349,72.28916,61.20482,74.6988,,415.0,,,Worse,Not compared,20150000,,,1y
93088,"Overweight (including obesity) prevalence in adults, (using adjusted self-reported height and weight)",E92000001,England,E06000010,Kingston upon Hull,Counties & UAs (from Apr 2023),Persons,18+ yrs,,,2015/16,66.46088,61.98157,70.73733,59.21636,73.27189,,434.0,,,Worse,Not compared,20150000,,,1y
93088,"Overweight (including obesity) prevalence in adults, (using adjusted self-reported height and weight)",E92000001,England,E06000011,East Riding of Yorkshire,Counties & UAs (from Apr 2023),Persons,18+ yrs,,,2015/16,66.51759,62.21719,70.81448,59.50226,73.07692,,442.0,,,Worse,Not compared,20150000,,,1y
93088,"Overweight (including obesity) prevalence in adults, (using adjusted self-reported height and weight)",E92000001,England,E06000012,North East Lincolnshire,Counties & UAs (from Apr 2023),Persons,18+ yrs,,,2015/16,63.67728,59.08046,68.04598,56.09195,70.8046,,435.0,,,Similar,Not compared,20150000,,,1y
93088,"Overweight (including obesity) prevalence in adults, (using adjusted self-reported height and weight)",E92000001,England,E06000013,North Lincolnshire,Counties & UAs (from Apr 2023),Persons,18+ yrs,,,2015/16,64.72062,60.27714,69.05312,57.96744,71.36282,,433.0,,,Similar,Not compared,20150000,,,1y
93088,"Overweight (including obesity) prevalence in adults, (using adjusted self-reported height and weight)",E92000001,England,E06000014,York,Counties & UAs (from Apr 2023),Persons,18+ yrs,,,2015/16,59.29457,54.52489,63.8009,51.80995,66.28959,,442.0,,,Similar,Not compared,20150000,,,1y
93088,"Overweight (including obesity) prevalence in adults, (using adjusted self-reported height and weight)",E92000001,England,E06000015,Derby,Counties & UAs (from Apr 2023),Persons,18+ yrs,,,2015/16,64.42283,61.23147,67.61688,59.63501,69.32748,,877.0,,,Similar,Not compared,20150000,,,1y
93088,"Overweight (including obesity) prevalence in adults, (using adjusted self-reported height and weight)",E92000001,England,E06000016,Leicester,Counties & UAs (from Apr 2023),Persons,18+ yrs,,,2015/16,60.99953,57.38786,64.51187,55.5409,66.4909,,758.0,,,Similar,Not compared,20150000,,,1y
93088,"Overweight (including obesity) prevalence in adults, (using adjusted self-reported height and weight)",E92000001,England,E06000017,Rutland,Counties & UAs (from Apr 2023),Persons,18+ yrs,,,2015/16,58.17308,53.70787,62.69663,51.01101,65.16876,,445.0,,,Similar,Not compared,20150000,,,1y
93088,"Overweight (including obesity) prevalence in adults, (using adjusted self-reported height and weight)",E92000001,England,E06000018,Nottingham,Counties & UAs (from Apr 2023),Persons,18+ yrs,,,2015/16,62.14102,59.77928,64.50031,58.30779,65.78792,,1631.0,,,Similar,Not compared,20150000,,,1y
93088,"Overweight (including obesity) prevalence in adults, (using adjusted self-reported height and weight)",E92000001,England,E06000019,Herefordshire,Counties & UAs (from Apr 2023),Persons,18+ yrs,,,2015/16,61.55543,56.83453,66.18705,54.43645,68.82494,,417.0,,,Similar,Not compared,20150000,,,1y
93088,"Overweight (including obesity) prevalence in adults, (using adjusted self-reported height and weight)",E92000001,England,E06000020,Telford and Wrekin,Counties & UAs (from Apr 2023),Persons,18+ yrs,,,2015/16,66.5928,62.05251,71.12172,59.42697,73.26969,,419.0,,,Worse,Not compared,20150000,,,1y
93088,"Overweight (including obesity) prevalence in adults, (using adjusted self-reported height and weight)",E92000001,England,E06000021,Stoke-on-Trent,Counties & UAs (from Apr 2023),Persons,18+ yrs,,,2015/16,67.23286,64.10564,70.34814,62.3048,72.26891,,833.0,,,Worse,Not compared,20150000,,,1y
93088,"Overweight (including obesity) prevalence in adults, (using adjusted self-reported height and weight)",E92000001,England,E06000022,Bath and North East Somerset,Counties & UAs (from Apr 2023),Persons,18+ yrs,,,2015/16,57.43099,54.14692,60.66351,52.36967,62.32263,,844.0,,,Better,Not compared,20150000,,,1y
93088,"Overweight (including obesity) prevalence in adults, (using adjusted self-reported height and weight)",E92000001,England,E06000023,Bristol,Counties & UAs (from Apr 2023),Persons,18+ yrs,,,2015/16,56.54063,54.19026,58.7769,52.88788,60.02271,,1766.0,,,Better,Not compared,20150000,,,1y
93088,"Overweight (including obesity) prevalence in adults, (using adjusted self-reported height and weight)",E92000001,England,E06000024,North Somerset,Counties & UAs (from Apr 2023),Persons,18+ yrs,,,2015/16,65.73733,61.20092,70.20785,58.19861,72.97921,,433.0,,,Similar,Not compared,20150000,,,1y
93088,"Overweight (including obesity) prevalence in adults, (using adjusted self-reported height and weight)",E92000001,England,E06000025,South Gloucestershire,Counties & UAs (from Apr 2023),Persons,18+ yrs,,,2015/16,64.60417,61.42365,67.73823,59.931,69.34569,,871.0,,,Worse,Not compared,20150000,,,1y
93088,"Overweight (including obesity) prevalence in adults, (using adjusted self-reported height and weight)",E92000001,England,E06000026,Plymouth,Counties & UAs (from Apr 2023),Persons,18+ yrs,,,2015/16,66.11374,62.94185,69.21323,61.3455,70.92372,,877.0,,,Worse,Not compared,20150000,,,1y
93088,"Overweight (including obesity) prevalence in adults, (using adjusted self-reported height and weight)",E92000001,England,E06000027,Torbay,Counties & UAs (from Apr 2023),Persons,18+ yrs,,,2015/16,60.99968,56.43341,65.46275,54.40181,67.94582,,443.0,,,Similar,Not compared,20150000,,,1y
93088,"Overweight (including obesity) prevalence in adults, (using adjusted self-reported height and weight)",E92000001,England,E06000030,Swindon,Counties & UAs (from Apr 2023),Persons,18+ yrs,,,2015/16,68.90286,65.77416,71.94412,64.02782,73.45763,,859.0,,,Worse,Not compared,20150000,,,1y
93088,"Overweight (including obesity) prevalence in adults, (using adjusted self-reported height and weight)",E92000001,England,E06000031,Peterborough,Counties & UAs (from Apr 2023),Persons,18+ yrs,,,2015/16,62.15568,58.87743,65.2921,57.15911,67.01031,,873.0,,,Similar,Not compared,20150000,,,1y
93088,"Overweight (including obesity) prevalence in adults, (using adjusted self-reported height and weight)",E92000001,England,E06000032,Luton,Counties & UAs (from Apr 2023),Persons,18+ yrs,,,2015/16,64.98568,61.65414,68.29574,59.52381,70.05013,,798.0,,,Worse,Not compared,20150000,,,1y
93088,"Overweight (including obesity) prevalence in adults, (using adjusted self-reported height and weight)",E92000001,England,E06000033,Southend-on-Sea,Counties & UAs (from Apr 2023),Persons,18+ yrs,,,2015/16,57.82968,54.51348,61.07855,52.40328,63.18875,,853.0,,,Better,Not compared,20150000,,,1y
93088,"Overweight (including obesity) prevalence in adults, (using adjusted self-reported height and weight)",E92000001,England,E06000034,Thurrock,Counties & UAs (from Apr 2023),Persons,18+ yrs,,,2015/16,66.32417,63.06197,69.50182,61.36075,71.20292,,823.0,,,Worse,Not compared,20150000,,,1y
93088,"Overweight (including obesity) prevalence in adults, (using adjusted self-reported height and weight)",E92000001,England,E06000035,Medway,Counties & UAs (from Apr 2023),Persons,18+ yrs,,,2015/16,66.53417,61.83575,71.01449,58.9372,73.67174,,414.0,,,Worse,Not compared,20150000,,,1y
93088,"Overweight (including obesity) prevalence in adults, (using adjusted self-reported height and weight)",E92000001,England,E06000036,Bracknell Forest,Counties & UAs (from Apr 2023),Persons,18+ yrs,,,2015/16,58.65572,53.90071,63.35697,51.06383,65.95768,,423.0,,,Similar,Not compared,20150000,,,1y
93088,"Overweight (including obesity) prevalence in adults, (using adjusted self-reported height and weight)",E92000001,England,E06000037,West Berkshire,Counties & UAs (from Apr 2023),Persons,18+ yrs,,,2015/16,58.99661,54.52539,63.57616,51.87638,66.22517,,453.0,,,Similar,Not compared,20150000,,,1y
93088,"Overweight (including obesity) prevalence in adults, (using adjusted self-reported height and weight)",E92000001,England,E06000038,Reading,Counties & UAs (from Apr 2023),Persons,18+ yrs,,,2015/16,56.43835,53.03398,59.8301,50.97087,61.65049,,824.0,,,Better,Not compared,20150000,,,1y
93088,"Overweight (including obesity) prevalence in adults, (using adjusted self-reported height and weight)",E92000001,England,E06000039,Slough,Counties & UAs (from Apr 2023),Persons,18+ yrs,,,2015/16,65.3304,62.00257,68.67779,60.07702,70.3466,,779.0,,,Worse,Not compared,20150000,,,1y
93088,"Overweight (including obesity) prevalence in adults, (using adjusted self-reported height and weight)",E92000001,England,E06000040,Windsor and Maidenhead,Counties & UAs (from Apr 2023),Persons,18+ yrs,,,2015/16,53.07842,48.3945,57.79817,45.6422,60.32133,,436.0,,,Better,Not compared,20150000,,,1y
93088,"Overweight (including obesity) prevalence in adults, (using adjusted self-reported height and weight)",E92000001,England,E06000041,Wokingham,Counties & UAs (from Apr 2023),Persons,18+ yrs,,,2015/16,50.2294,45.59819,54.85327,42.88939,57.56208,,443.0,,,Better,Not compared,20150000,,,1y
93088,"Overweight (including obesity) prevalence in adults, (using adjusted self-reported height and weight)",E92000001,England,E06000042,Milton Keynes,Counties & UAs (from Apr 2023),Persons,18+ yrs,,,2015/16,62.16932,59.00116,65.38908,57.02671,67.13136,,861.0,,,Similar,Not compared,20150000,,,1y
93088,"Overweight (including obesity) prevalence in adults, (using adjusted self-reported height and weight)",E92000001,England,E06000043,Brighton and Hove,Counties & UAs (from Apr 2023),Persons,18+ yrs,,,2015/16,51.12719,46.38009,55.65611,43.43891,58.37104,,442.0,,,Better,Not compared,20150000,,,1y
93088,"Overweight (including obesity) prevalence in adults, (using adjusted self-reported height and weight)",E92000001,England,E06000044,Portsmouth,Counties & UAs (from Apr 2023),Persons,18+ yrs,,,2015/16,66.90433,63.72093,70.0,61.86047,71.86058,,860.0,,,Worse,Not compared,20150000,,,1y
93088,"Overweight (including obesity) prevalence in adults, (using adjusted self-reported height and weight)",E92000001,England,E06000045,Southampton,Counties & UAs (from Apr 2023),Persons,18+ yrs,,,2015/16,61.03627,57.66944,64.32818,55.76683,65.99287,,841.0,,,Similar,Not compared,20150000,,,1y
93088,"Overweight (including obesity) prevalence in adults, (using adjusted self-reported height and weight)",E92000001,England,E06000046,Isle of Wight,Counties & UAs (from Apr 2023),Persons,18+ yrs,,,2015/16,66.9407,62.35566,71.36259,59.81524,73.903,,433.0,,,Worse,Not compared,20150000,,,1y
93088,"Overweight (including obesity) prevalence in adults, (using adjusted self-reported height and weight)",E92000001,England,E06000047,County Durham,Counties & UAs (from Apr 2023),Persons,18+ yrs,,,2015/16,67.98171,64.88457,71.08141,62.81896,72.7825,,823.0,,,Worse,Not compared,20150000,,,1y
93088,"Overweight (including obesity) prevalence in adults, (using adjusted self-reported height and weight)",E92000001,England,E06000049,Cheshire East,Counties & UAs (from Apr 2023),Persons,18+ yrs,,,2015/16,59.09205,54.6875,63.61607,52.00893,66.29464,,448.0,,,Similar,Not compared,20150000,,,1y
93088,"Overweight (including obesity) prevalence in adults, (using adjusted self-reported height and weight)",E92000001,England,E06000050,Cheshire West and Chester,Counties & UAs (from Apr 2023),Persons,18+ yrs,,,2015/16,59.78761,56.52174,62.87625,54.73802,64.54861,,897.0,,,Similar,Not compared,20150000,,,1y
93088,"Overweight (including obesity) prevalence in adults, (using adjusted self-reported height and weight)",E92000001,England,E06000051,Shropshire,Counties & UAs (from Apr 2023),Persons,18+ yrs,,,2015/16,59.41011,54.86726,63.93805,52.43363,66.37168,,452.0,,,Similar,Not compared,20150000,,,1y
93088,"Overweight (including obesity) prevalence in adults, (using adjusted self-reported height and weight)",E92000001,England,E06000052,Cornwall,Counties & UAs (from Apr 2023),Persons,18+ yrs,,,2015/16,60.29681,57.17464,63.40378,55.28365,65.40601,,899.0,,,Similar,Not compared,20150000,,,1y
93088,"Overweight (including obesity) prevalence in adults, (using adjusted self-reported height and weight)",E92000001,England,E06000053,Isles of Scilly,Counties & UAs (from Apr 2023),Persons,18+ yrs,,,2015/16,58.021,51.36364,64.54545,47.72727,68.63636,,220.0,,,Similar,Not compared,20150000,,,1y
93088,"Overweight (including obesity) prevalence in adults, (using adjusted self-reported height and weight)",E92000001,England,E06000054,Wiltshire,Counties & UAs (from Apr 2023),Persons,18+ yrs,,,2015/16,61.8782,57.40319,66.51481,54.89727,68.79271,,439.0,,,Similar,Not compared,20150000,,,1y
93088,"Overweight (including obesity) prevalence in adults, (using adjusted self-reported height and weight)",E92000001,England,E06000055,Bedford,Counties & UAs (from Apr 2023),Persons,18+ yrs,,,2015/16,57.74376,53.06604,62.26415,50.23585,65.09434,,424.0,,,Similar,Not compared,20150000,,,1y
93088,"Overweight (including obesity) prevalence in adults, (using adjusted self-reported height and weight)",E92000001,England,E06000056,Central Bedfordshire,Counties & UAs (from Apr 2023),Persons,18+ yrs,,,2015/16,59.19841,54.6875,63.61607,52.23214,66.07143,,448.0,,,Similar,Not compared,20150000,,,1y
93088,"Overweight (including obesity) prevalence in adults, (using adjusted self-reported height and weight)",E92000001,England,E06000057,Northumberland,Counties & UAs (from Apr 2023),Persons,18+ yrs,,,2015/16,62.62372,59.27655,65.81097,57.29288,67.67795,,857.0,,,Similar,Not compared,20150000,,,1y
93088,"Overweight (including obesity) prevalence in adults, (using adjusted self-reported height and weight)",E92000001,England,E06000058,"Bournemouth, Christchurch and Poole",Counties & UAs (from Apr 2023),Persons,18+ yrs,,,2015/16,61.32159,58.66966,63.97608,57.17481,65.54567,,1338.0,,,Similar,Not compared,20150000,,,1y
93088,"Overweight (including obesity) prevalence in adults, (using adjusted self-reported height and weight)",E92000001,England,E06000059,Dorset,Counties & UAs (from Apr 2023),Persons,18+ yrs,,,2015/16,59.44766,57.42049,61.43993,56.13953,62.54421,,2264.0,,,Similar,Not compared,20150000,,,1y
93088,"Overweight (including obesity) prevalence in adults, (using adjusted self-reported height and weight)",E92000001,England,E06000060,Buckinghamshire UA,Counties & UAs (from Apr 2023),Persons,18+ yrs,,,2015/16,59.90456,57.64368,62.24138,56.26437,63.3908,,1740.0,,,Similar,Not compared,20150000,,,1y
93088,"Overweight (including obesity) prevalence in adults, (using adjusted self-reported height and weight)",E92000001,England,E06000061,North Northamptonshire,Counties & UAs (from Apr 2023),Persons,18+ yrs,,,2015/16,64.42138,62.16853,66.64702,61.04885,67.82557,,1697.0,,,Worse,Not compared,20150000,,,1y
93088,"Overweight (including obesity) prevalence in adults, (using adjusted self-reported height and weight)",E92000001,England,E06000062,West Northamptonshire,Counties & UAs (from Apr 2023),Persons,18+ yrs,,,2015/16,63.53376,60.91411,66.19385,59.41671,67.6911,,1269.0,,,Similar,Not compared,20150000,,,1y
93088,"Overweight (including obesity) prevalence in adults, (using adjusted self-reported height and weight)",E92000001,England,E06000063,Cumberland,Counties & UAs (from Apr 2023),Persons,18+ yrs,,,2015/16,60.76886,58.07692,63.38462,56.61531,65.0,,1300.0,,,Similar,Not compared,20150000,,,1y
93088,"Overweight (including obesity) prevalence in adults, (using adjusted self-reported height and weight)",E92000001,England,E06000064,Westmorland and Furness,Counties & UAs (from Apr 2023),Persons,18+ yrs,,,2015/16,58.33018,55.67164,60.89739,54.02978,62.16418,,1340.0,,,Better,Not compared,20150000,,,1y
93088,"Overweight (including obesity) prevalence in adults, (using adjusted self-reported height and weight)",E92000001,England,E06000065,North Yorkshire UA,Counties & UAs (from Apr 2023),Persons,18+ yrs,,,2015/16,61.16375,59.44984,62.8479,58.51129,63.75408,,3090.0,,,Similar,Not compared,20150000,,,1y
93088,"Overweight (including obesity) prevalence in adults, (using adjusted self-reported height and weight)",E92000001,England,E06000066,Somerset UA,Counties & UAs (from Apr 2023),Persons,18+ yrs,,,2015/16,59.46377,57.4382,61.52809,56.26966,62.51685,,2225.0,,,Similar,Not compared,20150000,,,1y
93088,"Overweight (including obesity) prevalence in adults, (using adjusted self-reported height and weight)",E92000001,England,E08000001,Bolton,Counties & UAs (from Apr 2023),Persons,18+ yrs,,,2015/16,62.85135,59.46924,66.10374,57.53908,68.03378,,829.0,,,Similar,Not compared,20150000,,,1y
93088,"Overweight (including obesity) prevalence in adults, (using adjusted self-reported height and weight)",E92000001,England,E08000002,Bury,Counties & UAs (from Apr 2023),Persons,18+ yrs,,,2015/16,66.51719,63.43115,69.63883,61.73804,71.55756,,886.0,,,Worse,Not compared,20150000,,,1y
93088,"Overweight (including obesity) prevalence in adults, (using adjusted self-reported height and weight)",E92000001,England,E08000003,Manchester,Counties & UAs (from Apr 2023),Persons,18+ yrs,,,2015/16,60.81038,58.52191,63.14526,56.9027,64.58601,,1666.0,,,Similar,Not compared,20150000,,,1y
93088,"Overweight (including obesity) prevalence in adults, (using adjusted self-reported height and weight)",E92000001,England,E08000004,Oldham,Counties & UAs (from Apr 2023),Persons,18+ yrs,,,2015/16,65.09571,61.75396,68.3313,59.9268,70.28015,,821.0,,,Worse,Not compared,20150000,,,1y
93088,"Overweight (including obesity) prevalence in adults, (using adjusted self-reported height and weight)",E92000001,England,E08000005,Rochdale,Counties & UAs (from Apr 2023),Persons,18+ yrs,,,2015/16,63.02326,59.66587,66.34845,58.11456,68.25788,,838.0,,,Similar,Not compared,20150000,,,1y
93088,"Overweight (including obesity) prevalence in adults, (using adjusted self-reported height and weight)",E92000001,England,E08000006,Salford,Counties & UAs (from Apr 2023),Persons,18+ yrs,,,2015/16,64.54515,61.22209,67.68508,59.57697,69.68273,,851.0,,,Similar,Not compared,20150000,,,1y
93088,"Overweight (including obesity) prevalence in adults, (using adjusted self-reported height and weight)",E92000001,England,E08000007,Stockport,Counties & UAs (from Apr 2023),Persons,18+ yrs,,,2015/16,61.41581,58.15603,64.77541,56.26466,66.43026,,846.0,,,Similar,Not compared,20150000,,,1y
93088,"Overweight (including obesity) prevalence in adults, (using adjusted self-reported height and weight)",E92000001,England,E08000008,Tameside,Counties & UAs (from Apr 2023),Persons,18+ yrs,,,2015/16,65.60755,62.3962,68.8019,60.61684,70.58126,,843.0,,,Worse,Not compared,20150000,,,1y
93088,"Overweight (including obesity) prevalence in adults, (using adjusted self-reported height and weight)",E92000001,England,E08000009,Trafford,Counties & UAs (from Apr 2023),Persons,18+ yrs,,,2015/16,59.60514,56.31285,62.7933,54.52503,64.9162,,895.0,,,Similar,Not compared,20150000,,,1y
93088,"Overweight (including obesity) prevalence in adults, (using adjusted self-reported height and weight)",E92000001,England,E08000010,Wigan,Counties & UAs (from Apr 2023),Persons,18+ yrs,,,2015/16,64.39512,61.33909,67.38661,59.50324,69.43855,,926.0,,,Worse,Not compared,20150000,,,1y
93088,"Overweight (including obesity) prevalence in adults, (using adjusted self-reported height and weight)",E92000001,England,E08000011,Knowsley,Counties & UAs (from Apr 2023),Persons,18+ yrs,,,2015/16,69.07307,64.58333,73.37963,62.26852,75.69444,,432.0,,,Worse,Not compared,20150000,,,1y
93088,"Overweight (including obesity) prevalence in adults, (using adjusted self-reported height and weight)",E92000001,England,E08000012,Liverpool,Counties & UAs (from Apr 2023),Persons,18+ yrs,,,2015/16,64.93886,62.71879,67.26954,61.20187,68.55309,,1714.0,,,Worse,Not compared,20150000,,,1y
93088,"Overweight (including obesity) prevalence in adults, (using adjusted self-reported height and weight)",E92000001,England,E08000013,St. Helens,Counties & UAs (from Apr 2023),Persons,18+ yrs,,,2015/16,70.02044,65.69507,74.21525,63.67713,76.4574,,446.0,,,Worse,Not compared,20150000,,,1y
93088,"Overweight (including obesity) prevalence in adults, (using adjusted self-reported height and weight)",E92000001,England,E08000014,Sefton,Counties & UAs (from Apr 2023),Persons,18+ yrs,,,2015/16,68.429,64.03509,72.58772,61.84211,75.2193,,456.0,,,Worse,Not compared,20150000,,,1y
93088,"Overweight (including obesity) prevalence in adults, (using adjusted self-reported height and weight)",E92000001,England,E08000015,Wirral,Counties & UAs (from Apr 2023),Persons,18+ yrs,,,2015/16,59.406,54.77273,64.09659,52.2725,66.81818,,440.0,,,Similar,Not compared,20150000,,,1y
93088,"Overweight (including obesity) prevalence in adults, (using adjusted self-reported height and weight)",E92000001,England,E08000016,Barnsley,Counties & UAs (from Apr 2023),Persons,18+ yrs,,,2015/16,71.13286,66.74312,75.45872,63.99083,77.75229,,436.0,,,Worse,Not compared,20150000,,,1y
93088,"Overweight (including obesity) prevalence in adults, (using adjusted self-reported height and weight)",E92000001,England,E08000017,Doncaster,Counties & UAs (from Apr 2023),Persons,18+ yrs,,,2015/16,71.35177,66.99752,75.68238,64.01985,78.16377,,403.0,,,Worse,Not compared,20150000,,,1y
93088,"Overweight (including obesity) prevalence in adults, (using adjusted self-reported height and weight)",E92000001,England,E08000018,Rotherham,Counties & UAs (from Apr 2023),Persons,18+ yrs,,,2015/16,71.67165,67.44731,75.87822,64.40281,78.22014,,427.0,,,Worse,Not compared,20150000,,,1y
93088,"Overweight (including obesity) prevalence in adults, (using adjusted self-reported height and weight)",E92000001,England,E08000019,Sheffield,Counties & UAs (from Apr 2023),Persons,18+ yrs,,,2015/16,60.69421,58.3908,62.93103,56.83908,64.19546,,1740.0,,,Similar,Not compared,20150000,,,1y
93088,"Overweight (including obesity) prevalence in adults, (using adjusted self-reported height and weight)",E92000001,England,E08000021,Newcastle upon Tyne,Counties & UAs (from Apr 2023),Persons,18+ yrs,,,2015/16,64.13719,61.9213,66.43519,60.70596,67.70839,,1728.0,,,Worse,Not compared,20150000,,,1y
93088,"Overweight (including obesity) prevalence in adults, (using adjusted self-reported height and weight)",E92000001,England,E08000022,North Tyneside,Counties & UAs (from Apr 2023),Persons,18+ yrs,,,2015/16,69.6442,65.28736,73.7931,62.52874,76.55172,,435.0,,,Worse,Not compared,20150000,,,1y
93088,"Overweight (including obesity) prevalence in adults, (using adjusted self-reported height and weight)",E92000001,England,E08000023,South Tyneside,Counties & UAs (from Apr 2023),Persons,18+ yrs,,,2015/16,69.87304,65.44118,74.26471,62.7451,76.71569,,408.0,,,Worse,Not compared,20150000,,,1y
93088,"Overweight (including obesity) prevalence in adults, (using adjusted self-reported height and weight)",E92000001,England,E08000024,Sunderland,Counties & UAs (from Apr 2023),Persons,18+ yrs,,,2015/16,64.59429,61.43187,67.78291,59.46882,69.39965,,866.0,,,Worse,Not compared,20150000,,,1y
93088,"Overweight (including obesity) prevalence in adults, (using adjusted self-reported height and weight)",E92000001,England,E08000025,Birmingham,Counties & UAs (from Apr 2023),Persons,18+ yrs,,,2015/16,62.49044,60.09913,64.86989,58.61208,66.23309,,1614.0,,,Similar,Not compared,20150000,,,1y
93088,"Overweight (including obesity) prevalence in adults, (using adjusted self-reported height and weight)",E92000001,England,E08000026,Coventry,Counties & UAs (from Apr 2023),Persons,18+ yrs,,,2015/16,63.24145,59.97552,66.58507,58.13953,68.66597,,817.0,,,Similar,Not compared,20150000,,,1y
93088,"Overweight (including obesity) prevalence in adults, (using adjusted self-reported height and weight)",E92000001,England,E08000027,Dudley,Counties & UAs (from Apr 2023),Persons,18+ yrs,,,2015/16,66.74435,63.6013,69.84688,61.71967,71.37809,,849.0,,,Worse,Not compared,20150000,,,1y
93088,"Overweight (including obesity) prevalence in adults, (using adjusted self-reported height and weight)",E92000001,England,E08000028,Sandwell,Counties & UAs (from Apr 2023),Persons,18+ yrs,,,2015/16,68.13947,64.81959,71.39175,62.8866,73.32474,,776.0,,,Worse,Not compared,20150000,,,1y
93088,"Overweight (including obesity) prevalence in adults, (using adjusted self-reported height and weight)",E92000001,England,E08000029,Solihull,Counties & UAs (from Apr 2023),Persons,18+ yrs,,,2015/16,61.15065,56.51163,65.5814,54.4186,68.13977,,430.0,,,Similar,Not compared,20150000,,,1y
93088,"Overweight (including obesity) prevalence in adults, (using adjusted self-reported height and weight)",E92000001,England,E08000030,Walsall,Counties & UAs (from Apr 2023),Persons,18+ yrs,,,2015/16,64.10507,60.7362,67.36196,58.77301,69.32515,,815.0,,,Similar,Not compared,20150000,,,1y
93088,"Overweight (including obesity) prevalence in adults, (using adjusted self-reported height and weight)",E92000001,England,E08000031,Wolverhampton,Counties & UAs (from Apr 2023),Persons,18+ yrs,,,2015/16,68.04234,64.71338,71.21019,62.67503,72.99363,,785.0,,,Worse,Not compared,20150000,,,1y
93088,"Overweight (including obesity) prevalence in adults, (using adjusted self-reported height and weight)",E92000001,England,E08000032,Bradford,Counties & UAs (from Apr 2023),Persons,18+ yrs,,,2015/16,69.06033,65.93023,72.09593,64.18593,73.48837,,860.0,,,Worse,Not compared,20150000,,,1y
93088,"Overweight (including obesity) prevalence in adults, (using adjusted self-reported height and weight)",E92000001,England,E08000033,Calderdale,Counties & UAs (from Apr 2023),Persons,18+ yrs,,,2015/16,60.64514,56.1674,65.19824,53.30396,67.40088,,454.0,,,Similar,Not compared,20150000,,,1y
93088,"Overweight (including obesity) prevalence in adults, (using adjusted self-reported height and weight)",E92000001,England,E08000034,Kirklees,Counties & UAs (from Apr 2023),Persons,18+ yrs,,,2015/16,61.5414,58.20543,64.69894,56.31629,66.46989,,847.0,,,Similar,Not compared,20150000,,,1y
93088,"Overweight (including obesity) prevalence in adults, (using adjusted self-reported height and weight)",E92000001,England,E08000035,Leeds,Counties & UAs (from Apr 2023),Persons,18+ yrs,,,2015/16,60.86251,58.56481,63.19444,57.34948,64.52546,,1728.0,,,Similar,Not compared,20150000,,,1y
93088,"Overweight (including obesity) prevalence in adults, (using adjusted self-reported height and weight)",E92000001,England,E08000036,Wakefield,Counties & UAs (from Apr 2023),Persons,18+ yrs,,,2015/16,66.50273,63.31019,69.56019,61.57396,71.41215,,864.0,,,Worse,Not compared,20150000,,,1y
93088,"Overweight (including obesity) prevalence in adults, (using adjusted self-reported height and weight)",E92000001,England,E08000037,Gateshead,Counties & UAs (from Apr 2023),Persons,18+ yrs,,,2015/16,69.42671,65.16854,73.70787,62.69663,75.95528,,445.0,,,Worse,Not compared,20150000,,,1y
93088,"Overweight (including obesity) prevalence in adults, (using adjusted self-reported height and weight)",E92000001,England,E09000001,City of London,Counties & UAs (from Apr 2023),Persons,18+ yrs,,,2015/16,43.49765,37.3444,49.79253,34.43942,53.52697,,241.0,,,Better,Not compared,20150000,,,1y
93088,"Overweight (including obesity) prevalence in adults, (using adjusted self-reported height and weight)",E92000001,England,E09000002,Barking and Dagenham,Counties & UAs (from Apr 2023),Persons,18+ yrs,,,2015/16,68.28775,64.91228,71.65992,63.15776,73.4143,,741.0,,,Worse,Not compared,20150000,,,1y
93088,"Overweight (including obesity) prevalence in adults, (using adjusted self-reported height and weight)",E92000001,England,E09000003,Barnet,Counties & UAs (from Apr 2023),Persons,18+ yrs,,,2015/16,49.19784,45.80802,52.61239,43.86379,54.1921,,823.0,,,Better,Not compared,20150000,,,1y
93088,"Overweight (including obesity) prevalence in adults, (using adjusted self-reported height and weight)",E92000001,England,E09000004,Bexley,Counties & UAs (from Apr 2023),Persons,18+ yrs,,,2015/16,60.36224,55.70776,64.84018,52.96781,67.12374,,438.0,,,Similar,Not compared,20150000,,,1y
93088,"Overweight (including obesity) prevalence in adults, (using adjusted self-reported height and weight)",E92000001,England,E09000005,Brent,Counties & UAs (from Apr 2023),Persons,18+ yrs,,,2015/16,56.49138,51.31579,61.31579,48.42105,64.47368,,380.0,,,Similar,Not compared,20150000,,,1y
93088,"Overweight (including obesity) prevalence in adults, (using adjusted self-reported height and weight)",E92000001,England,E09000006,Bromley,Counties & UAs (from Apr 2023),Persons,18+ yrs,,,2015/16,60.78743,56.10329,65.49296,53.75563,68.07535,,426.0,,,Similar,Not compared,20150000,,,1y
93088,"Overweight (including obesity) prevalence in adults, (using adjusted self-reported height and weight)",E92000001,England,E09000007,Camden,Counties & UAs (from Apr 2023),Persons,18+ yrs,,,2015/16,44.07857,39.50339,48.75847,36.56885,51.24176,,443.0,,,Better,Not compared,20150000,,,1y
93088,"Overweight (including obesity) prevalence in adults, (using adjusted self-reported height and weight)",E92000001,England,E09000008,Croydon,Counties & UAs (from Apr 2023),Persons,18+ yrs,,,2015/16,63.37289,58.58824,68.0,56.23506,70.58824,,425.0,,,Similar,Not compared,20150000,,,1y
93088,"Overweight (including obesity) prevalence in adults, (using adjusted self-reported height and weight)",E92000001,England,E09000009,Ealing,Counties & UAs (from Apr 2023),Persons,18+ yrs,,,2015/16,56.08583,51.25,61.0,48.5,63.75,,400.0,,,Better,Not compared,20150000,,,1y
93088,"Overweight (including obesity) prevalence in adults, (using adjusted self-reported height and weight)",E92000001,England,E09000010,Enfield,Counties & UAs (from Apr 2023),Persons,18+ yrs,,,2015/16,61.86236,58.41463,65.12195,56.58537,66.82939,,820.0,,,Similar,Not compared,20150000,,,1y
93088,"Overweight (including obesity) prevalence in adults, (using adjusted self-reported height and weight)",E92000001,England,E09000011,Greenwich,Counties & UAs (from Apr 2023),Persons,18+ yrs,,,2015/16,63.49197,60.31363,66.70688,58.26297,68.63691,,829.0,,,Similar,Not compared,20150000,,,1y
93088,"Overweight (including obesity) prevalence in adults, (using adjusted self-reported height and weight)",E92000001,England,E09000012,Hackney,Counties & UAs (from Apr 2023),Persons,18+ yrs,,,2015/16,50.46091,45.45455,55.55556,42.67677,58.58611,,396.0,,,Better,Not compared,20150000,,,1y
93088,"Overweight (including obesity) prevalence in adults, (using adjusted self-reported height and weight)",E92000001,England,E09000013,Hammersmith and Fulham,Counties & UAs (from Apr 2023),Persons,18+ yrs,,,2015/16,51.06479,46.53244,55.7047,43.84765,58.16555,,447.0,,,Better,Not compared,20150000,,,1y
93088,"Overweight (including obesity) prevalence in adults, (using adjusted self-reported height and weight)",E92000001,England,E09000014,Haringey,Counties & UAs (from Apr 2023),Persons,18+ yrs,,,2015/16,52.13996,48.69359,55.58195,46.55582,57.36354,,842.0,,,Better,Not compared,20150000,,,1y
93088,"Overweight (including obesity) prevalence in adults, (using adjusted self-reported height and weight)",E92000001,England,E09000015,Harrow,Counties & UAs (from Apr 2023),Persons,18+ yrs,,,2015/16,51.99197,47.34411,56.58199,44.80346,59.1224,,433.0,,,Better,Not compared,20150000,,,1y
93088,"Overweight (including obesity) prevalence in adults, (using adjusted self-reported height and weight)",E92000001,England,E09000016,Havering,Counties & UAs (from Apr 2023),Persons,18+ yrs,,,2015/16,60.65809,55.90361,65.3012,53.49373,68.19277,,415.0,,,Similar,Not compared,20150000,,,1y
93088,"Overweight (including obesity) prevalence in adults, (using adjusted self-reported height and weight)",E92000001,England,E09000017,Hillingdon,Counties & UAs (from Apr 2023),Persons,18+ yrs,,,2015/16,55.07825,50.12407,59.80149,47.39429,62.77916,,403.0,,,Better,Not compared,20150000,,,1y
93088,"Overweight (including obesity) prevalence in adults, (using adjusted self-reported height and weight)",E92000001,England,E09000018,Hounslow,Counties & UAs (from Apr 2023),Persons,18+ yrs,,,2015/16,59.61899,54.74453,64.47689,51.82482,66.90998,,411.0,,,Similar,Not compared,20150000,,,1y
93088,"Overweight (including obesity) prevalence in adults, (using adjusted self-reported height and weight)",E92000001,England,E09000019,Islington,Counties & UAs (from Apr 2023),Persons,18+ yrs,,,2015/16,49.47551,44.60432,54.43645,41.96643,56.59472,,417.0,,,Better,Not compared,20150000,,,1y
93088,"Overweight (including obesity) prevalence in adults, (using adjusted self-reported height and weight)",E92000001,England,E09000020,Kensington and Chelsea,Counties & UAs (from Apr 2023),Persons,18+ yrs,,,2015/16,45.97552,41.16223,50.60533,38.74068,53.75327,,413.0,,,Better,Not compared,20150000,,,1y
93088,"Overweight (including obesity) prevalence in adults, (using adjusted self-reported height and weight)",E92000001,England,E09000021,Kingston upon Thames,Counties & UAs (from Apr 2023),Persons,18+ yrs,,,2015/16,51.85881,47.31935,56.64336,44.52214,59.20746,,429.0,,,Better,Not compared,20150000,,,1y
93088,"Overweight (including obesity) prevalence in adults, (using adjusted self-reported height and weight)",E92000001,England,E09000022,Lambeth,Counties & UAs (from Apr 2023),Persons,18+ yrs,,,2015/16,51.37465,47.83684,54.88257,45.85909,56.86032,,809.0,,,Better,Not compared,20150000,,,1y
93088,"Overweight (including obesity) prevalence in adults, (using adjusted self-reported height and weight)",E92000001,England,E09000023,Lewisham,Counties & UAs (from Apr 2023),Persons,18+ yrs,,,2015/16,56.99447,52.0202,61.86869,48.9899,64.39394,,396.0,,,Similar,Not compared,20150000,,,1y
93088,"Overweight (including obesity) prevalence in adults, (using adjusted self-reported height and weight)",E92000001,England,E09000024,Merton,Counties & UAs (from Apr 2023),Persons,18+ yrs,,,2015/16,54.05134,49.42529,58.85057,46.66644,61.37931,,435.0,,,Better,Not compared,20150000,,,1y
93088,"Overweight (including obesity) prevalence in adults, (using adjusted self-reported height and weight)",E92000001,England,E09000025,Newham,Counties & UAs (from Apr 2023),Persons,18+ yrs,,,2015/16,60.38357,54.98489,65.86103,51.66163,68.58036,,331.0,,,Similar,Not compared,20150000,,,1y
93088,"Overweight (including obesity) prevalence in adults, (using adjusted self-reported height and weight)",E92000001,England,E09000026,Redbridge,Counties & UAs (from Apr 2023),Persons,18+ yrs,,,2015/16,53.77881,50.31766,57.17916,47.77637,59.08539,,787.0,,,Better,Not compared,20150000,,,1y
93088,"Overweight (including obesity) prevalence in adults, (using adjusted self-reported height and weight)",E92000001,England,E09000027,Richmond upon Thames,Counties & UAs (from Apr 2023),Persons,18+ yrs,,,2015/16,52.62661,47.99107,57.14286,45.75893,59.59821,,448.0,,,Better,Not compared,20150000,,,1y
93088,"Overweight (including obesity) prevalence in adults, (using adjusted self-reported height and weight)",E92000001,England,E09000028,Southwark,Counties & UAs (from Apr 2023),Persons,18+ yrs,,,2015/16,46.376,41.72494,51.04895,39.16061,53.84615,,429.0,,,Better,Not compared,20150000,,,1y
93088,"Overweight (including obesity) prevalence in adults, (using adjusted self-reported height and weight)",E92000001,England,E09000029,Sutton,Counties & UAs (from Apr 2023),Persons,18+ yrs,,,2015/16,53.00328,48.20144,57.79376,46.04293,60.19185,,417.0,,,Better,Not compared,20150000,,,1y
93088,"Overweight (including obesity) prevalence in adults, (using adjusted self-reported height and weight)",E92000001,England,E09000030,Tower Hamlets,Counties & UAs (from Apr 2023),Persons,18+ yrs,,,2015/16,55.55044,50.61728,60.49383,47.90123,63.20988,,405.0,,,Better,Not compared,20150000,,,1y
93088,"Overweight (including obesity) prevalence in adults, (using adjusted self-reported height and weight)",E92000001,England,E09000031,Waltham Forest,Counties & UAs (from Apr 2023),Persons,18+ yrs,,,2015/16,53.70232,48.84319,58.61183,46.27249,61.69692,,389.0,,,Better,Not compared,20150000,,,1y
93088,"Overweight (including obesity) prevalence in adults, (using adjusted self-reported height and weight)",E92000001,England,E09000032,Wandsworth,Counties & UAs (from Apr 2023),Persons,18+ yrs,,,2015/16,52.87353,48.19277,57.59036,45.78313,60.48217,,415.0,,,Better,Not compared,20150000,,,1y
93088,"Overweight (including obesity) prevalence in adults, (using adjusted self-reported height and weight)",E92000001,England,E09000033,Westminster,Counties & UAs (from Apr 2023),Persons,18+ yrs,,,2015/16,49.74411,44.92754,54.58937,42.02899,57.24638,,414.0,,,Better,Not compared,20150000,,,1y
93088,"Overweight (including obesity) prevalence in adults, (using adjusted self-reported height and weight)",E92000001,England,E10000003,Cambridgeshire,Counties & UAs (from Apr 2023),Persons,18+ yrs,,,2015/16,60.47687,58.46283,62.49475,57.32881,63.62877,,2381.0,,,Similar,Not compared,20150000,,,1y
93088,"Overweight (including obesity) prevalence in adults, (using adjusted self-reported height and weight)",E92000001,England,E10000007,Derbyshire,Counties & UAs (from Apr 2023),Persons,18+ yrs,,,2015/16,66.05433,64.51704,67.61476,63.50318,68.54407,,3551.0,,,Worse,Not compared,20150000,,,1y
93088,"Overweight (including obesity) prevalence in adults, (using adjusted self-reported height and weight)",E92000001,England,E10000008,Devon,Counties & UAs (from Apr 2023),Persons,18+ yrs,,,2015/16,62.14104,60.5698,63.78917,59.68658,64.70085,,3510.0,,,Similar,Not compared,20150000,,,1y
93088,"Overweight (including obesity) prevalence in adults, (using adjusted self-reported height and weight)",E92000001,England,E10000011,East Sussex,Counties & UAs (from Apr 2023),Persons,18+ yrs,,,2015/16,57.48496,55.41343,59.57058,54.08853,60.75838,,2189.0,,,Better,Not compared,20150000,,,1y
93088,"Overweight (including obesity) prevalence in adults, (using adjusted self-reported height and weight)",E92000001,England,E10000012,Essex,Counties & UAs (from Apr 2023),Persons,18+ yrs,,,2015/16,61.30072,59.9657,62.61433,59.24156,63.26223,,5248.0,,,Similar,Not compared,20150000,,,1y
93088,"Overweight (including obesity) prevalence in adults, (using adjusted self-reported height and weight)",E92000001,England,E10000013,Gloucestershire,Counties & UAs (from Apr 2023),Persons,18+ yrs,,,2015/16,59.35566,57.49518,61.23314,56.49322,62.23514,,2595.0,,,Better,Not compared,20150000,,,1y
93088,"Overweight (including obesity) prevalence in adults, (using adjusted self-reported height and weight)",E92000001,England,E10000014,Hampshire,Counties & UAs (from Apr 2023),Persons,18+ yrs,,,2015/16,61.9659,60.5892,63.34981,59.78574,64.13269,,4854.0,,,Similar,Not compared,20150000,,,1y
93088,"Overweight (including obesity) prevalence in adults, (using adjusted self-reported height and weight)",E92000001,England,E10000015,Hertfordshire,Counties & UAs (from Apr 2023),Persons,18+ yrs,,,2015/16,60.18657,58.68403,61.63683,57.82372,62.47387,,4301.0,,,Similar,Not compared,20150000,,,1y
93088,"Overweight (including obesity) prevalence in adults, (using adjusted self-reported height and weight)",E92000001,England,E10000016,Kent,Counties & UAs (from Apr 2023),Persons,18+ yrs,,,2015/16,61.3017,59.95722,62.641,59.14041,63.28279,,5142.0,,,Similar,Not compared,20150000,,,1y
93088,"Overweight (including obesity) prevalence in adults, (using adjusted self-reported height and weight)",E92000001,England,E10000017,Lancashire,Counties & UAs (from Apr 2023),Persons,18+ yrs,,,2015/16,63.89506,62.59061,65.20412,61.90382,65.94811,,5242.0,,,Worse,Not compared,20150000,,,1y
93088,"Overweight (including obesity) prevalence in adults, (using adjusted self-reported height and weight)",E92000001,England,E10000018,Leicestershire,Counties & UAs (from Apr 2023),Persons,18+ yrs,,,2015/16,61.197,59.45413,62.90694,58.50046,63.82772,,3041.0,,,Similar,Not compared,20150000,,,1y
93088,"Overweight (including obesity) prevalence in adults, (using adjusted self-reported height and weight)",E92000001,England,E10000019,Lincolnshire,Counties & UAs (from Apr 2023),Persons,18+ yrs,,,2015/16,66.19722,64.47721,67.86193,63.43834,68.9008,,2984.0,,,Worse,Not compared,20150000,,,1y
93088,"Overweight (including obesity) prevalence in adults, (using adjusted self-reported height and weight)",E92000001,England,E10000020,Norfolk,Counties & UAs (from Apr 2023),Persons,18+ yrs,,,2015/16,62.87881,61.24845,64.55501,60.41409,65.54388,,3236.0,,,Worse,Not compared,20150000,,,1y
93088,"Overweight (including obesity) prevalence in adults, (using adjusted self-reported height and weight)",E92000001,England,E10000024,Nottinghamshire,Counties & UAs (from Apr 2023),Persons,18+ yrs,,,2015/16,65.23868,63.54029,66.90885,62.38441,67.86658,,3028.0,,,Worse,Not compared,20150000,,,1y
93088,"Overweight (including obesity) prevalence in adults, (using adjusted self-reported height and weight)",E92000001,England,E10000025,Oxfordshire,Counties & UAs (from Apr 2023),Persons,18+ yrs,,,2015/16,54.97695,52.94609,56.95779,51.85959,58.08608,,2393.0,,,Better,Not compared,20150000,,,1y
93088,"Overweight (including obesity) prevalence in adults, (using adjusted self-reported height and weight)",E92000001,England,E10000028,Staffordshire,Counties & UAs (from Apr 2023),Persons,18+ yrs,,,2015/16,65.36828,63.7827,66.94452,62.86289,67.86436,,3479.0,,,Worse,Not compared,20150000,,,1y
93088,"Overweight (including obesity) prevalence in adults, (using adjusted self-reported height and weight)",E92000001,England,E10000029,Suffolk,Counties & UAs (from Apr 2023),Persons,18+ yrs,,,2015/16,62.9931,61.22381,64.74892,60.45893,65.7134,,3007.0,,,Similar,Not compared,20150000,,,1y
93088,"Overweight (including obesity) prevalence in adults, (using adjusted self-reported height and weight)",E92000001,England,E10000030,Surrey,Counties & UAs (from Apr 2023),Persons,18+ yrs,,,2015/16,57.78908,56.40008,59.19816,55.54393,59.97079,,4789.0,,,Better,Not compared,20150000,,,1y
93088,"Overweight (including obesity) prevalence in adults, (using adjusted self-reported height and weight)",E92000001,England,E10000031,Warwickshire,Counties & UAs (from Apr 2023),Persons,18+ yrs,,,2015/16,60.57743,58.51064,62.6272,57.12299,63.78358,,2162.0,,,Similar,Not compared,20150000,,,1y
93088,"Overweight (including obesity) prevalence in adults, (using adjusted self-reported height and weight)",E92000001,England,E10000032,West Sussex,Counties & UAs (from Apr 2023),Persons,18+ yrs,,,2015/16,61.28423,59.53232,63.03995,58.68785,63.94933,,3079.0,,,Similar,Not compared,20150000,,,1y
93088,"Overweight (including obesity) prevalence in adults, (using adjusted self-reported height and weight)",E92000001,England,E10000034,Worcestershire,Counties & UAs (from Apr 2023),Persons,18+ yrs,,,2015/16,63.115,61.28782,64.89527,60.2405,65.82626,,2578.0,,,Worse,Not compared,20150000,,,1y
93088,"Overweight (including obesity) prevalence in adults, (using adjusted self-reported height and weight)",,,E92000001,England,England,Male,18+ yrs,,,2016/17,67.20303,66.86985,67.53444,66.685,67.69961,,76287.0,,,Not compared,Not compared,20160000,,,1y
93088,"Overweight (including obesity) prevalence in adults, (using adjusted self-reported height and weight)",,,E92000001,England,England,Female,18+ yrs,,,2016/17,55.29029,54.96075,55.61353,54.77837,55.77809,,89926.0,,,Not compared,Not compared,20160000,,,1y
93088,"Overweight (including obesity) prevalence in adults, (using adjusted self-reported height and weight)",,,E92000001,England,England,Persons,85+ yrs,,,2016/17,64.2187,62.504,65.89817,61.57541,66.73071,,3123.0,,,Not compared,Not compared,20160000,,,1y
93088,"Overweight (including obesity) prevalence in adults, (using adjusted self-reported height and weight)",,,E92000001,England,England,Persons,25-34 yrs,,,2016/17,50.18642,49.51442,50.88311,49.09173,51.28568,,19873.0,,,Not compared,Not compared,20160000,,,1y
93088,"Overweight (including obesity) prevalence in adults, (using adjusted self-reported height and weight)",,,E92000001,England,England,Persons,35-44 yrs,,,2016/17,59.93181,59.34498,60.52154,59.00551,60.86487,,25923.0,,,Not compared,Not compared,20160000,,,1y
93088,"Overweight (including obesity) prevalence in adults, (using adjusted self-reported height and weight)",,,E92000001,England,England,Persons,45-54 yrs,,,2016/17,66.8466,66.32304,67.38818,65.99082,67.67929,,29198.0,,,Not compared,Not compared,20160000,,,1y
93088,"Overweight (including obesity) prevalence in adults, (using adjusted self-reported height and weight)",,,E92000001,England,England,Persons,55-64 yrs,,,2016/17,71.165,70.67072,71.6607,70.36379,71.93755,,33233.0,,,Not compared,Not compared,20160000,,,1y
93088,"Overweight (including obesity) prevalence in adults, (using adjusted self-reported height and weight)",,,E92000001,England,England,Persons,65-74 yrs,,,2016/17,71.9896,71.51968,72.46162,71.2687,72.73614,,33869.0,,,Not compared,Not compared,20160000,,,1y
93088,"Overweight (including obesity) prevalence in adults, (using adjusted self-reported height and weight)",,,E92000001,England,England,Persons,75-84 yrs,,,2016/17,72.35026,71.61771,73.09362,71.17638,73.44091,,13822.0,,,Not compared,Not compared,20160000,,,1y
93088,"Overweight (including obesity) prevalence in adults, (using adjusted self-reported height and weight)",,,E92000001,England,England,Persons,18+ yrs,,,2016/17,61.31358,61.07826,61.54753,60.93927,61.68471,,166213.0,,,Not compared,Not compared,20160000,,,1y
93088,"Overweight (including obesity) prevalence in adults, (using adjusted self-reported height and weight)",,,E92000001,England,England,Persons,18+ yrs,Working status,Inactive,2016/17,63.68193,63.29847,64.07129,63.09988,64.26988,,60428.0,,,Worse,Not compared,20160000,,,1y
93088,"Overweight (including obesity) prevalence in adults, (using adjusted self-reported height and weight)",,,E92000001,England,England,Persons,18+ yrs,Working status,Unemployed,2016/17,61.43092,59.90842,62.96108,58.96718,63.85146,,3931.0,,,Similar,Not compared,20160000,,,1y
93088,"Overweight (including obesity) prevalence in adults, (using adjusted self-reported height and weight)",,,E92000001,England,England,Persons,18+ yrs,Working status,Working,2016/17,61.98697,61.6704,62.29877,61.50151,62.46217,,91188.0,,,Worse,Not compared,20160000,,,1y
93088,"Overweight (including obesity) prevalence in adults, (using adjusted self-reported height and weight)",,,E92000001,England,England,Persons,18+ yrs,Disability,Disabled,2016/17,70.52884,69.98993,71.0621,69.69849,71.32837,,27794.0,,,Worse,Not compared,20160000,,,1y
93088,"Overweight (including obesity) prevalence in adults, (using adjusted self-reported height and weight)",,,E92000001,England,England,Persons,18+ yrs,Disability,Not disabled,2016/17,59.43033,59.16126,59.69819,59.00254,59.85692,,131674.0,,,Better,Not compared,20160000,,,1y
93088,"Overweight (including obesity) prevalence in adults, (using adjusted self-reported height and weight)",,,E92000001,England,England,Persons,18+ yrs,Ethnic groups,White British,2016/17,62.30948,62.06015,62.56636,61.92286,62.68746,,142038.0,,,Worse,Not compared,20160000,,,1y
93088,"Overweight (including obesity) prevalence in adults, (using adjusted self-reported height and weight)",,,E92000001,England,England,Persons,18+ yrs,Ethnic groups,White Other,2016/17,56.89521,55.85388,57.95114,55.25466,58.44668,,8678.0,,,Better,Not compared,20160000,,,1y
93088,"Overweight (including obesity) prevalence in adults, (using adjusted self-reported height and weight)",,,E92000001,England,England,Persons,18+ yrs,Ethnic groups,Asian,2016/17,56.29206,55.03093,57.5057,54.36338,58.27094,,6142.0,,,Better,Not compared,20160000,,,1y
93088,"Overweight (including obesity) prevalence in adults, (using adjusted self-reported height and weight)",,,E92000001,England,England,Persons,18+ yrs,Ethnic groups,Black,2016/17,68.98101,66.93508,71.01158,65.7775,72.21948,,1987.0,,,Worse,Not compared,20160000,,,1y
93088,"Overweight (including obesity) prevalence in adults, (using adjusted self-reported height and weight)",,,E92000001,England,England,Persons,18+ yrs,Ethnic groups,Chinese,2016/17,32.70043,29.55326,35.85338,27.83505,37.57159,,873.0,,,Better,Not compared,20160000,,,1y
93088,"Overweight (including obesity) prevalence in adults, (using adjusted self-reported height and weight)",,,E92000001,England,England,Persons,18+ yrs,Ethnic groups,Mixed,2016/17,59.24817,56.86881,61.63366,55.63119,63.05693,,1616.0,,,Similar,Not compared,20160000,,,1y
93088,"Overweight (including obesity) prevalence in adults, (using adjusted self-reported height and weight)",,,E92000001,England,England,Persons,18+ yrs,Ethnic groups,Other,2016/17,60.2599,57.28782,63.19188,55.90406,65.03699,,1084.0,,,Similar,Not compared,20160000,,,1y
93088,"Overweight (including obesity) prevalence in adults, (using adjusted self-reported height and weight)",,,E92000001,England,England,Persons,18+ yrs,LSOA11 deprivation deciles within area (IMD  trend),Most deprived decile,2016/17,67.56682,66.79675,68.30495,66.38665,68.68844,,15119.0,,,Worse,Not compared,20160000,,,1y
93088,"Overweight (including obesity) prevalence in adults, (using adjusted self-reported height and weight)",,,E92000001,England,England,Persons,18+ yrs,LSOA11 deprivation deciles within area (IMD  trend),Second most deprived decile,2016/17,64.11831,63.35364,64.87068,62.89032,65.29579,,15756.0,,,Worse,Not compared,20160000,,,1y
93088,"Overweight (including obesity) prevalence in adults, (using adjusted self-reported height and weight)",,,E92000001,England,England,Persons,18+ yrs,LSOA11 deprivation deciles within area (IMD  trend),Third more deprived decile,2016/17,63.07289,62.33424,63.82483,61.96639,64.21738,,16304.0,,,Worse,Not compared,20160000,,,1y
93088,"Overweight (including obesity) prevalence in adults, (using adjusted self-reported height and weight)",,,E92000001,England,England,Persons,18+ yrs,LSOA11 deprivation deciles within area (IMD  trend),Fourth more deprived decile,2016/17,61.06804,60.33088,61.80543,59.90527,62.19506,,16683.0,,,Similar,Not compared,20160000,,,1y
93088,"Overweight (including obesity) prevalence in adults, (using adjusted self-reported height and weight)",,,E92000001,England,England,Persons,18+ yrs,LSOA11 deprivation deciles within area (IMD  trend),Fifth more deprived decile,2016/17,61.44716,60.71194,62.1728,60.27663,62.58424,,16771.0,,,Similar,Not compared,20160000,,,1y
93088,"Overweight (including obesity) prevalence in adults, (using adjusted self-reported height and weight)",,,E92000001,England,England,Persons,18+ yrs,LSOA11 deprivation deciles within area (IMD  trend),Fifth less deprived decile,2016/17,60.32222,59.58415,61.04318,59.17065,61.50984,,16929.0,,,Better,Not compared,20160000,,,1y
93088,"Overweight (including obesity) prevalence in adults, (using adjusted self-reported height and weight)",,,E92000001,England,England,Persons,18+ yrs,LSOA11 deprivation deciles within area (IMD  trend),Fourth less deprived decile,2016/17,59.58659,58.84899,60.3053,58.40449,60.75564,,17098.0,,,Better,Not compared,20160000,,,1y
93088,"Overweight (including obesity) prevalence in adults, (using adjusted self-reported height and weight)",,,E92000001,England,England,Persons,18+ yrs,LSOA11 deprivation deciles within area (IMD  trend),Third less deprived decile,2016/17,59.27574,58.5511,60.02218,58.14265,60.42496,,17132.0,,,Better,Not compared,20160000,,,1y
93088,"Overweight (including obesity) prevalence in adults, (using adjusted self-reported height and weight)",,,E92000001,England,England,Persons,18+ yrs,LSOA11 deprivation deciles within area (IMD  trend),Second least deprived decile,2016/17,58.36004,57.61015,59.11763,57.17944,59.57163,,17181.0,,,Better,Not compared,20160000,,,1y
93088,"Overweight (including obesity) prevalence in adults, (using adjusted self-reported height and weight)",,,E92000001,England,England,Persons,18+ yrs,LSOA11 deprivation deciles within area (IMD  trend),Least deprived decile,2016/17,57.01349,56.27683,57.75032,55.87654,58.20861,,17238.0,,,Better,Not compared,20160000,,,1y
93088,"Overweight (including obesity) prevalence in adults, (using adjusted self-reported height and weight)",,,E92000001,England,England,Persons,18+ yrs,Level of education,No qualification,2016/17,69.44485,68.68034,70.19403,68.20557,70.57934,,14534.0,,,Worse,Not compared,20160000,,,1y
93088,"Overweight (including obesity) prevalence in adults, (using adjusted self-reported height and weight)",,,E92000001,England,England,Persons,18+ yrs,Level of education,Another type of qualification,2016/17,64.07674,63.06516,65.05984,62.45564,65.625,,9024.0,,,Worse,Not compared,20160000,,,1y
93088,"Overweight (including obesity) prevalence in adults, (using adjusted self-reported height and weight)",,,E92000001,England,England,Persons,18+ yrs,Level of education,Level 1 and below,2016/17,65.55836,64.01375,67.08091,63.22049,67.87414,,3782.0,,,Worse,Not compared,20160000,,,1y
93088,"Overweight (including obesity) prevalence in adults, (using adjusted self-reported height and weight)",,,E92000001,England,England,Persons,18+ yrs,Level of education,Level 2 and equivalent,2016/17,65.0646,64.49405,65.6458,64.14255,65.95992,,26742.0,,,Worse,Not compared,20160000,,,1y
93088,"Overweight (including obesity) prevalence in adults, (using adjusted self-reported height and weight)",,,E92000001,England,England,Persons,18+ yrs,Level of education,Level 3 and equivalent,2016/17,64.1268,63.51881,64.74453,63.1776,65.06466,,23741.0,,,Worse,Not compared,20160000,,,1y
93088,"Overweight (including obesity) prevalence in adults, (using adjusted self-reported height and weight)",,,E92000001,England,England,Persons,18+ yrs,Level of education,Level 4 and above,2016/17,57.2674,56.93776,57.60512,56.72758,57.79631,,84213.0,,,Better,Not compared,20160000,,,1y
93088,"Overweight (including obesity) prevalence in adults, (using adjusted self-reported height and weight)",,,E92000001,England,England,Persons,18+ yrs,Socioeconomic class,"Managerial, administrative and professional occupations",2016/17,52.18037,51.84913,52.51824,51.65137,52.7065,,84445.0,People aged 75 and over are excluded from NS-SeC (National Statistics Socio-economic Classification) economic activity questions in the Active Lives Adult Survey,,Better,Not compared,20160000,,,1y
93088,"Overweight (including obesity) prevalence in adults, (using adjusted self-reported height and weight)",,,E92000001,England,England,Persons,18+ yrs,Socioeconomic class,Intermediate occupations,2016/17,50.92341,50.16811,51.67227,49.73161,52.12057,,16953.0,People aged 75 and over are excluded from NS-SeC (National Statistics Socio-economic Classification) economic activity questions in the Active Lives Adult Survey,,Better,Not compared,20160000,,,1y
93088,"Overweight (including obesity) prevalence in adults, (using adjusted self-reported height and weight)",,,E92000001,England,England,Persons,18+ yrs,Socioeconomic class,Self-employed and small employers,2016/17,55.72663,54.81187,56.64797,54.233,57.13641,,11056.0,People aged 75 and over are excluded from NS-SeC (National Statistics Socio-economic Classification) economic activity questions in the Active Lives Adult Survey,,Better,Not compared,20160000,,,1y
93088,"Overweight (including obesity) prevalence in adults, (using adjusted self-reported height and weight)",,,E92000001,England,England,Persons,18+ yrs,Socioeconomic class,Lower supervisory and technical occupations,2016/17,60.91403,60.00693,61.82479,59.47887,62.3615,,11552.0,People aged 75 and over are excluded from NS-SeC (National Statistics Socio-economic Classification) economic activity questions in the Active Lives Adult Survey,,Similar,Not compared,20160000,,,1y
93088,"Overweight (including obesity) prevalence in adults, (using adjusted self-reported height and weight)",,,E92000001,England,England,Persons,18+ yrs,Socioeconomic class,Semi-routine and routine occupations,2016/17,57.93819,57.14843,58.7153,56.75833,59.17691,,15381.0,People aged 75 and over are excluded from NS-SeC (National Statistics Socio-economic Classification) economic activity questions in the Active Lives Adult Survey,,Better,Not compared,20160000,,,1y
93088,"Overweight (including obesity) prevalence in adults, (using adjusted self-reported height and weight)",,,E92000001,England,England,Persons,18+ yrs,Socioeconomic class,Long term unemployed or never worked,2016/17,55.40508,53.55859,57.26096,52.55208,58.30345,,2782.0,People aged 75 and over are excluded from NS-SeC (National Statistics Socio-economic Classification) economic activity questions in the Active Lives Adult Survey,,Better,Not compared,20160000,,,1y
93088,"Overweight (including obesity) prevalence in adults, (using adjusted self-reported height and weight)",,,E92000001,England,England,Persons,18+ yrs,Socioeconomic class,Students,2016/17,50.72391,49.1204,52.33645,48.1583,53.21605,,3638.0,People aged 75 and over are excluded from NS-SeC (National Statistics Socio-economic Classification) economic activity questions in the Active Lives Adult Survey,,Better,Not compared,20160000,,,1y
93088,"Overweight (including obesity) prevalence in adults, (using adjusted self-reported height and weight)",,,E92000001,England,England,Persons,18+ yrs,Socioeconomic class,Other/unclassified,2016/17,53.10993,51.48801,54.75368,50.50563,55.61982,,3461.0,People aged 75 and over are excluded from NS-SeC (National Statistics Socio-economic Classification) economic activity questions in the Active Lives Adult Survey,,Better,Not compared,20160000,,,1y
93088,"Overweight (including obesity) prevalence in adults, (using adjusted self-reported height and weight)",,,E92000001,England,England,Persons,18-24 yrs,,,2016/17,33.42668,32.34802,34.48132,31.79027,35.13666,,7172.0,,,Not compared,Not compared,20160000,,,1y
93088,"Overweight (including obesity) prevalence in adults, (using adjusted self-reported height and weight)",E92000001,England,E92000001,England,England,Male,18+ yrs,,,2016/17,67.20303,66.86985,67.53444,66.685,67.69961,,76287.0,,,Similar,Not compared,20160000,,,1y
93088,"Overweight (including obesity) prevalence in adults, (using adjusted self-reported height and weight)",E92000001,England,E92000001,England,England,Female,18+ yrs,,,2016/17,55.29029,54.96075,55.61353,54.77837,55.77809,,89926.0,,,Similar,Not compared,20160000,,,1y
93088,"Overweight (including obesity) prevalence in adults, (using adjusted self-reported height and weight)",E92000001,England,E92000001,England,England,Persons,85+ yrs,,,2016/17,64.2187,62.504,65.89817,61.57541,66.73071,,3123.0,,,Similar,Not compared,20160000,,,1y
93088,"Overweight (including obesity) prevalence in adults, (using adjusted self-reported height and weight)",E92000001,England,E92000001,England,England,Persons,25-34 yrs,,,2016/17,50.18642,49.51442,50.88311,49.09173,51.28568,,19873.0,,,Similar,Not compared,20160000,,,1y
93088,"Overweight (including obesity) prevalence in adults, (using adjusted self-reported height and weight)",E92000001,England,E92000001,England,England,Persons,35-44 yrs,,,2016/17,59.93181,59.34498,60.52154,59.00551,60.86487,,25923.0,,,Similar,Not compared,20160000,,,1y
93088,"Overweight (including obesity) prevalence in adults, (using adjusted self-reported height and weight)",E92000001,England,E92000001,England,England,Persons,45-54 yrs,,,2016/17,66.8466,66.32304,67.38818,65.99082,67.67929,,29198.0,,,Similar,Not compared,20160000,,,1y
93088,"Overweight (including obesity) prevalence in adults, (using adjusted self-reported height and weight)",E92000001,England,E92000001,England,England,Persons,55-64 yrs,,,2016/17,71.165,70.67072,71.6607,70.36379,71.93755,,33233.0,,,Similar,Not compared,20160000,,,1y
93088,"Overweight (including obesity) prevalence in adults, (using adjusted self-reported height and weight)",E92000001,England,E92000001,England,England,Persons,65-74 yrs,,,2016/17,71.9896,71.51968,72.46162,71.2687,72.73614,,33869.0,,,Similar,Not compared,20160000,,,1y
93088,"Overweight (including obesity) prevalence in adults, (using adjusted self-reported height and weight)",E92000001,England,E92000001,England,England,Persons,75-84 yrs,,,2016/17,72.35026,71.61771,73.09362,71.17638,73.44091,,13822.0,,,Similar,Not compared,20160000,,,1y
93088,"Overweight (including obesity) prevalence in adults, (using adjusted self-reported height and weight)",E92000001,England,E92000001,England,England,Persons,18+ yrs,,,2016/17,61.31358,61.07826,61.54753,60.93927,61.68471,,166213.0,,,Similar,Not compared,20160000,,,1y
93088,"Overweight (including obesity) prevalence in adults, (using adjusted self-reported height and weight)",E92000001,England,E92000001,England,England,Persons,18+ yrs,Working status,Inactive,2016/17,63.68193,63.29847,64.07129,63.09988,64.26988,,60428.0,,,Worse,Not compared,20160000,,,1y
93088,"Overweight (including obesity) prevalence in adults, (using adjusted self-reported height and weight)",E92000001,England,E92000001,England,England,Persons,18+ yrs,Working status,Unemployed,2016/17,61.43092,59.90842,62.96108,58.96718,63.85146,,3931.0,,,Similar,Not compared,20160000,,,1y
93088,"Overweight (including obesity) prevalence in adults, (using adjusted self-reported height and weight)",E92000001,England,E92000001,England,England,Persons,18+ yrs,Working status,Working,2016/17,61.98697,61.6704,62.29877,61.50151,62.46217,,91188.0,,,Worse,Not compared,20160000,,,1y
93088,"Overweight (including obesity) prevalence in adults, (using adjusted self-reported height and weight)",E92000001,England,E92000001,England,England,Persons,18+ yrs,Disability,Disabled,2016/17,70.52884,69.98993,71.0621,69.69849,71.32837,,27794.0,,,Worse,Not compared,20160000,,,1y
93088,"Overweight (including obesity) prevalence in adults, (using adjusted self-reported height and weight)",E92000001,England,E92000001,England,England,Persons,18+ yrs,Disability,Not disabled,2016/17,59.43033,59.16126,59.69819,59.00254,59.85692,,131674.0,,,Better,Not compared,20160000,,,1y
93088,"Overweight (including obesity) prevalence in adults, (using adjusted self-reported height and weight)",E92000001,England,E92000001,England,England,Persons,18+ yrs,Ethnic groups,White British,2016/17,62.30948,62.06015,62.56636,61.92286,62.68746,,142038.0,,,Worse,Not compared,20160000,,,1y
93088,"Overweight (including obesity) prevalence in adults, (using adjusted self-reported height and weight)",E92000001,England,E92000001,England,England,Persons,18+ yrs,Ethnic groups,White Other,2016/17,56.89521,55.85388,57.95114,55.25466,58.44668,,8678.0,,,Better,Not compared,20160000,,,1y
93088,"Overweight (including obesity) prevalence in adults, (using adjusted self-reported height and weight)",E92000001,England,E92000001,England,England,Persons,18+ yrs,Ethnic groups,Asian,2016/17,56.29206,55.03093,57.5057,54.36338,58.27094,,6142.0,,,Better,Not compared,20160000,,,1y
93088,"Overweight (including obesity) prevalence in adults, (using adjusted self-reported height and weight)",E92000001,England,E92000001,England,England,Persons,18+ yrs,Ethnic groups,Black,2016/17,68.98101,66.93508,71.01158,65.7775,72.21948,,1987.0,,,Worse,Not compared,20160000,,,1y
93088,"Overweight (including obesity) prevalence in adults, (using adjusted self-reported height and weight)",E92000001,England,E92000001,England,England,Persons,18+ yrs,Ethnic groups,Chinese,2016/17,32.70043,29.55326,35.85338,27.83505,37.57159,,873.0,,,Better,Not compared,20160000,,,1y
93088,"Overweight (including obesity) prevalence in adults, (using adjusted self-reported height and weight)",E92000001,England,E92000001,England,England,Persons,18+ yrs,Ethnic groups,Mixed,2016/17,59.24817,56.86881,61.63366,55.63119,63.05693,,1616.0,,,Similar,Not compared,20160000,,,1y
93088,"Overweight (including obesity) prevalence in adults, (using adjusted self-reported height and weight)",E92000001,England,E92000001,England,England,Persons,18+ yrs,Ethnic groups,Other,2016/17,60.2599,57.28782,63.19188,55.90406,65.03699,,1084.0,,,Similar,Not compared,20160000,,,1y
93088,"Overweight (including obesity) prevalence in adults, (using adjusted self-reported height and weight)",E92000001,England,E92000001,England,England,Persons,18+ yrs,LSOA11 deprivation deciles within area (IMD  trend),Most deprived decile,2016/17,67.56682,66.79675,68.30495,66.38665,68.68844,,15119.0,,,Worse,Not compared,20160000,,,1y
93088,"Overweight (including obesity) prevalence in adults, (using adjusted self-reported height and weight)",E92000001,England,E92000001,England,England,Persons,18+ yrs,LSOA11 deprivation deciles within area (IMD  trend),Second most deprived decile,2016/17,64.11831,63.35364,64.87068,62.89032,65.29579,,15756.0,,,Worse,Not compared,20160000,,,1y
93088,"Overweight (including obesity) prevalence in adults, (using adjusted self-reported height and weight)",E92000001,England,E92000001,England,England,Persons,18+ yrs,LSOA11 deprivation deciles within area (IMD  trend),Third more deprived decile,2016/17,63.07289,62.33424,63.82483,61.96639,64.21738,,16304.0,,,Worse,Not compared,20160000,,,1y
93088,"Overweight (including obesity) prevalence in adults, (using adjusted self-reported height and weight)",E92000001,England,E92000001,England,England,Persons,18+ yrs,LSOA11 deprivation deciles within area (IMD  trend),Fourth more deprived decile,2016/17,61.06804,60.33088,61.80543,59.90527,62.19506,,16683.0,,,Similar,Not compared,20160000,,,1y
93088,"Overweight (including obesity) prevalence in adults, (using adjusted self-reported height and weight)",E92000001,England,E92000001,England,England,Persons,18+ yrs,LSOA11 deprivation deciles within area (IMD  trend),Fifth more deprived decile,2016/17,61.44716,60.71194,62.1728,60.27663,62.58424,,16771.0,,,Similar,Not compared,20160000,,,1y
93088,"Overweight (including obesity) prevalence in adults, (using adjusted self-reported height and weight)",E92000001,England,E92000001,England,England,Persons,18+ yrs,LSOA11 deprivation deciles within area (IMD  trend),Fifth less deprived decile,2016/17,60.32222,59.58415,61.04318,59.17065,61.50984,,16929.0,,,Better,Not compared,20160000,,,1y
93088,"Overweight (including obesity) prevalence in adults, (using adjusted self-reported height and weight)",E92000001,England,E92000001,England,England,Persons,18+ yrs,LSOA11 deprivation deciles within area (IMD  trend),Fourth less deprived decile,2016/17,59.58659,58.84899,60.3053,58.40449,60.75564,,17098.0,,,Better,Not compared,20160000,,,1y
93088,"Overweight (including obesity) prevalence in adults, (using adjusted self-reported height and weight)",E92000001,England,E92000001,England,England,Persons,18+ yrs,LSOA11 deprivation deciles within area (IMD  trend),Third less deprived decile,2016/17,59.27574,58.5511,60.02218,58.14265,60.42496,,17132.0,,,Better,Not compared,20160000,,,1y
93088,"Overweight (including obesity) prevalence in adults, (using adjusted self-reported height and weight)",E92000001,England,E92000001,England,England,Persons,18+ yrs,LSOA11 deprivation deciles within area (IMD  trend),Second least deprived decile,2016/17,58.36004,57.61015,59.11763,57.17944,59.57163,,17181.0,,,Better,Not compared,20160000,,,1y
93088,"Overweight (including obesity) prevalence in adults, (using adjusted self-reported height and weight)",E92000001,England,E92000001,England,England,Persons,18+ yrs,LSOA11 deprivation deciles within area (IMD  trend),Least deprived decile,2016/17,57.01349,56.27683,57.75032,55.87654,58.20861,,17238.0,,,Better,Not compared,20160000,,,1y
93088,"Overweight (including obesity) prevalence in adults, (using adjusted self-reported height and weight)",E92000001,England,E92000001,England,England,Persons,18+ yrs,Level of education,No qualification,2016/17,69.44485,68.68034,70.19403,68.20557,70.57934,,14534.0,,,Worse,Not compared,20160000,,,1y
93088,"Overweight (including obesity) prevalence in adults, (using adjusted self-reported height and weight)",E92000001,England,E92000001,England,England,Persons,18+ yrs,Level of education,Another type of qualification,2016/17,64.07674,63.06516,65.05984,62.45564,65.625,,9024.0,,,Worse,Not compared,20160000,,,1y
93088,"Overweight (including obesity) prevalence in adults, (using adjusted self-reported height and weight)",E92000001,England,E92000001,England,England,Persons,18+ yrs,Level of education,Level 1 and below,2016/17,65.55836,64.01375,67.08091,63.22049,67.87414,,3782.0,,,Worse,Not compared,20160000,,,1y
93088,"Overweight (including obesity) prevalence in adults, (using adjusted self-reported height and weight)",E92000001,England,E92000001,England,England,Persons,18+ yrs,Level of education,Level 2 and equivalent,2016/17,65.0646,64.49405,65.6458,64.14255,65.95992,,26742.0,,,Worse,Not compared,20160000,,,1y
93088,"Overweight (including obesity) prevalence in adults, (using adjusted self-reported height and weight)",E92000001,England,E92000001,England,England,Persons,18+ yrs,Level of education,Level 3 and equivalent,2016/17,64.1268,63.51881,64.74453,63.1776,65.06466,,23741.0,,,Worse,Not compared,20160000,,,1y
93088,"Overweight (including obesity) prevalence in adults, (using adjusted self-reported height and weight)",E92000001,England,E92000001,England,England,Persons,18+ yrs,Level of education,Level 4 and above,2016/17,57.2674,56.93776,57.60512,56.72758,57.79631,,84213.0,,,Better,Not compared,20160000,,,1y
93088,"Overweight (including obesity) prevalence in adults, (using adjusted self-reported height and weight)",E92000001,England,E92000001,England,England,Persons,18+ yrs,Socioeconomic class,"Managerial, administrative and professional occupations",2016/17,52.18037,51.84913,52.51824,51.65137,52.7065,,84445.0,People aged 75 and over are excluded from NS-SeC (National Statistics Socio-economic Classification) economic activity questions in the Active Lives Adult Survey,,Better,Not compared,20160000,,,1y
93088,"Overweight (including obesity) prevalence in adults, (using adjusted self-reported height and weight)",E92000001,England,E92000001,England,England,Persons,18+ yrs,Socioeconomic class,Intermediate occupations,2016/17,50.92341,50.16811,51.67227,49.73161,52.12057,,16953.0,People aged 75 and over are excluded from NS-SeC (National Statistics Socio-economic Classification) economic activity questions in the Active Lives Adult Survey,,Better,Not compared,20160000,,,1y
93088,"Overweight (including obesity) prevalence in adults, (using adjusted self-reported height and weight)",E92000001,England,E92000001,England,England,Persons,18+ yrs,Socioeconomic class,Self-employed and small employers,2016/17,55.72663,54.81187,56.64797,54.233,57.13641,,11056.0,People aged 75 and over are excluded from NS-SeC (National Statistics Socio-economic Classification) economic activity questions in the Active Lives Adult Survey,,Better,Not compared,20160000,,,1y
93088,"Overweight (including obesity) prevalence in adults, (using adjusted self-reported height and weight)",E92000001,England,E92000001,England,England,Persons,18+ yrs,Socioeconomic class,Lower supervisory and technical occupations,2016/17,60.91403,60.00693,61.82479,59.47887,62.3615,,11552.0,People aged 75 and over are excluded from NS-SeC (National Statistics Socio-economic Classification) economic activity questions in the Active Lives Adult Survey,,Similar,Not compared,20160000,,,1y
93088,"Overweight (including obesity) prevalence in adults, (using adjusted self-reported height and weight)",E92000001,England,E92000001,England,England,Persons,18+ yrs,Socioeconomic class,Semi-routine and routine occupations,2016/17,57.93819,57.14843,58.7153,56.75833,59.17691,,15381.0,People aged 75 and over are excluded from NS-SeC (National Statistics Socio-economic Classification) economic activity questions in the Active Lives Adult Survey,,Better,Not compared,20160000,,,1y
93088,"Overweight (including obesity) prevalence in adults, (using adjusted self-reported height and weight)",E92000001,England,E92000001,England,England,Persons,18+ yrs,Socioeconomic class,Long term unemployed or never worked,2016/17,55.40508,53.55859,57.26096,52.55208,58.30345,,2782.0,People aged 75 and over are excluded from NS-SeC (National Statistics Socio-economic Classification) economic activity questions in the Active Lives Adult Survey,,Better,Not compared,20160000,,,1y
93088,"Overweight (including obesity) prevalence in adults, (using adjusted self-reported height and weight)",E92000001,England,E92000001,England,England,Persons,18+ yrs,Socioeconomic class,Students,2016/17,50.72391,49.1204,52.33645,48.1583,53.21605,,3638.0,People aged 75 and over are excluded from NS-SeC (National Statistics Socio-economic Classification) economic activity questions in the Active Lives Adult Survey,,Better,Not compared,20160000,,,1y
93088,"Overweight (including obesity) prevalence in adults, (using adjusted self-reported height and weight)",E92000001,England,E92000001,England,England,Persons,18+ yrs,Socioeconomic class,Other/unclassified,2016/17,53.10993,51.48801,54.75368,50.50563,55.61982,,3461.0,People aged 75 and over are excluded from NS-SeC (National Statistics Socio-economic Classification) economic activity questions in the Active Lives Adult Survey,,Better,Not compared,20160000,,,1y
93088,"Overweight (including obesity) prevalence in adults, (using adjusted self-reported height and weight)",E92000001,England,E92000001,England,England,Persons,18-24 yrs,,,2016/17,33.42668,32.34802,34.48132,31.79027,35.13666,,7172.0,,,Similar,Not compared,20160000,,,1y
93088,"Overweight (including obesity) prevalence in adults, (using adjusted self-reported height and weight)",E92000001,England,E06000001,Hartlepool,Counties & UAs (from Apr 2023),Persons,18+ yrs,,,2016/17,71.02333,66.49616,75.44757,64.19412,77.74936,,391.0,,,Worse,Not compared,20160000,,,1y
93088,"Overweight (including obesity) prevalence in adults, (using adjusted self-reported height and weight)",E92000001,England,E06000002,Middlesbrough,Counties & UAs (from Apr 2023),Persons,18+ yrs,,,2016/17,65.14736,60.52632,69.61722,57.6555,72.00981,,418.0,,,Similar,Not compared,20160000,,,1y
93088,"Overweight (including obesity) prevalence in adults, (using adjusted self-reported height and weight)",E92000001,England,E06000003,Redcar and Cleveland,Counties & UAs (from Apr 2023),Persons,18+ yrs,,,2016/17,66.01744,61.64384,70.31963,59.13242,72.83105,,438.0,,,Worse,Not compared,20160000,,,1y
93088,"Overweight (including obesity) prevalence in adults, (using adjusted self-reported height and weight)",E92000001,England,E06000004,Stockton-on-Tees,Counties & UAs (from Apr 2023),Persons,18+ yrs,,,2016/17,66.56428,62.13808,71.04677,59.91091,73.49666,,449.0,,,Worse,Not compared,20160000,,,1y
93088,"Overweight (including obesity) prevalence in adults, (using adjusted self-reported height and weight)",E92000001,England,E06000005,Darlington,Counties & UAs (from Apr 2023),Persons,18+ yrs,,,2016/17,65.18157,60.73903,69.74596,58.19861,72.28637,,433.0,,,Similar,Not compared,20160000,,,1y
93088,"Overweight (including obesity) prevalence in adults, (using adjusted self-reported height and weight)",E92000001,England,E06000006,Halton,Counties & UAs (from Apr 2023),Persons,18+ yrs,,,2016/17,59.48398,54.52196,64.34109,51.42119,66.92506,,387.0,,,Similar,Not compared,20160000,,,1y
93088,"Overweight (including obesity) prevalence in adults, (using adjusted self-reported height and weight)",E92000001,England,E06000007,Warrington,Counties & UAs (from Apr 2023),Persons,18+ yrs,,,2016/17,65.50772,62.25728,68.68932,60.31553,70.63107,,824.0,,,Worse,Not compared,20160000,,,1y
93088,"Overweight (including obesity) prevalence in adults, (using adjusted self-reported height and weight)",E92000001,England,E06000008,Blackburn with Darwen,Counties & UAs (from Apr 2023),Persons,18+ yrs,,,2016/17,64.1548,59.23077,68.71795,56.15385,71.0259,,390.0,,,Similar,Not compared,20160000,,,1y
93088,"Overweight (including obesity) prevalence in adults, (using adjusted self-reported height and weight)",E92000001,England,E06000009,Blackpool,Counties & UAs (from Apr 2023),Persons,18+ yrs,,,2016/17,62.72991,58.19071,67.48166,55.50098,70.17115,,409.0,,,Similar,Not compared,20160000,,,1y
93088,"Overweight (including obesity) prevalence in adults, (using adjusted self-reported height and weight)",E92000001,England,E06000010,Kingston upon Hull,Counties & UAs (from Apr 2023),Persons,18+ yrs,,,2016/17,70.42226,66.10169,74.8184,63.68015,77.23971,,413.0,,,Worse,Not compared,20160000,,,1y
93088,"Overweight (including obesity) prevalence in adults, (using adjusted self-reported height and weight)",E92000001,England,E06000011,East Riding of Yorkshire,Counties & UAs (from Apr 2023),Persons,18+ yrs,,,2016/17,67.34336,62.91866,71.77033,60.28684,74.16268,,418.0,,,Worse,Not compared,20160000,,,1y
93088,"Overweight (including obesity) prevalence in adults, (using adjusted self-reported height and weight)",E92000001,England,E06000012,North East Lincolnshire,Counties & UAs (from Apr 2023),Persons,18+ yrs,,,2016/17,72.42257,68.20388,76.69903,65.53398,78.88374,,412.0,,,Worse,Not compared,20160000,,,1y
93088,"Overweight (including obesity) prevalence in adults, (using adjusted self-reported height and weight)",E92000001,England,E06000013,North Lincolnshire,Counties & UAs (from Apr 2023),Persons,18+ yrs,,,2016/17,71.77898,67.48166,76.03912,64.54768,78.72861,,409.0,,,Worse,Not compared,20160000,,,1y
93088,"Overweight (including obesity) prevalence in adults, (using adjusted self-reported height and weight)",E92000001,England,E06000014,York,Counties & UAs (from Apr 2023),Persons,18+ yrs,,,2016/17,58.92879,54.13712,63.59338,51.77305,66.43026,,423.0,,,Similar,Not compared,20160000,,,1y
93088,"Overweight (including obesity) prevalence in adults, (using adjusted self-reported height and weight)",E92000001,England,E06000015,Derby,Counties & UAs (from Apr 2023),Persons,18+ yrs,,,2016/17,64.22193,60.98765,67.53086,59.1358,69.38272,,810.0,,,Similar,Not compared,20160000,,,1y
93088,"Overweight (including obesity) prevalence in adults, (using adjusted self-reported height and weight)",E92000001,England,E06000016,Leicester,Counties & UAs (from Apr 2023),Persons,18+ yrs,,,2016/17,56.55704,52.99861,60.25105,51.04603,62.20377,,717.0,,,Better,Not compared,20160000,,,1y
93088,"Overweight (including obesity) prevalence in adults, (using adjusted self-reported height and weight)",E92000001,England,E06000017,Rutland,Counties & UAs (from Apr 2023),Persons,18+ yrs,,,2016/17,58.20274,53.43137,62.9902,50.98039,65.68627,,408.0,,,Similar,Not compared,20160000,,,1y
93088,"Overweight (including obesity) prevalence in adults, (using adjusted self-reported height and weight)",E92000001,England,E06000018,Nottingham,Counties & UAs (from Apr 2023),Persons,18+ yrs,,,2016/17,63.36898,61.03405,65.76293,59.7099,67.08701,,1586.0,,,Similar,Not compared,20160000,,,1y
93088,"Overweight (including obesity) prevalence in adults, (using adjusted self-reported height and weight)",E92000001,England,E06000019,Herefordshire,Counties & UAs (from Apr 2023),Persons,18+ yrs,,,2016/17,62.66203,57.91962,67.13948,55.08274,69.73995,,423.0,,,Similar,Not compared,20160000,,,1y
93088,"Overweight (including obesity) prevalence in adults, (using adjusted self-reported height and weight)",E92000001,England,E06000020,Telford and Wrekin,Counties & UAs (from Apr 2023),Persons,18+ yrs,,,2016/17,66.09858,61.23457,70.8642,58.76543,72.83975,,405.0,,,Similar,Not compared,20160000,,,1y
93088,"Overweight (including obesity) prevalence in adults, (using adjusted self-reported height and weight)",E92000001,England,E06000021,Stoke-on-Trent,Counties & UAs (from Apr 2023),Persons,18+ yrs,,,2016/17,66.4094,63.10559,69.68944,61.49068,71.42857,,805.0,,,Worse,Not compared,20160000,,,1y
93088,"Overweight (including obesity) prevalence in adults, (using adjusted self-reported height and weight)",E92000001,England,E06000022,Bath and North East Somerset,Counties & UAs (from Apr 2023),Persons,18+ yrs,,,2016/17,55.57289,52.29142,58.87192,50.64618,60.63467,,851.0,,,Better,Not compared,20160000,,,1y
93088,"Overweight (including obesity) prevalence in adults, (using adjusted self-reported height and weight)",E92000001,England,E06000023,Bristol,Counties & UAs (from Apr 2023),Persons,18+ yrs,,,2016/17,55.60284,53.21046,57.96671,51.78353,59.15577,,1682.0,,,Better,Not compared,20160000,,,1y
93088,"Overweight (including obesity) prevalence in adults, (using adjusted self-reported height and weight)",E92000001,England,E06000024,North Somerset,Counties & UAs (from Apr 2023),Persons,18+ yrs,,,2016/17,56.19046,51.41509,60.84906,49.29245,63.67925,,424.0,,,Better,Not compared,20160000,,,1y
93088,"Overweight (including obesity) prevalence in adults, (using adjusted self-reported height and weight)",E92000001,England,E06000025,South Gloucestershire,Counties & UAs (from Apr 2023),Persons,18+ yrs,,,2016/17,60.72917,57.37705,64.05152,55.62061,65.69087,,854.0,,,Similar,Not compared,20160000,,,1y
93088,"Overweight (including obesity) prevalence in adults, (using adjusted self-reported height and weight)",E92000001,England,E06000026,Plymouth,Counties & UAs (from Apr 2023),Persons,18+ yrs,,,2016/17,67.24887,64.1115,70.38328,62.36911,72.12567,,861.0,,,Worse,Not compared,20160000,,,1y
93088,"Overweight (including obesity) prevalence in adults, (using adjusted self-reported height and weight)",E92000001,England,E06000027,Torbay,Counties & UAs (from Apr 2023),Persons,18+ yrs,,,2016/17,62.27511,57.5406,66.82135,54.75638,69.37355,,431.0,,,Similar,Not compared,20160000,,,1y
93088,"Overweight (including obesity) prevalence in adults, (using adjusted self-reported height and weight)",E92000001,England,E06000030,Swindon,Counties & UAs (from Apr 2023),Persons,18+ yrs,,,2016/17,63.43898,60.12048,66.74699,58.19277,68.79518,,830.0,,,Similar,Not compared,20160000,,,1y
93088,"Overweight (including obesity) prevalence in adults, (using adjusted self-reported height and weight)",E92000001,England,E06000031,Peterborough,Counties & UAs (from Apr 2023),Persons,18+ yrs,,,2016/17,62.44234,59.0796,65.79602,56.96505,67.66169,,804.0,,,Similar,Not compared,20160000,,,1y
93088,"Overweight (including obesity) prevalence in adults, (using adjusted self-reported height and weight)",E92000001,England,E06000032,Luton,Counties & UAs (from Apr 2023),Persons,18+ yrs,,,2016/17,64.05265,60.67114,67.51678,58.52349,69.39597,,745.0,,,Similar,Not compared,20160000,,,1y
93088,"Overweight (including obesity) prevalence in adults, (using adjusted self-reported height and weight)",E92000001,England,E06000033,Southend-on-Sea,Counties & UAs (from Apr 2023),Persons,18+ yrs,,,2016/17,59.84733,56.50602,63.13253,54.69867,64.93976,,830.0,,,Similar,Not compared,20160000,,,1y
93088,"Overweight (including obesity) prevalence in adults, (using adjusted self-reported height and weight)",E92000001,England,E06000034,Thurrock,Counties & UAs (from Apr 2023),Persons,18+ yrs,,,2016/17,69.14162,65.91479,72.30576,64.03509,74.31078,,798.0,,,Worse,Not compared,20160000,,,1y
93088,"Overweight (including obesity) prevalence in adults, (using adjusted self-reported height and weight)",E92000001,England,E06000035,Medway,Counties & UAs (from Apr 2023),Persons,18+ yrs,,,2016/17,64.1027,60.79614,67.31001,59.34849,69.24005,,829.0,,,Similar,Not compared,20160000,,,1y
93088,"Overweight (including obesity) prevalence in adults, (using adjusted self-reported height and weight)",E92000001,England,E06000036,Bracknell Forest,Counties & UAs (from Apr 2023),Persons,18+ yrs,,,2016/17,61.8607,57.24638,66.42512,54.83068,69.08213,,414.0,,,Similar,Not compared,20160000,,,1y
93088,"Overweight (including obesity) prevalence in adults, (using adjusted self-reported height and weight)",E92000001,England,E06000037,West Berkshire,Counties & UAs (from Apr 2023),Persons,18+ yrs,,,2016/17,61.78768,57.37327,66.35945,54.83848,68.89401,,434.0,,,Similar,Not compared,20160000,,,1y
93088,"Overweight (including obesity) prevalence in adults, (using adjusted self-reported height and weight)",E92000001,England,E06000038,Reading,Counties & UAs (from Apr 2023),Persons,18+ yrs,,,2016/17,58.97896,55.68563,62.27545,53.65257,64.07186,,835.0,,,Similar,Not compared,20160000,,,1y
93088,"Overweight (including obesity) prevalence in adults, (using adjusted self-reported height and weight)",E92000001,England,E06000039,Slough,Counties & UAs (from Apr 2023),Persons,18+ yrs,,,2016/17,63.06091,59.63939,66.5742,57.55895,68.51595,,721.0,,,Similar,Not compared,20160000,,,1y
93088,"Overweight (including obesity) prevalence in adults, (using adjusted self-reported height and weight)",E92000001,England,E06000040,Windsor and Maidenhead,Counties & UAs (from Apr 2023),Persons,18+ yrs,,,2016/17,56.73686,52.019,61.28266,49.16865,63.65819,,421.0,,,Better,Not compared,20160000,,,1y
93088,"Overweight (including obesity) prevalence in adults, (using adjusted self-reported height and weight)",E92000001,England,E06000041,Wokingham,Counties & UAs (from Apr 2023),Persons,18+ yrs,,,2016/17,55.08189,50.25773,60.05155,47.16495,62.62912,,388.0,,,Better,Not compared,20160000,,,1y
93088,"Overweight (including obesity) prevalence in adults, (using adjusted self-reported height and weight)",E92000001,England,E06000042,Milton Keynes,Counties & UAs (from Apr 2023),Persons,18+ yrs,,,2016/17,65.2633,62.12871,68.56436,60.14851,70.42079,,808.0,,,Worse,Not compared,20160000,,,1y
93088,"Overweight (including obesity) prevalence in adults, (using adjusted self-reported height and weight)",E92000001,England,E06000043,Brighton and Hove,Counties & UAs (from Apr 2023),Persons,18+ yrs,,,2016/17,48.02329,43.30144,52.87081,40.66986,55.74163,,418.0,,,Better,Not compared,20160000,,,1y
93088,"Overweight (including obesity) prevalence in adults, (using adjusted self-reported height and weight)",E92000001,England,E06000044,Portsmouth,Counties & UAs (from Apr 2023),Persons,18+ yrs,,,2016/17,63.74757,60.50119,67.06444,58.7111,68.61575,,838.0,,,Similar,Not compared,20160000,,,1y
93088,"Overweight (including obesity) prevalence in adults, (using adjusted self-reported height and weight)",E92000001,England,E06000045,Southampton,Counties & UAs (from Apr 2023),Persons,18+ yrs,,,2016/17,63.33899,60.13986,66.55012,58.27506,68.29837,,858.0,,,Similar,Not compared,20160000,,,1y
93088,"Overweight (including obesity) prevalence in adults, (using adjusted self-reported height and weight)",E92000001,England,E06000046,Isle of Wight,Counties & UAs (from Apr 2023),Persons,18+ yrs,,,2016/17,65.23104,60.47619,69.7619,58.09524,72.14286,,420.0,,,Similar,Not compared,20160000,,,1y
93088,"Overweight (including obesity) prevalence in adults, (using adjusted self-reported height and weight)",E92000001,England,E06000047,County Durham,Counties & UAs (from Apr 2023),Persons,18+ yrs,,,2016/17,67.90277,64.73923,70.97506,63.03855,72.90249,,882.0,,,Worse,Not compared,20160000,,,1y
93088,"Overweight (including obesity) prevalence in adults, (using adjusted self-reported height and weight)",E92000001,England,E06000049,Cheshire East,Counties & UAs (from Apr 2023),Persons,18+ yrs,,,2016/17,60.18635,55.50562,64.7191,53.03348,67.19101,,445.0,,,Similar,Not compared,20160000,,,1y
93088,"Overweight (including obesity) prevalence in adults, (using adjusted self-reported height and weight)",E92000001,England,E06000050,Cheshire West and Chester,Counties & UAs (from Apr 2023),Persons,18+ yrs,,,2016/17,58.49063,55.15222,61.8267,53.27869,63.81745,,854.0,,,Similar,Not compared,20160000,,,1y
93088,"Overweight (including obesity) prevalence in adults, (using adjusted self-reported height and weight)",E92000001,England,E06000051,Shropshire,Counties & UAs (from Apr 2023),Persons,18+ yrs,,,2016/17,70.40825,65.64103,74.87179,63.07692,77.4359,,390.0,,,Worse,Not compared,20160000,,,1y
93088,"Overweight (including obesity) prevalence in adults, (using adjusted self-reported height and weight)",E92000001,England,E06000052,Cornwall,Counties & UAs (from Apr 2023),Persons,18+ yrs,,,2016/17,64.19792,60.87485,67.55772,59.05225,69.50182,,823.0,,,Similar,Not compared,20160000,,,1y
93088,"Overweight (including obesity) prevalence in adults, (using adjusted self-reported height and weight)",E92000001,England,E06000053,Isles of Scilly,Counties & UAs (from Apr 2023),Persons,18+ yrs,,,2016/17,64.48408,57.84314,71.07843,53.43137,75.0,,204.0,,,Similar,Not compared,20160000,,,1y
93088,"Overweight (including obesity) prevalence in adults, (using adjusted self-reported height and weight)",E92000001,England,E06000054,Wiltshire,Counties & UAs (from Apr 2023),Persons,18+ yrs,,,2016/17,61.44411,58.17972,64.51613,56.10599,66.24424,,868.0,,,Similar,Not compared,20160000,,,1y
93088,"Overweight (including obesity) prevalence in adults, (using adjusted self-reported height and weight)",E92000001,England,E06000055,Bedford,Counties & UAs (from Apr 2023),Persons,18+ yrs,,,2016/17,60.72942,56.10329,65.25822,53.28638,68.07512,,426.0,,,Similar,Not compared,20160000,,,1y
93088,"Overweight (including obesity) prevalence in adults, (using adjusted self-reported height and weight)",E92000001,England,E06000056,Central Bedfordshire,Counties & UAs (from Apr 2023),Persons,18+ yrs,,,2016/17,63.0744,58.41121,67.52336,55.84112,70.79439,,428.0,,,Similar,Not compared,20160000,,,1y
93088,"Overweight (including obesity) prevalence in adults, (using adjusted self-reported height and weight)",E92000001,England,E06000057,Northumberland,Counties & UAs (from Apr 2023),Persons,18+ yrs,,,2016/17,64.62879,61.3826,67.81883,59.35638,69.48749,,839.0,,,Worse,Not compared,20160000,,,1y
93088,"Overweight (including obesity) prevalence in adults, (using adjusted self-reported height and weight)",E92000001,England,E06000058,"Bournemouth, Christchurch and Poole",Counties & UAs (from Apr 2023),Persons,18+ yrs,,,2016/17,59.2301,56.48369,61.97295,54.73349,63.40493,,1257.0,,,Similar,Not compared,20160000,,,1y
93088,"Overweight (including obesity) prevalence in adults, (using adjusted self-reported height and weight)",E92000001,England,E06000059,Dorset,Counties & UAs (from Apr 2023),Persons,18+ yrs,,,2016/17,62.53378,60.54328,64.5488,59.34613,65.7459,,2172.0,,,Similar,Not compared,20160000,,,1y
93088,"Overweight (including obesity) prevalence in adults, (using adjusted self-reported height and weight)",E92000001,England,E06000060,Buckinghamshire UA,Counties & UAs (from Apr 2023),Persons,18+ yrs,,,2016/17,57.41685,55.06403,59.72061,53.55064,61.00116,,1718.0,,,Better,Not compared,20160000,,,1y
93088,"Overweight (including obesity) prevalence in adults, (using adjusted self-reported height and weight)",E92000001,England,E06000061,North Northamptonshire,Counties & UAs (from Apr 2023),Persons,18+ yrs,,,2016/17,67.58811,65.34296,69.8556,64.07942,70.9988,,1662.0,,,Worse,Not compared,20160000,,,1y
93088,"Overweight (including obesity) prevalence in adults, (using adjusted self-reported height and weight)",E92000001,England,E06000062,West Northamptonshire,Counties & UAs (from Apr 2023),Persons,18+ yrs,,,2016/17,63.41012,60.70008,66.10979,59.02944,67.6214,,1257.0,,,Similar,Not compared,20160000,,,1y
93088,"Overweight (including obesity) prevalence in adults, (using adjusted self-reported height and weight)",E92000001,England,E06000063,Cumberland,Counties & UAs (from Apr 2023),Persons,18+ yrs,,,2016/17,63.05798,60.38339,65.73482,59.10543,67.17268,,1252.0,,,Similar,Not compared,20160000,,,1y
93088,"Overweight (including obesity) prevalence in adults, (using adjusted self-reported height and weight)",E92000001,England,E06000064,Westmorland and Furness,Counties & UAs (from Apr 2023),Persons,18+ yrs,,,2016/17,60.82047,58.13953,63.41085,56.66667,65.1938,,1290.0,,,Similar,Not compared,20160000,,,1y
93088,"Overweight (including obesity) prevalence in adults, (using adjusted self-reported height and weight)",E92000001,England,E06000065,North Yorkshire UA,Counties & UAs (from Apr 2023),Persons,18+ yrs,,,2016/17,60.24994,58.48244,61.9947,57.65408,62.95563,,3018.0,,,Similar,Not compared,20160000,,,1y
93088,"Overweight (including obesity) prevalence in adults, (using adjusted self-reported height and weight)",E92000001,England,E06000066,Somerset UA,Counties & UAs (from Apr 2023),Persons,18+ yrs,,,2016/17,62.5844,60.54104,64.64552,59.28172,65.76497,,2144.0,,,Similar,Not compared,20160000,,,1y
93088,"Overweight (including obesity) prevalence in adults, (using adjusted self-reported height and weight)",E92000001,England,E08000001,Bolton,Counties & UAs (from Apr 2023),Persons,18+ yrs,,,2016/17,60.32764,56.98393,63.65884,54.88245,65.38937,,809.0,,,Similar,Not compared,20160000,,,1y
93088,"Overweight (including obesity) prevalence in adults, (using adjusted self-reported height and weight)",E92000001,England,E08000002,Bury,Counties & UAs (from Apr 2023),Persons,18+ yrs,,,2016/17,63.35016,60.02415,66.66667,58.21256,68.71981,,828.0,,,Similar,Not compared,20160000,,,1y
93088,"Overweight (including obesity) prevalence in adults, (using adjusted self-reported height and weight)",E92000001,England,E08000003,Manchester,Counties & UAs (from Apr 2023),Persons,18+ yrs,,,2016/17,62.84288,60.48387,65.19851,59.24305,66.56328,,1612.0,,,Similar,Not compared,20160000,,,1y
93088,"Overweight (including obesity) prevalence in adults, (using adjusted self-reported height and weight)",E92000001,England,E08000004,Oldham,Counties & UAs (from Apr 2023),Persons,18+ yrs,,,2016/17,66.53152,63.24063,69.77025,61.06397,71.58404,,827.0,,,Worse,Not compared,20160000,,,1y
93088,"Overweight (including obesity) prevalence in adults, (using adjusted self-reported height and weight)",E92000001,England,E08000005,Rochdale,Counties & UAs (from Apr 2023),Persons,18+ yrs,,,2016/17,68.26851,65.04854,71.35922,63.22803,73.17973,,824.0,,,Worse,Not compared,20160000,,,1y
93088,"Overweight (including obesity) prevalence in adults, (using adjusted self-reported height and weight)",E92000001,England,E08000006,Salford,Counties & UAs (from Apr 2023),Persons,18+ yrs,,,2016/17,64.15485,60.83832,67.42515,59.0418,69.22156,,835.0,,,Similar,Not compared,20160000,,,1y
93088,"Overweight (including obesity) prevalence in adults, (using adjusted self-reported height and weight)",E92000001,England,E08000007,Stockport,Counties & UAs (from Apr 2023),Persons,18+ yrs,,,2016/17,60.41484,57.1762,63.59393,54.95916,65.34422,,857.0,,,Similar,Not compared,20160000,,,1y
93088,"Overweight (including obesity) prevalence in adults, (using adjusted self-reported height and weight)",E92000001,England,E08000008,Tameside,Counties & UAs (from Apr 2023),Persons,18+ yrs,,,2016/17,65.06023,61.75396,68.3313,60.1704,70.28027,,821.0,,,Worse,Not compared,20160000,,,1y
93088,"Overweight (including obesity) prevalence in adults, (using adjusted self-reported height and weight)",E92000001,England,E08000009,Trafford,Counties & UAs (from Apr 2023),Persons,18+ yrs,,,2016/17,55.86578,52.5,59.16667,50.59524,61.54774,,840.0,,,Better,Not compared,20160000,,,1y
93088,"Overweight (including obesity) prevalence in adults, (using adjusted self-reported height and weight)",E92000001,England,E08000010,Wigan,Counties & UAs (from Apr 2023),Persons,18+ yrs,,,2016/17,70.95623,67.80073,73.99757,66.09964,75.69878,,823.0,,,Worse,Not compared,20160000,,,1y
93088,"Overweight (including obesity) prevalence in adults, (using adjusted self-reported height and weight)",E92000001,England,E08000011,Knowsley,Counties & UAs (from Apr 2023),Persons,18+ yrs,,,2016/17,74.07558,69.82968,78.3455,67.39659,80.77859,,411.0,,,Worse,Not compared,20160000,,,1y
93088,"Overweight (including obesity) prevalence in adults, (using adjusted self-reported height and weight)",E92000001,England,E08000012,Liverpool,Counties & UAs (from Apr 2023),Persons,18+ yrs,,,2016/17,62.55596,60.19014,64.88414,58.88295,66.07255,,1683.0,,,Similar,Not compared,20160000,,,1y
93088,"Overweight (including obesity) prevalence in adults, (using adjusted self-reported height and weight)",E92000001,England,E08000013,St. Helens,Counties & UAs (from Apr 2023),Persons,18+ yrs,,,2016/17,69.19671,64.88372,73.48837,62.09279,75.58163,,430.0,,,Worse,Not compared,20160000,,,1y
93088,"Overweight (including obesity) prevalence in adults, (using adjusted self-reported height and weight)",E92000001,England,E08000014,Sefton,Counties & UAs (from Apr 2023),Persons,18+ yrs,,,2016/17,62.69169,58.16092,67.12644,55.4023,69.65517,,435.0,,,Similar,Not compared,20160000,,,1y
93088,"Overweight (including obesity) prevalence in adults, (using adjusted self-reported height and weight)",E92000001,England,E08000015,Wirral,Counties & UAs (from Apr 2023),Persons,18+ yrs,,,2016/17,63.88591,59.55556,68.22222,56.88867,70.66667,,450.0,,,Similar,Not compared,20160000,,,1y
93088,"Overweight (including obesity) prevalence in adults, (using adjusted self-reported height and weight)",E92000001,England,E08000016,Barnsley,Counties & UAs (from Apr 2023),Persons,18+ yrs,,,2016/17,73.82873,69.81982,77.92793,67.34234,79.95495,,444.0,,,Worse,Not compared,20160000,,,1y
93088,"Overweight (including obesity) prevalence in adults, (using adjusted self-reported height and weight)",E92000001,England,E08000017,Doncaster,Counties & UAs (from Apr 2023),Persons,18+ yrs,,,2016/17,70.0448,65.50868,74.44169,63.27519,76.92333,,403.0,,,Worse,Not compared,20160000,,,1y
93088,"Overweight (including obesity) prevalence in adults, (using adjusted self-reported height and weight)",E92000001,England,E08000018,Rotherham,Counties & UAs (from Apr 2023),Persons,18+ yrs,,,2016/17,71.76129,67.47573,75.97087,65.04806,78.64078,,412.0,,,Worse,Not compared,20160000,,,1y
93088,"Overweight (including obesity) prevalence in adults, (using adjusted self-reported height and weight)",E92000001,England,E08000019,Sheffield,Counties & UAs (from Apr 2023),Persons,18+ yrs,,,2016/17,61.08535,58.77454,63.41463,57.34682,64.96139,,1681.0,,,Similar,Not compared,20160000,,,1y
93088,"Overweight (including obesity) prevalence in adults, (using adjusted self-reported height and weight)",E92000001,England,E08000021,Newcastle upon Tyne,Counties & UAs (from Apr 2023),Persons,18+ yrs,,,2016/17,63.2005,60.89626,65.56169,59.54567,66.85083,,1629.0,,,Similar,Not compared,20160000,,,1y
93088,"Overweight (including obesity) prevalence in adults, (using adjusted self-reported height and weight)",E92000001,England,E08000022,North Tyneside,Counties & UAs (from Apr 2023),Persons,18+ yrs,,,2016/17,60.26971,55.42169,65.06024,53.01181,67.71084,,415.0,,,Similar,Not compared,20160000,,,1y
93088,"Overweight (including obesity) prevalence in adults, (using adjusted self-reported height and weight)",E92000001,England,E08000023,South Tyneside,Counties & UAs (from Apr 2023),Persons,18+ yrs,,,2016/17,69.59465,65.13317,74.09201,62.46973,76.0293,,413.0,,,Worse,Not compared,20160000,,,1y
93088,"Overweight (including obesity) prevalence in adults, (using adjusted self-reported height and weight)",E92000001,England,E08000024,Sunderland,Counties & UAs (from Apr 2023),Persons,18+ yrs,,,2016/17,65.77445,62.73148,68.98148,60.76389,70.71771,,864.0,,,Worse,Not compared,20160000,,,1y
93088,"Overweight (including obesity) prevalence in adults, (using adjusted self-reported height and weight)",E92000001,England,E08000025,Birmingham,Counties & UAs (from Apr 2023),Persons,18+ yrs,,,2016/17,62.08244,59.63128,64.46281,58.29625,66.05213,,1573.0,,,Similar,Not compared,20160000,,,1y
93088,"Overweight (including obesity) prevalence in adults, (using adjusted self-reported height and weight)",E92000001,England,E08000026,Coventry,Counties & UAs (from Apr 2023),Persons,18+ yrs,,,2016/17,64.3515,61.03405,67.71753,59.01639,69.60908,,793.0,,,Similar,Not compared,20160000,,,1y
93088,"Overweight (including obesity) prevalence in adults, (using adjusted self-reported height and weight)",E92000001,England,E08000027,Dudley,Counties & UAs (from Apr 2023),Persons,18+ yrs,,,2016/17,67.17025,64.09314,70.34314,62.13235,72.18137,,816.0,,,Worse,Not compared,20160000,,,1y
93088,"Overweight (including obesity) prevalence in adults, (using adjusted self-reported height and weight)",E92000001,England,E08000028,Sandwell,Counties & UAs (from Apr 2023),Persons,18+ yrs,,,2016/17,70.48624,67.18954,73.72549,65.09804,75.55556,,765.0,,,Worse,Not compared,20160000,,,1y
93088,"Overweight (including obesity) prevalence in adults, (using adjusted self-reported height and weight)",E92000001,England,E08000029,Solihull,Counties & UAs (from Apr 2023),Persons,18+ yrs,,,2016/17,63.86723,59.33806,68.32151,56.73759,70.92199,,423.0,,,Similar,Not compared,20160000,,,1y
93088,"Overweight (including obesity) prevalence in adults, (using adjusted self-reported height and weight)",E92000001,England,E08000030,Walsall,Counties & UAs (from Apr 2023),Persons,18+ yrs,,,2016/17,66.91523,63.59946,70.23004,61.56955,72.25995,,739.0,,,Worse,Not compared,20160000,,,1y
93088,"Overweight (including obesity) prevalence in adults, (using adjusted self-reported height and weight)",E92000001,England,E08000031,Wolverhampton,Counties & UAs (from Apr 2023),Persons,18+ yrs,,,2016/17,67.31198,64.03509,70.55138,62.15526,72.30576,,798.0,,,Worse,Not compared,20160000,,,1y
93088,"Overweight (including obesity) prevalence in adults, (using adjusted self-reported height and weight)",E92000001,England,E08000032,Bradford,Counties & UAs (from Apr 2023),Persons,18+ yrs,,,2016/17,64.30086,60.92385,67.66542,59.17603,69.66305,,801.0,,,Similar,Not compared,20160000,,,1y
93088,"Overweight (including obesity) prevalence in adults, (using adjusted self-reported height and weight)",E92000001,England,E08000033,Calderdale,Counties & UAs (from Apr 2023),Persons,18+ yrs,,,2016/17,58.48883,53.84615,63.12217,51.35724,65.61109,,442.0,,,Similar,Not compared,20160000,,,1y
93088,"Overweight (including obesity) prevalence in adults, (using adjusted self-reported height and weight)",E92000001,England,E08000034,Kirklees,Counties & UAs (from Apr 2023),Persons,18+ yrs,,,2016/17,65.02686,61.74662,68.26568,59.9016,70.2337,,813.0,,,Worse,Not compared,20160000,,,1y
93088,"Overweight (including obesity) prevalence in adults, (using adjusted self-reported height and weight)",E92000001,England,E08000035,Leeds,Counties & UAs (from Apr 2023),Persons,18+ yrs,,,2016/17,64.82122,62.56749,67.12657,61.30768,68.38638,,1667.0,,,Worse,Not compared,20160000,,,1y
93088,"Overweight (including obesity) prevalence in adults, (using adjusted self-reported height and weight)",E92000001,England,E08000036,Wakefield,Counties & UAs (from Apr 2023),Persons,18+ yrs,,,2016/17,67.40062,64.09314,70.58824,62.13223,72.42659,,816.0,,,Worse,Not compared,20160000,,,1y
93088,"Overweight (including obesity) prevalence in adults, (using adjusted self-reported height and weight)",E92000001,England,E08000037,Gateshead,Counties & UAs (from Apr 2023),Persons,18+ yrs,,,2016/17,69.16992,64.97797,73.56828,62.11454,75.77115,,454.0,,,Worse,Not compared,20160000,,,1y
93088,"Overweight (including obesity) prevalence in adults, (using adjusted self-reported height and weight)",E92000001,England,E09000001,City of London,Counties & UAs (from Apr 2023),Persons,18+ yrs,,,2016/17,38.47955,32.11009,44.95413,28.44037,48.16514,,218.0,,,Better,Not compared,20160000,,,1y
93088,"Overweight (including obesity) prevalence in adults, (using adjusted self-reported height and weight)",E92000001,England,E09000002,Barking and Dagenham,Counties & UAs (from Apr 2023),Persons,18+ yrs,,,2016/17,62.58084,58.967,66.1406,57.10187,68.14935,,697.0,,,Similar,Not compared,20160000,,,1y
93088,"Overweight (including obesity) prevalence in adults, (using adjusted self-reported height and weight)",E92000001,England,E09000003,Barnet,Counties & UAs (from Apr 2023),Persons,18+ yrs,,,2016/17,52.86453,49.36224,56.37755,47.19388,58.80102,,784.0,,,Better,Not compared,20160000,,,1y
93088,"Overweight (including obesity) prevalence in adults, (using adjusted self-reported height and weight)",E92000001,England,E09000004,Bexley,Counties & UAs (from Apr 2023),Persons,18+ yrs,,,2016/17,62.90248,58.2716,67.65432,55.30864,70.12346,,405.0,,,Similar,Not compared,20160000,,,1y
93088,"Overweight (including obesity) prevalence in adults, (using adjusted self-reported height and weight)",E92000001,England,E09000005,Brent,Counties & UAs (from Apr 2023),Persons,18+ yrs,,,2016/17,57.30119,52.15054,62.10349,49.19355,65.05376,,372.0,,,Similar,Not compared,20160000,,,1y
93088,"Overweight (including obesity) prevalence in adults, (using adjusted self-reported height and weight)",E92000001,England,E09000006,Bromley,Counties & UAs (from Apr 2023),Persons,18+ yrs,,,2016/17,55.96109,51.3253,60.72289,48.67446,63.37373,,415.0,,,Better,Not compared,20160000,,,1y
93088,"Overweight (including obesity) prevalence in adults, (using adjusted self-reported height and weight)",E92000001,England,E09000007,Camden,Counties & UAs (from Apr 2023),Persons,18+ yrs,,,2016/17,45.12369,40.43584,49.87893,37.7724,52.54237,,413.0,,,Better,Not compared,20160000,,,1y
93088,"Overweight (including obesity) prevalence in adults, (using adjusted self-reported height and weight)",E92000001,England,E09000008,Croydon,Counties & UAs (from Apr 2023),Persons,18+ yrs,,,2016/17,60.01392,55.19802,64.85149,52.47525,67.57426,,404.0,,,Similar,Not compared,20160000,,,1y
93088,"Overweight (including obesity) prevalence in adults, (using adjusted self-reported height and weight)",E92000001,England,E09000009,Ealing,Counties & UAs (from Apr 2023),Persons,18+ yrs,,,2016/17,56.77666,51.79487,61.53846,49.23051,64.35897,,390.0,,,Similar,Not compared,20160000,,,1y
93088,"Overweight (including obesity) prevalence in adults, (using adjusted self-reported height and weight)",E92000001,England,E09000010,Enfield,Counties & UAs (from Apr 2023),Persons,18+ yrs,,,2016/17,60.59403,57.14286,64.09608,54.99368,66.24526,,791.0,,,Similar,Not compared,20160000,,,1y
93088,"Overweight (including obesity) prevalence in adults, (using adjusted self-reported height and weight)",E92000001,England,E09000011,Greenwich,Counties & UAs (from Apr 2023),Persons,18+ yrs,,,2016/17,59.42022,56.06061,62.87879,54.0404,64.64646,,792.0,,,Similar,Not compared,20160000,,,1y
93088,"Overweight (including obesity) prevalence in adults, (using adjusted self-reported height and weight)",E92000001,England,E09000012,Hackney,Counties & UAs (from Apr 2023),Persons,18+ yrs,,,2016/17,55.1792,50.3937,60.10499,47.24409,62.99213,,381.0,,,Better,Not compared,20160000,,,1y
93088,"Overweight (including obesity) prevalence in adults, (using adjusted self-reported height and weight)",E92000001,England,E09000013,Hammersmith and Fulham,Counties & UAs (from Apr 2023),Persons,18+ yrs,,,2016/17,51.20203,46.32353,55.88235,43.38235,58.82353,,408.0,,,Better,Not compared,20160000,,,1y
93088,"Overweight (including obesity) prevalence in adults, (using adjusted self-reported height and weight)",E92000001,England,E09000014,Haringey,Counties & UAs (from Apr 2023),Persons,18+ yrs,,,2016/17,48.26782,44.77612,51.74129,42.78607,53.73147,,804.0,,,Better,Not compared,20160000,,,1y
93088,"Overweight (including obesity) prevalence in adults, (using adjusted self-reported height and weight)",E92000001,England,E09000015,Harrow,Counties & UAs (from Apr 2023),Persons,18+ yrs,,,2016/17,58.46602,53.55191,63.6612,50.8194,66.12049,,366.0,,,Similar,Not compared,20160000,,,1y
93088,"Overweight (including obesity) prevalence in adults, (using adjusted self-reported height and weight)",E92000001,England,E09000016,Havering,Counties & UAs (from Apr 2023),Persons,18+ yrs,,,2016/17,58.27224,53.46062,63.00716,50.83508,65.87112,,419.0,,,Similar,Not compared,20160000,,,1y
93088,"Overweight (including obesity) prevalence in adults, (using adjusted self-reported height and weight)",E92000001,England,E09000017,Hillingdon,Counties & UAs (from Apr 2023),Persons,18+ yrs,,,2016/17,55.45225,50.65274,60.31332,47.78068,63.70757,,383.0,,,Better,Not compared,20160000,,,1y
93088,"Overweight (including obesity) prevalence in adults, (using adjusted self-reported height and weight)",E92000001,England,E09000018,Hounslow,Counties & UAs (from Apr 2023),Persons,18+ yrs,,,2016/17,55.4836,50.51813,60.36269,47.40933,63.4715,,386.0,,,Better,Not compared,20160000,,,1y
93088,"Overweight (including obesity) prevalence in adults, (using adjusted self-reported height and weight)",E92000001,England,E09000019,Islington,Counties & UAs (from Apr 2023),Persons,18+ yrs,,,2016/17,53.19217,48.43373,58.07229,45.54217,60.24096,,415.0,,,Better,Not compared,20160000,,,1y
93088,"Overweight (including obesity) prevalence in adults, (using adjusted self-reported height and weight)",E92000001,England,E09000020,Kensington and Chelsea,Counties & UAs (from Apr 2023),Persons,18+ yrs,,,2016/17,40.69073,35.99034,45.41063,33.33333,48.55072,,414.0,,,Better,Not compared,20160000,,,1y
93088,"Overweight (including obesity) prevalence in adults, (using adjusted self-reported height and weight)",E92000001,England,E09000021,Kingston upon Thames,Counties & UAs (from Apr 2023),Persons,18+ yrs,,,2016/17,51.44822,46.58537,56.34146,43.90244,59.02463,,410.0,,,Better,Not compared,20160000,,,1y
93088,"Overweight (including obesity) prevalence in adults, (using adjusted self-reported height and weight)",E92000001,England,E09000022,Lambeth,Counties & UAs (from Apr 2023),Persons,18+ yrs,,,2016/17,51.03528,47.61905,54.40476,45.95238,56.30952,,840.0,,,Better,Not compared,20160000,,,1y
93088,"Overweight (including obesity) prevalence in adults, (using adjusted self-reported height and weight)",E92000001,England,E09000023,Lewisham,Counties & UAs (from Apr 2023),Persons,18+ yrs,,,2016/17,56.83759,52.25,61.5,49.25,64.5,,400.0,,,Similar,Not compared,20160000,,,1y
93088,"Overweight (including obesity) prevalence in adults, (using adjusted self-reported height and weight)",E92000001,England,E09000024,Merton,Counties & UAs (from Apr 2023),Persons,18+ yrs,,,2016/17,58.04213,53.08642,62.71605,50.61728,65.67901,,405.0,,,Similar,Not compared,20160000,,,1y
93088,"Overweight (including obesity) prevalence in adults, (using adjusted self-reported height and weight)",E92000001,England,E09000025,Newham,Counties & UAs (from Apr 2023),Persons,18+ yrs,,,2016/17,61.05314,56.04396,65.93407,53.2967,68.95604,,364.0,,,Similar,Not compared,20160000,,,1y
93088,"Overweight (including obesity) prevalence in adults, (using adjusted self-reported height and weight)",E92000001,England,E09000026,Redbridge,Counties & UAs (from Apr 2023),Persons,18+ yrs,,,2016/17,59.99992,56.69192,63.38384,54.67172,65.27778,,792.0,,,Similar,Not compared,20160000,,,1y
93088,"Overweight (including obesity) prevalence in adults, (using adjusted self-reported height and weight)",E92000001,England,E09000027,Richmond upon Thames,Counties & UAs (from Apr 2023),Persons,18+ yrs,,,2016/17,50.73765,46.06481,55.55556,43.28704,58.10185,,432.0,,,Better,Not compared,20160000,,,1y
93088,"Overweight (including obesity) prevalence in adults, (using adjusted self-reported height and weight)",E92000001,England,E09000028,Southwark,Counties & UAs (from Apr 2023),Persons,18+ yrs,,,2016/17,56.64762,51.75879,61.55779,48.49246,64.32161,,398.0,,,Similar,Not compared,20160000,,,1y
93088,"Overweight (including obesity) prevalence in adults, (using adjusted self-reported height and weight)",E92000001,England,E09000029,Sutton,Counties & UAs (from Apr 2023),Persons,18+ yrs,,,2016/17,58.22149,53.36658,63.09227,50.62344,65.83566,,401.0,,,Similar,Not compared,20160000,,,1y
93088,"Overweight (including obesity) prevalence in adults, (using adjusted self-reported height and weight)",E92000001,England,E09000030,Tower Hamlets,Counties & UAs (from Apr 2023),Persons,18+ yrs,,,2016/17,48.76667,43.65079,53.7037,41.00529,56.61376,,378.0,,,Better,Not compared,20160000,,,1y
93088,"Overweight (including obesity) prevalence in adults, (using adjusted self-reported height and weight)",E92000001,England,E09000031,Waltham Forest,Counties & UAs (from Apr 2023),Persons,18+ yrs,,,2016/17,53.30362,48.48485,58.33333,45.70707,60.85859,,396.0,,,Better,Not compared,20160000,,,1y
93088,"Overweight (including obesity) prevalence in adults, (using adjusted self-reported height and weight)",E92000001,England,E09000032,Wandsworth,Counties & UAs (from Apr 2023),Persons,18+ yrs,,,2016/17,47.90651,42.99287,52.73159,40.61758,55.34442,,421.0,,,Better,Not compared,20160000,,,1y
93088,"Overweight (including obesity) prevalence in adults, (using adjusted self-reported height and weight)",E92000001,England,E09000033,Westminster,Counties & UAs (from Apr 2023),Persons,18+ yrs,,,2016/17,46.82834,42.18362,51.6129,39.20571,54.34243,,403.0,,,Better,Not compared,20160000,,,1y
93088,"Overweight (including obesity) prevalence in adults, (using adjusted self-reported height and weight)",E92000001,England,E10000003,Cambridgeshire,Counties & UAs (from Apr 2023),Persons,18+ yrs,,,2016/17,59.53894,57.53899,61.52513,56.41244,62.65169,,2308.0,,,Similar,Not compared,20160000,,,1y
93088,"Overweight (including obesity) prevalence in adults, (using adjusted self-reported height and weight)",E92000001,England,E10000007,Derbyshire,Counties & UAs (from Apr 2023),Persons,18+ yrs,,,2016/17,62.88046,61.30918,64.46523,60.37402,65.16657,,3422.0,,,Similar,Not compared,20160000,,,1y
93088,"Overweight (including obesity) prevalence in adults, (using adjusted self-reported height and weight)",E92000001,England,E10000008,Devon,Counties & UAs (from Apr 2023),Persons,18+ yrs,,,2016/17,57.93028,56.27208,59.57008,55.30029,60.45356,,3396.0,,,Better,Not compared,20160000,,,1y
93088,"Overweight (including obesity) prevalence in adults, (using adjusted self-reported height and weight)",E92000001,England,E10000011,East Sussex,Counties & UAs (from Apr 2023),Persons,18+ yrs,,,2016/17,59.05798,56.97026,61.10711,55.85502,62.31417,,2152.0,,,Better,Not compared,20160000,,,1y
93088,"Overweight (including obesity) prevalence in adults, (using adjusted self-reported height and weight)",E92000001,England,E10000012,Essex,Counties & UAs (from Apr 2023),Persons,18+ yrs,,,2016/17,63.16845,61.85814,64.4955,60.999,65.21481,,5005.0,,,Worse,Not compared,20160000,,,1y
93088,"Overweight (including obesity) prevalence in adults, (using adjusted self-reported height and weight)",E92000001,England,E10000013,Gloucestershire,Counties & UAs (from Apr 2023),Persons,18+ yrs,,,2016/17,60.11024,58.23029,61.97836,57.1097,62.983,,2588.0,,,Similar,Not compared,20160000,,,1y
93088,"Overweight (including obesity) prevalence in adults, (using adjusted self-reported height and weight)",E92000001,England,E10000014,Hampshire,Counties & UAs (from Apr 2023),Persons,18+ yrs,,,2016/17,61.43221,60.01263,62.81322,59.2335,63.59236,,4749.0,,,Similar,Not compared,20160000,,,1y
93088,"Overweight (including obesity) prevalence in adults, (using adjusted self-reported height and weight)",E92000001,England,E10000015,Hertfordshire,Counties & UAs (from Apr 2023),Persons,18+ yrs,,,2016/17,59.60191,58.12529,61.09279,57.34809,61.89357,,4246.0,,,Better,Not compared,20160000,,,1y
93088,"Overweight (including obesity) prevalence in adults, (using adjusted self-reported height and weight)",E92000001,England,E10000016,Kent,Counties & UAs (from Apr 2023),Persons,18+ yrs,,,2016/17,62.89203,61.5125,64.23233,60.79784,64.98617,,5038.0,,,Worse,Not compared,20160000,,,1y
93088,"Overweight (including obesity) prevalence in adults, (using adjusted self-reported height and weight)",E92000001,England,E10000017,Lancashire,Counties & UAs (from Apr 2023),Persons,18+ yrs,,,2016/17,64.34481,63.03748,65.64103,62.13018,66.52862,,5070.0,,,Worse,Not compared,20160000,,,1y
93088,"Overweight (including obesity) prevalence in adults, (using adjusted self-reported height and weight)",E92000001,England,E10000018,Leicestershire,Counties & UAs (from Apr 2023),Persons,18+ yrs,,,2016/17,62.99279,61.25672,64.75134,60.41663,65.6586,,2976.0,,,Similar,Not compared,20160000,,,1y
93088,"Overweight (including obesity) prevalence in adults, (using adjusted self-reported height and weight)",E92000001,England,E10000019,Lincolnshire,Counties & UAs (from Apr 2023),Persons,18+ yrs,,,2016/17,64.44995,62.7084,66.213,61.82372,67.23375,,2939.0,,,Worse,Not compared,20160000,,,1y
93088,"Overweight (including obesity) prevalence in adults, (using adjusted self-reported height and weight)",E92000001,England,E10000020,Norfolk,Counties & UAs (from Apr 2023),Persons,18+ yrs,,,2016/17,61.79347,60.12327,63.42065,59.19877,64.37599,,3245.0,,,Similar,Not compared,20160000,,,1y
93088,"Overweight (including obesity) prevalence in adults, (using adjusted self-reported height and weight)",E92000001,England,E10000024,Nottinghamshire,Counties & UAs (from Apr 2023),Persons,18+ yrs,,,2016/17,64.72999,63.05668,66.4305,62.17939,67.40894,,2964.0,,,Worse,Not compared,20160000,,,1y
93088,"Overweight (including obesity) prevalence in adults, (using adjusted self-reported height and weight)",E92000001,England,E10000025,Oxfordshire,Counties & UAs (from Apr 2023),Persons,18+ yrs,,,2016/17,55.87934,53.90101,57.84396,52.72647,59.10243,,2384.0,,,Better,Not compared,20160000,,,1y
93088,"Overweight (including obesity) prevalence in adults, (using adjusted self-reported height and weight)",E92000001,England,E10000028,Staffordshire,Counties & UAs (from Apr 2023),Persons,18+ yrs,,,2016/17,64.42265,62.84104,66.01498,61.80308,67.02257,,3372.0,,,Worse,Not compared,20160000,,,1y
93088,"Overweight (including obesity) prevalence in adults, (using adjusted self-reported height and weight)",E92000001,England,E10000029,Suffolk,Counties & UAs (from Apr 2023),Persons,18+ yrs,,,2016/17,61.09545,59.33555,62.82392,58.37209,63.78741,,3010.0,,,Similar,Not compared,20160000,,,1y
93088,"Overweight (including obesity) prevalence in adults, (using adjusted self-reported height and weight)",E92000001,England,E10000030,Surrey,Counties & UAs (from Apr 2023),Persons,18+ yrs,,,2016/17,55.72854,54.27341,57.15823,53.39074,57.99791,,4645.0,,,Better,Not compared,20160000,,,1y
93088,"Overweight (including obesity) prevalence in adults, (using adjusted self-reported height and weight)",E92000001,England,E10000031,Warwickshire,Counties & UAs (from Apr 2023),Persons,18+ yrs,,,2016/17,58.27787,56.16841,60.36208,54.93092,61.69605,,2099.0,,,Better,Not compared,20160000,,,1y
93088,"Overweight (including obesity) prevalence in adults, (using adjusted self-reported height and weight)",E92000001,England,E10000032,West Sussex,Counties & UAs (from Apr 2023),Persons,18+ yrs,,,2016/17,60.03213,58.20286,61.77672,57.24983,62.76378,,2938.0,,,Similar,Not compared,20160000,,,1y
93088,"Overweight (including obesity) prevalence in adults, (using adjusted self-reported height and weight)",E92000001,England,E10000034,Worcestershire,Counties & UAs (from Apr 2023),Persons,18+ yrs,,,2016/17,61.29044,59.41571,63.20568,58.46818,64.1927,,2533.0,,,Similar,Not compared,20160000,,,1y
93088,"Overweight (including obesity) prevalence in adults, (using adjusted self-reported height and weight)",,,E92000001,England,England,Male,18+ yrs,,,2017/18,68.0167,67.66677,68.36119,67.48964,68.54694,,69990.0,,,Not compared,Not compared,20170000,,,1y
93088,"Overweight (including obesity) prevalence in adults, (using adjusted self-reported height and weight)",,,E92000001,England,England,Female,18+ yrs,,,2017/18,55.58129,55.2389,55.92322,55.04548,56.10932,,81687.0,,,Not compared,Not compared,20170000,,,1y
93088,"Overweight (including obesity) prevalence in adults, (using adjusted self-reported height and weight)",,,E92000001,England,England,Persons,85+ yrs,,,2017/18,63.82398,62.04025,65.57946,61.1034,66.65517,,2882.0,,,Not compared,Not compared,20170000,,,1y
93088,"Overweight (including obesity) prevalence in adults, (using adjusted self-reported height and weight)",,,E92000001,England,England,Persons,25-34 yrs,,,2017/18,53.09731,52.37808,53.83348,51.92223,54.22894,,18208.0,,,Not compared,Not compared,20170000,,,1y
93088,"Overweight (including obesity) prevalence in adults, (using adjusted self-reported height and weight)",,,E92000001,England,England,Persons,35-44 yrs,,,2017/18,60.05719,59.415,60.69496,59.07567,61.03857,,23282.0,,,Not compared,Not compared,20170000,,,1y
93088,"Overweight (including obesity) prevalence in adults, (using adjusted self-reported height and weight)",,,E92000001,England,England,Persons,45-54 yrs,,,2017/18,67.77872,67.21551,68.32571,66.9117,68.63326,,26662.0,,,Not compared,Not compared,20170000,,,1y
93088,"Overweight (including obesity) prevalence in adults, (using adjusted self-reported height and weight)",,,E92000001,England,England,Persons,55-64 yrs,,,2017/18,70.98052,70.47528,71.50266,70.2127,71.8112,,30466.0,,,Not compared,Not compared,20170000,,,1y
93088,"Overweight (including obesity) prevalence in adults, (using adjusted self-reported height and weight)",,,E92000001,England,England,Persons,65-74 yrs,,,2017/18,70.58466,70.074,71.08627,69.7985,71.39379,,31217.0,,,Not compared,Not compared,20170000,,,1y
93088,"Overweight (including obesity) prevalence in adults, (using adjusted self-reported height and weight)",,,E92000001,England,England,Persons,75-84 yrs,,,2017/18,72.47132,71.69275,73.23376,71.29761,73.71584,,12654.0,,,Not compared,Not compared,20170000,,,1y
93088,"Overweight (including obesity) prevalence in adults, (using adjusted self-reported height and weight)",,,E92000001,England,England,Persons,18+ yrs,,,2017/18,61.86629,61.61842,62.10961,61.48592,62.25071,,151677.0,,,Not compared,Not compared,20170000,,,1y
93088,"Overweight (including obesity) prevalence in adults, (using adjusted self-reported height and weight)",,,E92000001,England,England,Persons,18+ yrs,Working status,Inactive,2017/18,63.9382,63.53977,64.33755,63.30564,64.55906,,55529.0,,,Worse,Not compared,20170000,,,1y
93088,"Overweight (including obesity) prevalence in adults, (using adjusted self-reported height and weight)",,,E92000001,England,England,Persons,18+ yrs,Working status,Unemployed,2017/18,61.8391,60.17512,63.49638,59.08816,64.46259,,3312.0,,,Similar,Not compared,20170000,,,1y
93088,"Overweight (including obesity) prevalence in adults, (using adjusted self-reported height and weight)",,,E92000001,England,England,Persons,18+ yrs,Working status,Working,2017/18,63.14206,62.82061,63.47146,62.61404,63.66253,,83740.0,,,Worse,Not compared,20170000,,,1y
93088,"Overweight (including obesity) prevalence in adults, (using adjusted self-reported height and weight)",,,E92000001,England,England,Persons,18+ yrs,Disability,Disabled,2017/18,70.93363,70.37293,71.49412,70.06182,71.86118,,25065.0,,,Worse,Not compared,20170000,,,1y
93088,"Overweight (including obesity) prevalence in adults, (using adjusted self-reported height and weight)",,,E92000001,England,England,Persons,18+ yrs,Disability,Not disabled,2017/18,59.79515,59.52557,60.0705,59.36881,60.2339,,120565.0,,,Better,Not compared,20170000,,,1y
93088,"Overweight (including obesity) prevalence in adults, (using adjusted self-reported height and weight)",,,E92000001,England,England,Persons,18+ yrs,Ethnic groups,White British,2017/18,62.79386,62.52607,63.05626,62.39448,63.21091,,129957.0,,,Worse,Not compared,20170000,,,1y
93088,"Overweight (including obesity) prevalence in adults, (using adjusted self-reported height and weight)",,,E92000001,England,England,Persons,18+ yrs,Ethnic groups,White Other,2017/18,57.47882,56.41487,58.52518,55.70743,59.20865,,8340.0,,,Better,Not compared,20170000,,,1y
93088,"Overweight (including obesity) prevalence in adults, (using adjusted self-reported height and weight)",,,E92000001,England,England,Persons,18+ yrs,Ethnic groups,Asian,2017/18,56.34836,55.01022,57.73006,54.27401,58.58896,,4890.0,,,Better,Not compared,20170000,,,1y
93088,"Overweight (including obesity) prevalence in adults, (using adjusted self-reported height and weight)",,,E92000001,England,England,Persons,18+ yrs,Ethnic groups,Black,2017/18,72.56636,70.43531,74.66747,69.1052,75.87672,,1654.0,,,Worse,Not compared,20170000,,,1y
93088,"Overweight (including obesity) prevalence in adults, (using adjusted self-reported height and weight)",,,E92000001,England,England,Persons,18+ yrs,Ethnic groups,Chinese,2017/18,32.8384,29.4197,36.30229,27.93522,38.05668,,741.0,,,Better,Not compared,20170000,,,1y
93088,"Overweight (including obesity) prevalence in adults, (using adjusted self-reported height and weight)",,,E92000001,England,England,Persons,18+ yrs,Ethnic groups,Mixed,2017/18,58.1312,55.67602,60.58673,54.46422,62.11735,,1568.0,,,Better,Not compared,20170000,,,1y
93088,"Overweight (including obesity) prevalence in adults, (using adjusted self-reported height and weight)",,,E92000001,England,England,Persons,18+ yrs,Ethnic groups,Other,2017/18,59.07742,56.06996,62.13992,54.52675,64.09486,,972.0,,,Similar,Not compared,20170000,,,1y
93088,"Overweight (including obesity) prevalence in adults, (using adjusted self-reported height and weight)",,,E92000001,England,England,Persons,18+ yrs,LSOA11 deprivation deciles within area (IMD  trend),Most deprived decile,2017/18,67.30028,66.51197,68.0884,66.08471,68.58933,,13575.0,,,Worse,Not compared,20170000,,,1y
93088,"Overweight (including obesity) prevalence in adults, (using adjusted self-reported height and weight)",,,E92000001,England,England,Persons,18+ yrs,LSOA11 deprivation deciles within area (IMD  trend),Second most deprived decile,2017/18,63.91375,63.13571,64.70216,62.68612,65.13771,,14236.0,,,Worse,Not compared,20170000,,,1y
93088,"Overweight (including obesity) prevalence in adults, (using adjusted self-reported height and weight)",,,E92000001,England,England,Persons,18+ yrs,LSOA11 deprivation deciles within area (IMD  trend),Third more deprived decile,2017/18,63.0686,62.28231,63.8473,61.87102,64.27223,,14826.0,,,Worse,Not compared,20170000,,,1y
93088,"Overweight (including obesity) prevalence in adults, (using adjusted self-reported height and weight)",,,E92000001,England,England,Persons,18+ yrs,LSOA11 deprivation deciles within area (IMD  trend),Fourth more deprived decile,2017/18,62.60119,61.83399,63.3601,61.35625,63.81133,,15071.0,,,Similar,Not compared,20170000,,,1y
93088,"Overweight (including obesity) prevalence in adults, (using adjusted self-reported height and weight)",,,E92000001,England,England,Persons,18+ yrs,LSOA11 deprivation deciles within area (IMD  trend),Fifth more deprived decile,2017/18,62.63695,61.89394,63.40624,61.44609,63.83462,,15407.0,,,Worse,Not compared,20170000,,,1y
93088,"Overweight (including obesity) prevalence in adults, (using adjusted self-reported height and weight)",,,E92000001,England,England,Persons,18+ yrs,LSOA11 deprivation deciles within area (IMD  trend),Fifth less deprived decile,2017/18,61.93845,61.18311,62.68446,60.75321,63.17851,,15586.0,,,Similar,Not compared,20170000,,,1y
93088,"Overweight (including obesity) prevalence in adults, (using adjusted self-reported height and weight)",,,E92000001,England,England,Persons,18+ yrs,LSOA11 deprivation deciles within area (IMD  trend),Fourth less deprived decile,2017/18,59.96461,59.18459,60.73683,58.74017,61.18771,,15526.0,,,Better,Not compared,20170000,,,1y
93088,"Overweight (including obesity) prevalence in adults, (using adjusted self-reported height and weight)",,,E92000001,England,England,Persons,18+ yrs,LSOA11 deprivation deciles within area (IMD  trend),Third less deprived decile,2017/18,60.42329,59.6621,61.17947,59.22217,61.60027,,15685.0,,,Better,Not compared,20170000,,,1y
93088,"Overweight (including obesity) prevalence in adults, (using adjusted self-reported height and weight)",,,E92000001,England,England,Persons,18+ yrs,LSOA11 deprivation deciles within area (IMD  trend),Second least deprived decile,2017/18,58.08645,57.32125,58.84888,56.85851,59.30529,,15776.0,,,Better,Not compared,20170000,,,1y
93088,"Overweight (including obesity) prevalence in adults, (using adjusted self-reported height and weight)",,,E92000001,England,England,Persons,18+ yrs,LSOA11 deprivation deciles within area (IMD  trend),Least deprived decile,2017/18,56.91993,56.16361,57.68341,55.68201,58.05869,,15989.0,,,Better,Not compared,20170000,,,1y
93088,"Overweight (including obesity) prevalence in adults, (using adjusted self-reported height and weight)",,,E92000001,England,England,Persons,18+ yrs,Level of education,No qualification,2017/18,69.32537,68.48233,70.13516,68.02636,70.58298,,12282.0,,,Worse,Not compared,20170000,,,1y
93088,"Overweight (including obesity) prevalence in adults, (using adjusted self-reported height and weight)",,,E92000001,England,England,Persons,18+ yrs,Level of education,Another type of qualification,2017/18,64.88704,63.84387,65.9387,63.21838,66.50064,,7830.0,,,Worse,Not compared,20170000,,,1y
93088,"Overweight (including obesity) prevalence in adults, (using adjusted self-reported height and weight)",,,E92000001,England,England,Persons,18+ yrs,Level of education,Level 1 and below,2017/18,67.67603,66.09213,69.28862,65.1833,70.26011,,3191.0,,,Worse,Not compared,20170000,,,1y
93088,"Overweight (including obesity) prevalence in adults, (using adjusted self-reported height and weight)",,,E92000001,England,England,Persons,18+ yrs,Level of education,Level 2 and equivalent,2017/18,65.911,65.32415,66.5085,65.0079,66.85323,,24657.0,,,Worse,Not compared,20170000,,,1y
93088,"Overweight (including obesity) prevalence in adults, (using adjusted self-reported height and weight)",,,E92000001,England,England,Persons,18+ yrs,Level of education,Level 3 and equivalent,2017/18,64.12407,63.48559,64.76382,63.14656,65.15326,,21827.0,,,Worse,Not compared,20170000,,,1y
93088,"Overweight (including obesity) prevalence in adults, (using adjusted self-reported height and weight)",,,E92000001,England,England,Persons,18+ yrs,Level of education,Level 4 and above,2017/18,58.15487,57.80811,58.51165,57.58715,58.71484,,78745.0,,,Better,Not compared,20170000,,,1y
93088,"Overweight (including obesity) prevalence in adults, (using adjusted self-reported height and weight)",,,E92000001,England,England,Persons,18+ yrs,Socioeconomic class,"Managerial, administrative and professional occupations",2017/18,53.13057,52.77393,53.47225,52.56893,53.65416,,78048.0,People aged 75 and over are excluded from NS-SeC (National Statistics Socio-economic Classification) economic activity questions in the Active Lives Adult Survey,,Better,Not compared,20170000,,,1y
93088,"Overweight (including obesity) prevalence in adults, (using adjusted self-reported height and weight)",,,E92000001,England,England,Persons,18+ yrs,Socioeconomic class,Intermediate occupations,2017/18,52.234,51.43868,53.02484,50.94709,53.43123,,15257.0,People aged 75 and over are excluded from NS-SeC (National Statistics Socio-economic Classification) economic activity questions in the Active Lives Adult Survey,,Better,Not compared,20170000,,,1y
93088,"Overweight (including obesity) prevalence in adults, (using adjusted self-reported height and weight)",,,E92000001,England,England,Persons,18+ yrs,Socioeconomic class,Self-employed and small employers,2017/18,56.67013,55.72423,57.60008,55.14406,58.10289,,10342.0,People aged 75 and over are excluded from NS-SeC (National Statistics Socio-economic Classification) economic activity questions in the Active Lives Adult Survey,,Better,Not compared,20170000,,,1y
93088,"Overweight (including obesity) prevalence in adults, (using adjusted self-reported height and weight)",,,E92000001,England,England,Persons,18+ yrs,Socioeconomic class,Lower supervisory and technical occupations,2017/18,61.84359,60.92557,62.78626,60.39115,63.29199,,10480.0,People aged 75 and over are excluded from NS-SeC (National Statistics Socio-economic Classification) economic activity questions in the Active Lives Adult Survey,,Similar,Not compared,20170000,,,1y
93088,"Overweight (including obesity) prevalence in adults, (using adjusted self-reported height and weight)",,,E92000001,England,England,Persons,18+ yrs,Socioeconomic class,Semi-routine and routine occupations,2017/18,57.60459,56.76037,58.44117,56.25463,58.90228,,13446.0,People aged 75 and over are excluded from NS-SeC (National Statistics Socio-economic Classification) economic activity questions in the Active Lives Adult Survey,,Better,Not compared,20170000,,,1y
93088,"Overweight (including obesity) prevalence in adults, (using adjusted self-reported height and weight)",,,E92000001,England,England,Persons,18+ yrs,Socioeconomic class,Long term unemployed or never worked,2017/18,56.86288,54.78977,58.86433,53.57607,60.03468,,2307.0,People aged 75 and over are excluded from NS-SeC (National Statistics Socio-economic Classification) economic activity questions in the Active Lives Adult Survey,,Better,Not compared,20170000,,,1y
93088,"Overweight (including obesity) prevalence in adults, (using adjusted self-reported height and weight)",,,E92000001,England,England,Persons,18+ yrs,Socioeconomic class,Students,2017/18,44.98655,43.19066,46.75746,42.25032,47.63298,,3084.0,People aged 75 and over are excluded from NS-SeC (National Statistics Socio-economic Classification) economic activity questions in the Active Lives Adult Survey,,Better,Not compared,20170000,,,1y
93088,"Overweight (including obesity) prevalence in adults, (using adjusted self-reported height and weight)",,,E92000001,England,England,Persons,18+ yrs,Socioeconomic class,Other/unclassified,2017/18,55.68709,53.98174,57.38118,53.00598,58.29402,,3177.0,People aged 75 and over are excluded from NS-SeC (National Statistics Socio-economic Classification) economic activity questions in the Active Lives Adult Survey,,Better,Not compared,20170000,,,1y
93088,"Overweight (including obesity) prevalence in adults, (using adjusted self-reported height and weight)",,,E92000001,England,England,Persons,18-24 yrs,,,2017/18,34.77928,33.58706,35.9816,32.87342,36.71108,,6306.0,,,Not compared,Not compared,20170000,,,1y
93088,"Overweight (including obesity) prevalence in adults, (using adjusted self-reported height and weight)",E92000001,England,E92000001,England,England,Male,18+ yrs,,,2017/18,68.0167,67.66677,68.36119,67.48964,68.54694,,69990.0,,,Similar,Not compared,20170000,,,1y
93088,"Overweight (including obesity) prevalence in adults, (using adjusted self-reported height and weight)",E92000001,England,E92000001,England,England,Female,18+ yrs,,,2017/18,55.58129,55.2389,55.92322,55.04548,56.10932,,81687.0,,,Similar,Not compared,20170000,,,1y
93088,"Overweight (including obesity) prevalence in adults, (using adjusted self-reported height and weight)",E92000001,England,E92000001,England,England,Persons,85+ yrs,,,2017/18,63.82398,62.04025,65.57946,61.1034,66.65517,,2882.0,,,Similar,Not compared,20170000,,,1y
93088,"Overweight (including obesity) prevalence in adults, (using adjusted self-reported height and weight)",E92000001,England,E92000001,England,England,Persons,25-34 yrs,,,2017/18,53.09731,52.37808,53.83348,51.92223,54.22894,,18208.0,,,Similar,Not compared,20170000,,,1y
93088,"Overweight (including obesity) prevalence in adults, (using adjusted self-reported height and weight)",E92000001,England,E92000001,England,England,Persons,35-44 yrs,,,2017/18,60.05719,59.415,60.69496,59.07567,61.03857,,23282.0,,,Similar,Not compared,20170000,,,1y
93088,"Overweight (including obesity) prevalence in adults, (using adjusted self-reported height and weight)",E92000001,England,E92000001,England,England,Persons,45-54 yrs,,,2017/18,67.77872,67.21551,68.32571,66.9117,68.63326,,26662.0,,,Similar,Not compared,20170000,,,1y
93088,"Overweight (including obesity) prevalence in adults, (using adjusted self-reported height and weight)",E92000001,England,E92000001,England,England,Persons,55-64 yrs,,,2017/18,70.98052,70.47528,71.50266,70.2127,71.8112,,30466.0,,,Similar,Not compared,20170000,,,1y
93088,"Overweight (including obesity) prevalence in adults, (using adjusted self-reported height and weight)",E92000001,England,E92000001,England,England,Persons,65-74 yrs,,,2017/18,70.58466,70.074,71.08627,69.7985,71.39379,,31217.0,,,Similar,Not compared,20170000,,,1y
93088,"Overweight (including obesity) prevalence in adults, (using adjusted self-reported height and weight)",E92000001,England,E92000001,England,England,Persons,75-84 yrs,,,2017/18,72.47132,71.69275,73.23376,71.29761,73.71584,,12654.0,,,Similar,Not compared,20170000,,,1y
93088,"Overweight (including obesity) prevalence in adults, (using adjusted self-reported height and weight)",E92000001,England,E92000001,England,England,Persons,18+ yrs,,,2017/18,61.86629,61.61842,62.10961,61.48592,62.25071,,151677.0,,,Similar,Not compared,20170000,,,1y
93088,"Overweight (including obesity) prevalence in adults, (using adjusted self-reported height and weight)",E92000001,England,E92000001,England,England,Persons,18+ yrs,Working status,Inactive,2017/18,63.9382,63.53977,64.33755,63.30564,64.55906,,55529.0,,,Worse,Not compared,20170000,,,1y
93088,"Overweight (including obesity) prevalence in adults, (using adjusted self-reported height and weight)",E92000001,England,E92000001,England,England,Persons,18+ yrs,Working status,Unemployed,2017/18,61.8391,60.17512,63.49638,59.08816,64.46259,,3312.0,,,Similar,Not compared,20170000,,,1y
93088,"Overweight (including obesity) prevalence in adults, (using adjusted self-reported height and weight)",E92000001,England,E92000001,England,England,Persons,18+ yrs,Working status,Working,2017/18,63.14206,62.82061,63.47146,62.61404,63.66253,,83740.0,,,Worse,Not compared,20170000,,,1y
93088,"Overweight (including obesity) prevalence in adults, (using adjusted self-reported height and weight)",E92000001,England,E92000001,England,England,Persons,18+ yrs,Disability,Disabled,2017/18,70.93363,70.37293,71.49412,70.06182,71.86118,,25065.0,,,Worse,Not compared,20170000,,,1y
93088,"Overweight (including obesity) prevalence in adults, (using adjusted self-reported height and weight)",E92000001,England,E92000001,England,England,Persons,18+ yrs,Disability,Not disabled,2017/18,59.79515,59.52557,60.0705,59.36881,60.2339,,120565.0,,,Better,Not compared,20170000,,,1y
93088,"Overweight (including obesity) prevalence in adults, (using adjusted self-reported height and weight)",E92000001,England,E92000001,England,England,Persons,18+ yrs,Ethnic groups,White British,2017/18,62.79386,62.52607,63.05626,62.39448,63.21091,,129957.0,,,Worse,Not compared,20170000,,,1y
93088,"Overweight (including obesity) prevalence in adults, (using adjusted self-reported height and weight)",E92000001,England,E92000001,England,England,Persons,18+ yrs,Ethnic groups,White Other,2017/18,57.47882,56.41487,58.52518,55.70743,59.20865,,8340.0,,,Better,Not compared,20170000,,,1y
93088,"Overweight (including obesity) prevalence in adults, (using adjusted self-reported height and weight)",E92000001,England,E92000001,England,England,Persons,18+ yrs,Ethnic groups,Asian,2017/18,56.34836,55.01022,57.73006,54.27401,58.58896,,4890.0,,,Better,Not compared,20170000,,,1y
93088,"Overweight (including obesity) prevalence in adults, (using adjusted self-reported height and weight)",E92000001,England,E92000001,England,England,Persons,18+ yrs,Ethnic groups,Black,2017/18,72.56636,70.43531,74.66747,69.1052,75.87672,,1654.0,,,Worse,Not compared,20170000,,,1y
93088,"Overweight (including obesity) prevalence in adults, (using adjusted self-reported height and weight)",E92000001,England,E92000001,England,England,Persons,18+ yrs,Ethnic groups,Chinese,2017/18,32.8384,29.4197,36.30229,27.93522,38.05668,,741.0,,,Better,Not compared,20170000,,,1y
93088,"Overweight (including obesity) prevalence in adults, (using adjusted self-reported height and weight)",E92000001,England,E92000001,England,England,Persons,18+ yrs,Ethnic groups,Mixed,2017/18,58.1312,55.67602,60.58673,54.46422,62.11735,,1568.0,,,Better,Not compared,20170000,,,1y
93088,"Overweight (including obesity) prevalence in adults, (using adjusted self-reported height and weight)",E92000001,England,E92000001,England,England,Persons,18+ yrs,Ethnic groups,Other,2017/18,59.07742,56.06996,62.13992,54.52675,64.09486,,972.0,,,Similar,Not compared,20170000,,,1y
93088,"Overweight (including obesity) prevalence in adults, (using adjusted self-reported height and weight)",E92000001,England,E92000001,England,England,Persons,18+ yrs,LSOA11 deprivation deciles within area (IMD  trend),Most deprived decile,2017/18,67.30028,66.51197,68.0884,66.08471,68.58933,,13575.0,,,Worse,Not compared,20170000,,,1y
93088,"Overweight (including obesity) prevalence in adults, (using adjusted self-reported height and weight)",E92000001,England,E92000001,England,England,Persons,18+ yrs,LSOA11 deprivation deciles within area (IMD  trend),Second most deprived decile,2017/18,63.91375,63.13571,64.70216,62.68612,65.13771,,14236.0,,,Worse,Not compared,20170000,,,1y
93088,"Overweight (including obesity) prevalence in adults, (using adjusted self-reported height and weight)",E92000001,England,E92000001,England,England,Persons,18+ yrs,LSOA11 deprivation deciles within area (IMD  trend),Third more deprived decile,2017/18,63.0686,62.28231,63.8473,61.87102,64.27223,,14826.0,,,Worse,Not compared,20170000,,,1y
93088,"Overweight (including obesity) prevalence in adults, (using adjusted self-reported height and weight)",E92000001,England,E92000001,England,England,Persons,18+ yrs,LSOA11 deprivation deciles within area (IMD  trend),Fourth more deprived decile,2017/18,62.60119,61.83399,63.3601,61.35625,63.81133,,15071.0,,,Similar,Not compared,20170000,,,1y
93088,"Overweight (including obesity) prevalence in adults, (using adjusted self-reported height and weight)",E92000001,England,E92000001,England,England,Persons,18+ yrs,LSOA11 deprivation deciles within area (IMD  trend),Fifth more deprived decile,2017/18,62.63695,61.89394,63.40624,61.44609,63.83462,,15407.0,,,Worse,Not compared,20170000,,,1y
93088,"Overweight (including obesity) prevalence in adults, (using adjusted self-reported height and weight)",E92000001,England,E92000001,England,England,Persons,18+ yrs,LSOA11 deprivation deciles within area (IMD  trend),Fifth less deprived decile,2017/18,61.93845,61.18311,62.68446,60.75321,63.17851,,15586.0,,,Similar,Not compared,20170000,,,1y
93088,"Overweight (including obesity) prevalence in adults, (using adjusted self-reported height and weight)",E92000001,England,E92000001,England,England,Persons,18+ yrs,LSOA11 deprivation deciles within area (IMD  trend),Fourth less deprived decile,2017/18,59.96461,59.18459,60.73683,58.74017,61.18771,,15526.0,,,Better,Not compared,20170000,,,1y
93088,"Overweight (including obesity) prevalence in adults, (using adjusted self-reported height and weight)",E92000001,England,E92000001,England,England,Persons,18+ yrs,LSOA11 deprivation deciles within area (IMD  trend),Third less deprived decile,2017/18,60.42329,59.6621,61.17947,59.22217,61.60027,,15685.0,,,Better,Not compared,20170000,,,1y
93088,"Overweight (including obesity) prevalence in adults, (using adjusted self-reported height and weight)",E92000001,England,E92000001,England,England,Persons,18+ yrs,LSOA11 deprivation deciles within area (IMD  trend),Second least deprived decile,2017/18,58.08645,57.32125,58.84888,56.85851,59.30529,,15776.0,,,Better,Not compared,20170000,,,1y
93088,"Overweight (including obesity) prevalence in adults, (using adjusted self-reported height and weight)",E92000001,England,E92000001,England,England,Persons,18+ yrs,LSOA11 deprivation deciles within area (IMD  trend),Least deprived decile,2017/18,56.91993,56.16361,57.68341,55.68201,58.05869,,15989.0,,,Better,Not compared,20170000,,,1y
93088,"Overweight (including obesity) prevalence in adults, (using adjusted self-reported height and weight)",E92000001,England,E92000001,England,England,Persons,18+ yrs,Level of education,No qualification,2017/18,69.32537,68.48233,70.13516,68.02636,70.58298,,12282.0,,,Worse,Not compared,20170000,,,1y
93088,"Overweight (including obesity) prevalence in adults, (using adjusted self-reported height and weight)",E92000001,England,E92000001,England,England,Persons,18+ yrs,Level of education,Another type of qualification,2017/18,64.88704,63.84387,65.9387,63.21838,66.50064,,7830.0,,,Worse,Not compared,20170000,,,1y
93088,"Overweight (including obesity) prevalence in adults, (using adjusted self-reported height and weight)",E92000001,England,E92000001,England,England,Persons,18+ yrs,Level of education,Level 1 and below,2017/18,67.67603,66.09213,69.28862,65.1833,70.26011,,3191.0,,,Worse,Not compared,20170000,,,1y
93088,"Overweight (including obesity) prevalence in adults, (using adjusted self-reported height and weight)",E92000001,England,E92000001,England,England,Persons,18+ yrs,Level of education,Level 2 and equivalent,2017/18,65.911,65.32415,66.5085,65.0079,66.85323,,24657.0,,,Worse,Not compared,20170000,,,1y
93088,"Overweight (including obesity) prevalence in adults, (using adjusted self-reported height and weight)",E92000001,England,E92000001,England,England,Persons,18+ yrs,Level of education,Level 3 and equivalent,2017/18,64.12407,63.48559,64.76382,63.14656,65.15326,,21827.0,,,Worse,Not compared,20170000,,,1y
93088,"Overweight (including obesity) prevalence in adults, (using adjusted self-reported height and weight)",E92000001,England,E92000001,England,England,Persons,18+ yrs,Level of education,Level 4 and above,2017/18,58.15487,57.80811,58.51165,57.58715,58.71484,,78745.0,,,Better,Not compared,20170000,,,1y
93088,"Overweight (including obesity) prevalence in adults, (using adjusted self-reported height and weight)",E92000001,England,E92000001,England,England,Persons,18+ yrs,Socioeconomic class,"Managerial, administrative and professional occupations",2017/18,53.13057,52.77393,53.47225,52.56893,53.65416,,78048.0,People aged 75 and over are excluded from NS-SeC (National Statistics Socio-economic Classification) economic activity questions in the Active Lives Adult Survey,,Better,Not compared,20170000,,,1y
93088,"Overweight (including obesity) prevalence in adults, (using adjusted self-reported height and weight)",E92000001,England,E92000001,England,England,Persons,18+ yrs,Socioeconomic class,Intermediate occupations,2017/18,52.234,51.43868,53.02484,50.94709,53.43123,,15257.0,People aged 75 and over are excluded from NS-SeC (National Statistics Socio-economic Classification) economic activity questions in the Active Lives Adult Survey,,Better,Not compared,20170000,,,1y
93088,"Overweight (including obesity) prevalence in adults, (using adjusted self-reported height and weight)",E92000001,England,E92000001,England,England,Persons,18+ yrs,Socioeconomic class,Self-employed and small employers,2017/18,56.67013,55.72423,57.60008,55.14406,58.10289,,10342.0,People aged 75 and over are excluded from NS-SeC (National Statistics Socio-economic Classification) economic activity questions in the Active Lives Adult Survey,,Better,Not compared,20170000,,,1y
93088,"Overweight (including obesity) prevalence in adults, (using adjusted self-reported height and weight)",E92000001,England,E92000001,England,England,Persons,18+ yrs,Socioeconomic class,Lower supervisory and technical occupations,2017/18,61.84359,60.92557,62.78626,60.39115,63.29199,,10480.0,People aged 75 and over are excluded from NS-SeC (National Statistics Socio-economic Classification) economic activity questions in the Active Lives Adult Survey,,Similar,Not compared,20170000,,,1y
93088,"Overweight (including obesity) prevalence in adults, (using adjusted self-reported height and weight)",E92000001,England,E92000001,England,England,Persons,18+ yrs,Socioeconomic class,Semi-routine and routine occupations,2017/18,57.60459,56.76037,58.44117,56.25463,58.90228,,13446.0,People aged 75 and over are excluded from NS-SeC (National Statistics Socio-economic Classification) economic activity questions in the Active Lives Adult Survey,,Better,Not compared,20170000,,,1y
93088,"Overweight (including obesity) prevalence in adults, (using adjusted self-reported height and weight)",E92000001,England,E92000001,England,England,Persons,18+ yrs,Socioeconomic class,Long term unemployed or never worked,2017/18,56.86288,54.78977,58.86433,53.57607,60.03468,,2307.0,People aged 75 and over are excluded from NS-SeC (National Statistics Socio-economic Classification) economic activity questions in the Active Lives Adult Survey,,Better,Not compared,20170000,,,1y
93088,"Overweight (including obesity) prevalence in adults, (using adjusted self-reported height and weight)",E92000001,England,E92000001,England,England,Persons,18+ yrs,Socioeconomic class,Students,2017/18,44.98655,43.19066,46.75746,42.25032,47.63298,,3084.0,People aged 75 and over are excluded from NS-SeC (National Statistics Socio-economic Classification) economic activity questions in the Active Lives Adult Survey,,Better,Not compared,20170000,,,1y
93088,"Overweight (including obesity) prevalence in adults, (using adjusted self-reported height and weight)",E92000001,England,E92000001,England,England,Persons,18+ yrs,Socioeconomic class,Other/unclassified,2017/18,55.68709,53.98174,57.38118,53.00598,58.29402,,3177.0,People aged 75 and over are excluded from NS-SeC (National Statistics Socio-economic Classification) economic activity questions in the Active Lives Adult Survey,,Better,Not compared,20170000,,,1y
93088,"Overweight (including obesity) prevalence in adults, (using adjusted self-reported height and weight)",E92000001,England,E92000001,England,England,Persons,18-24 yrs,,,2017/18,34.77928,33.58706,35.9816,32.87342,36.71108,,6306.0,,,Similar,Not compared,20170000,,,1y
93088,"Overweight (including obesity) prevalence in adults, (using adjusted self-reported height and weight)",E92000001,England,E06000001,Hartlepool,Counties & UAs (from Apr 2023),Persons,18+ yrs,,,2017/18,70.53467,66.07595,74.93671,63.03797,77.46835,,395.0,,,Worse,Not compared,20170000,,,1y
93088,"Overweight (including obesity) prevalence in adults, (using adjusted self-reported height and weight)",E92000001,England,E06000002,Middlesbrough,Counties & UAs (from Apr 2023),Persons,18+ yrs,,,2017/18,64.91918,60.10363,69.68912,57.25389,72.27979,,386.0,,,Similar,Not compared,20170000,,,1y
93088,"Overweight (including obesity) prevalence in adults, (using adjusted self-reported height and weight)",E92000001,England,E06000003,Redcar and Cleveland,Counties & UAs (from Apr 2023),Persons,18+ yrs,,,2017/18,71.67082,67.22892,75.90361,65.06024,78.79518,,415.0,,,Worse,Not compared,20170000,,,1y
93088,"Overweight (including obesity) prevalence in adults, (using adjusted self-reported height and weight)",E92000001,England,E06000004,Stockton-on-Tees,Counties & UAs (from Apr 2023),Persons,18+ yrs,,,2017/18,66.04349,61.59251,70.4918,59.01616,73.06792,,427.0,,,Similar,Not compared,20170000,,,1y
93088,"Overweight (including obesity) prevalence in adults, (using adjusted self-reported height and weight)",E92000001,England,E06000005,Darlington,Counties & UAs (from Apr 2023),Persons,18+ yrs,,,2017/18,67.64507,62.96296,72.09877,60.24691,74.56815,,405.0,,,Worse,Not compared,20170000,,,1y
93088,"Overweight (including obesity) prevalence in adults, (using adjusted self-reported height and weight)",E92000001,England,E06000006,Halton,Counties & UAs (from Apr 2023),Persons,18+ yrs,,,2017/18,73.34244,69.03073,77.54137,66.66667,79.90544,,423.0,,,Worse,Not compared,20170000,,,1y
93088,"Overweight (including obesity) prevalence in adults, (using adjusted self-reported height and weight)",E92000001,England,E06000007,Warrington,Counties & UAs (from Apr 2023),Persons,18+ yrs,,,2017/18,64.69717,60.3139,69.28251,57.62332,71.74888,,446.0,,,Similar,Not compared,20170000,,,1y
93088,"Overweight (including obesity) prevalence in adults, (using adjusted self-reported height and weight)",E92000001,England,E06000008,Blackburn with Darwen,Counties & UAs (from Apr 2023),Persons,18+ yrs,,,2017/18,65.89892,61.13861,70.54455,58.41584,73.0198,,404.0,,,Similar,Not compared,20170000,,,1y
93088,"Overweight (including obesity) prevalence in adults, (using adjusted self-reported height and weight)",E92000001,England,E06000009,Blackpool,Counties & UAs (from Apr 2023),Persons,18+ yrs,,,2017/18,67.30331,62.6943,71.76166,59.58523,74.35233,,386.0,,,Worse,Not compared,20170000,,,1y
93088,"Overweight (including obesity) prevalence in adults, (using adjusted self-reported height and weight)",E92000001,England,E06000010,Kingston upon Hull,Counties & UAs (from Apr 2023),Persons,18+ yrs,,,2017/18,72.32303,68.0,76.5,65.25,79.0,,400.0,,,Worse,Not compared,20170000,,,1y
93088,"Overweight (including obesity) prevalence in adults, (using adjusted self-reported height and weight)",E92000001,England,E06000011,East Riding of Yorkshire,Counties & UAs (from Apr 2023),Persons,18+ yrs,,,2017/18,57.46008,52.85714,62.38095,50.0,65.23833,,420.0,,,Similar,Not compared,20170000,,,1y
93088,"Overweight (including obesity) prevalence in adults, (using adjusted self-reported height and weight)",E92000001,England,E06000012,North East Lincolnshire,Counties & UAs (from Apr 2023),Persons,18+ yrs,,,2017/18,72.37372,68.12933,76.67436,65.35797,78.75289,,433.0,,,Worse,Not compared,20170000,,,1y
93088,"Overweight (including obesity) prevalence in adults, (using adjusted self-reported height and weight)",E92000001,England,E06000013,North Lincolnshire,Counties & UAs (from Apr 2023),Persons,18+ yrs,,,2017/18,72.28159,67.92453,76.41509,65.56604,78.53797,,424.0,,,Worse,Not compared,20170000,,,1y
93088,"Overweight (including obesity) prevalence in adults, (using adjusted self-reported height and weight)",E92000001,England,E06000014,York,Counties & UAs (from Apr 2023),Persons,18+ yrs,,,2017/18,56.50397,51.87793,61.26761,48.82629,63.61502,,426.0,,,Better,Not compared,20170000,,,1y
93088,"Overweight (including obesity) prevalence in adults, (using adjusted self-reported height and weight)",E92000001,England,E06000015,Derby,Counties & UAs (from Apr 2023),Persons,18+ yrs,,,2017/18,65.87107,61.24402,70.33493,58.61244,73.20598,,418.0,,,Similar,Not compared,20170000,,,1y
93088,"Overweight (including obesity) prevalence in adults, (using adjusted self-reported height and weight)",E92000001,England,E06000016,Leicester,Counties & UAs (from Apr 2023),Persons,18+ yrs,,,2017/18,54.90773,49.8615,59.8338,47.09141,62.88089,,361.0,,,Better,Not compared,20170000,,,1y
93088,"Overweight (including obesity) prevalence in adults, (using adjusted self-reported height and weight)",E92000001,England,E06000017,Rutland,Counties & UAs (from Apr 2023),Persons,18+ yrs,,,2017/18,56.8551,52.20418,61.48492,49.65174,64.26914,,431.0,,,Better,Not compared,20170000,,,1y
93088,"Overweight (including obesity) prevalence in adults, (using adjusted self-reported height and weight)",E92000001,England,E06000018,Nottingham,Counties & UAs (from Apr 2023),Persons,18+ yrs,,,2017/18,64.50646,62.19889,66.83138,60.71649,68.43731,,1619.0,,,Worse,Not compared,20170000,,,1y
93088,"Overweight (including obesity) prevalence in adults, (using adjusted self-reported height and weight)",E92000001,England,E06000019,Herefordshire,Counties & UAs (from Apr 2023),Persons,18+ yrs,,,2017/18,63.71327,59.06977,68.13953,56.04651,70.69767,,430.0,,,Similar,Not compared,20170000,,,1y
93088,"Overweight (including obesity) prevalence in adults, (using adjusted self-reported height and weight)",E92000001,England,E06000020,Telford and Wrekin,Counties & UAs (from Apr 2023),Persons,18+ yrs,,,2017/18,65.47132,60.78431,70.09804,58.33333,72.54926,,408.0,,,Similar,Not compared,20170000,,,1y
93088,"Overweight (including obesity) prevalence in adults, (using adjusted self-reported height and weight)",E92000001,England,E06000021,Stoke-on-Trent,Counties & UAs (from Apr 2023),Persons,18+ yrs,,,2017/18,71.96642,67.54177,76.13365,65.39379,78.75895,,419.0,,,Worse,Not compared,20170000,,,1y
93088,"Overweight (including obesity) prevalence in adults, (using adjusted self-reported height and weight)",E92000001,England,E06000022,Bath and North East Somerset,Counties & UAs (from Apr 2023),Persons,18+ yrs,,,2017/18,58.20935,53.71179,62.66376,51.09148,65.0655,,458.0,,,Similar,Not compared,20170000,,,1y
93088,"Overweight (including obesity) prevalence in adults, (using adjusted self-reported height and weight)",E92000001,England,E06000023,Bristol,Counties & UAs (from Apr 2023),Persons,18+ yrs,,,2017/18,55.89861,53.59439,58.27002,52.01636,59.73127,,1711.0,,,Better,Not compared,20170000,,,1y
93088,"Overweight (including obesity) prevalence in adults, (using adjusted self-reported height and weight)",E92000001,England,E06000024,North Somerset,Counties & UAs (from Apr 2023),Persons,18+ yrs,,,2017/18,66.87542,62.47241,71.08168,60.04415,73.2894,,453.0,,,Worse,Not compared,20170000,,,1y
93088,"Overweight (including obesity) prevalence in adults, (using adjusted self-reported height and weight)",E92000001,England,E06000025,South Gloucestershire,Counties & UAs (from Apr 2023),Persons,18+ yrs,,,2017/18,60.81648,56.25,65.40179,53.79464,67.63393,,448.0,,,Similar,Not compared,20170000,,,1y
93088,"Overweight (including obesity) prevalence in adults, (using adjusted self-reported height and weight)",E92000001,England,E06000026,Plymouth,Counties & UAs (from Apr 2023),Persons,18+ yrs,,,2017/18,67.83103,63.40326,72.26107,60.37296,74.59231,,429.0,,,Worse,Not compared,20170000,,,1y
93088,"Overweight (including obesity) prevalence in adults, (using adjusted self-reported height and weight)",E92000001,England,E06000027,Torbay,Counties & UAs (from Apr 2023),Persons,18+ yrs,,,2017/18,60.52126,55.8753,65.22782,53.23717,67.6259,,417.0,,,Similar,Not compared,20170000,,,1y
93088,"Overweight (including obesity) prevalence in adults, (using adjusted self-reported height and weight)",E92000001,England,E06000030,Swindon,Counties & UAs (from Apr 2023),Persons,18+ yrs,,,2017/18,62.13839,57.61589,66.66667,55.18742,69.31567,,453.0,,,Similar,Not compared,20170000,,,1y
93088,"Overweight (including obesity) prevalence in adults, (using adjusted self-reported height and weight)",E92000001,England,E06000031,Peterborough,Counties & UAs (from Apr 2023),Persons,18+ yrs,,,2017/18,67.94137,63.41463,72.43902,60.97561,74.87805,,410.0,,,Worse,Not compared,20170000,,,1y
93088,"Overweight (including obesity) prevalence in adults, (using adjusted self-reported height and weight)",E92000001,England,E06000032,Luton,Counties & UAs (from Apr 2023),Persons,18+ yrs,,,2017/18,60.98613,55.85831,65.94005,53.40572,68.93733,,367.0,,,Similar,Not compared,20170000,,,1y
93088,"Overweight (including obesity) prevalence in adults, (using adjusted self-reported height and weight)",E92000001,England,E06000033,Southend-on-Sea,Counties & UAs (from Apr 2023),Persons,18+ yrs,,,2017/18,65.79388,61.33652,70.40573,58.71098,72.31504,,419.0,,,Similar,Not compared,20170000,,,1y
93088,"Overweight (including obesity) prevalence in adults, (using adjusted self-reported height and weight)",E92000001,England,E06000034,Thurrock,Counties & UAs (from Apr 2023),Persons,18+ yrs,,,2017/18,66.99124,62.40602,71.42857,59.3985,73.93484,,399.0,,,Worse,Not compared,20170000,,,1y
93088,"Overweight (including obesity) prevalence in adults, (using adjusted self-reported height and weight)",E92000001,England,E06000035,Medway,Counties & UAs (from Apr 2023),Persons,18+ yrs,,,2017/18,67.68364,63.14496,72.23587,60.68796,74.93857,,407.0,,,Worse,Not compared,20170000,,,1y
93088,"Overweight (including obesity) prevalence in adults, (using adjusted self-reported height and weight)",E92000001,England,E06000036,Bracknell Forest,Counties & UAs (from Apr 2023),Persons,18+ yrs,,,2017/18,60.19897,55.50459,64.6789,52.98165,67.43119,,436.0,,,Similar,Not compared,20170000,,,1y
93088,"Overweight (including obesity) prevalence in adults, (using adjusted self-reported height and weight)",E92000001,England,E06000037,West Berkshire,Counties & UAs (from Apr 2023),Persons,18+ yrs,,,2017/18,58.45627,53.84615,63.22115,51.20192,65.625,,416.0,,,Similar,Not compared,20170000,,,1y
93088,"Overweight (including obesity) prevalence in adults, (using adjusted self-reported height and weight)",E92000001,England,E06000038,Reading,Counties & UAs (from Apr 2023),Persons,18+ yrs,,,2017/18,56.75672,51.96078,61.51961,48.52941,64.21593,,408.0,,,Better,Not compared,20170000,,,1y
93088,"Overweight (including obesity) prevalence in adults, (using adjusted self-reported height and weight)",E92000001,England,E06000039,Slough,Counties & UAs (from Apr 2023),Persons,18+ yrs,,,2017/18,66.18637,61.49871,70.80103,58.65633,73.64341,,387.0,,,Similar,Not compared,20170000,,,1y
93088,"Overweight (including obesity) prevalence in adults, (using adjusted self-reported height and weight)",E92000001,England,E06000040,Windsor and Maidenhead,Counties & UAs (from Apr 2023),Persons,18+ yrs,,,2017/18,58.12225,53.47222,62.73148,50.69444,65.27801,,432.0,,,Similar,Not compared,20170000,,,1y
93088,"Overweight (including obesity) prevalence in adults, (using adjusted self-reported height and weight)",E92000001,England,E06000041,Wokingham,Counties & UAs (from Apr 2023),Persons,18+ yrs,,,2017/18,53.36737,48.73563,57.93103,45.97701,60.91954,,435.0,,,Better,Not compared,20170000,,,1y
93088,"Overweight (including obesity) prevalence in adults, (using adjusted self-reported height and weight)",E92000001,England,E06000042,Milton Keynes,Counties & UAs (from Apr 2023),Persons,18+ yrs,,,2017/18,64.37178,59.79899,69.09548,56.53266,71.8593,,398.0,,,Similar,Not compared,20170000,,,1y
93088,"Overweight (including obesity) prevalence in adults, (using adjusted self-reported height and weight)",E92000001,England,E06000043,Brighton and Hove,Counties & UAs (from Apr 2023),Persons,18+ yrs,,,2017/18,51.09403,46.62162,55.63063,44.14414,58.10833,,444.0,,,Better,Not compared,20170000,,,1y
93088,"Overweight (including obesity) prevalence in adults, (using adjusted self-reported height and weight)",E92000001,England,E06000044,Portsmouth,Counties & UAs (from Apr 2023),Persons,18+ yrs,,,2017/18,63.96578,59.32584,68.31461,56.85393,70.78674,,445.0,,,Similar,Not compared,20170000,,,1y
93088,"Overweight (including obesity) prevalence in adults, (using adjusted self-reported height and weight)",E92000001,England,E06000045,Southampton,Counties & UAs (from Apr 2023),Persons,18+ yrs,,,2017/18,64.46404,60.0,68.94118,57.41176,71.29412,,425.0,,,Similar,Not compared,20170000,,,1y
93088,"Overweight (including obesity) prevalence in adults, (using adjusted self-reported height and weight)",E92000001,England,E06000046,Isle of Wight,Counties & UAs (from Apr 2023),Persons,18+ yrs,,,2017/18,60.29741,55.26992,65.29563,52.69923,68.12365,,389.0,,,Similar,Not compared,20170000,,,1y
93088,"Overweight (including obesity) prevalence in adults, (using adjusted self-reported height and weight)",E92000001,England,E06000047,County Durham,Counties & UAs (from Apr 2023),Persons,18+ yrs,,,2017/18,66.87704,62.37624,71.28713,59.90099,73.76238,,404.0,,,Worse,Not compared,20170000,,,1y
93088,"Overweight (including obesity) prevalence in adults, (using adjusted self-reported height and weight)",E92000001,England,E06000049,Cheshire East,Counties & UAs (from Apr 2023),Persons,18+ yrs,,,2017/18,63.1895,58.68132,67.47253,56.4833,69.89011,,455.0,,,Similar,Not compared,20170000,,,1y
93088,"Overweight (including obesity) prevalence in adults, (using adjusted self-reported height and weight)",E92000001,England,E06000050,Cheshire West and Chester,Counties & UAs (from Apr 2023),Persons,18+ yrs,,,2017/18,63.20996,58.51319,67.86571,55.63549,70.50384,,417.0,,,Similar,Not compared,20170000,,,1y
93088,"Overweight (including obesity) prevalence in adults, (using adjusted self-reported height and weight)",E92000001,England,E06000051,Shropshire,Counties & UAs (from Apr 2023),Persons,18+ yrs,,,2017/18,72.13431,67.92873,76.16927,65.47862,78.39644,,449.0,,,Worse,Not compared,20170000,,,1y
93088,"Overweight (including obesity) prevalence in adults, (using adjusted self-reported height and weight)",E92000001,England,E06000052,Cornwall,Counties & UAs (from Apr 2023),Persons,18+ yrs,,,2017/18,55.00205,50.45045,59.68468,47.52252,62.16216,,444.0,,,Better,Not compared,20170000,,,1y
93088,"Overweight (including obesity) prevalence in adults, (using adjusted self-reported height and weight)",E92000001,England,E06000053,Isles of Scilly,Counties & UAs (from Apr 2023),Persons,18+ yrs,,,2017/18,64.72449,58.18182,70.92045,55.0,74.54545,,220.0,,,Similar,Not compared,20170000,,,1y
93088,"Overweight (including obesity) prevalence in adults, (using adjusted self-reported height and weight)",E92000001,England,E06000054,Wiltshire,Counties & UAs (from Apr 2023),Persons,18+ yrs,,,2017/18,58.92631,54.13712,63.59338,51.77305,66.19385,,423.0,,,Similar,Not compared,20170000,,,1y
93088,"Overweight (including obesity) prevalence in adults, (using adjusted self-reported height and weight)",E92000001,England,E06000055,Bedford,Counties & UAs (from Apr 2023),Persons,18+ yrs,,,2017/18,62.02447,57.28395,66.91358,55.06173,69.62963,,405.0,,,Similar,Not compared,20170000,,,1y
93088,"Overweight (including obesity) prevalence in adults, (using adjusted self-reported height and weight)",E92000001,England,E06000056,Central Bedfordshire,Counties & UAs (from Apr 2023),Persons,18+ yrs,,,2017/18,59.90366,55.4023,64.36782,52.87333,66.89655,,435.0,,,Similar,Not compared,20170000,,,1y
93088,"Overweight (including obesity) prevalence in adults, (using adjusted self-reported height and weight)",E92000001,England,E06000057,Northumberland,Counties & UAs (from Apr 2023),Persons,18+ yrs,,,2017/18,62.21471,57.52427,66.74757,54.85437,69.41748,,412.0,,,Similar,Not compared,20170000,,,1y
93088,"Overweight (including obesity) prevalence in adults, (using adjusted self-reported height and weight)",E92000001,England,E06000058,"Bournemouth, Christchurch and Poole",Counties & UAs (from Apr 2023),Persons,18+ yrs,,,2017/18,60.94649,58.28267,63.52584,56.53488,65.12173,,1316.0,,,Similar,Not compared,20170000,,,1y
93088,"Overweight (including obesity) prevalence in adults, (using adjusted self-reported height and weight)",E92000001,England,E06000059,Dorset,Counties & UAs (from Apr 2023),Persons,18+ yrs,,,2017/18,62.34041,60.29616,64.41462,59.23179,65.52527,,2161.0,,,Similar,Not compared,20170000,,,1y
93088,"Overweight (including obesity) prevalence in adults, (using adjusted self-reported height and weight)",E92000001,England,E06000060,Buckinghamshire UA,Counties & UAs (from Apr 2023),Persons,18+ yrs,,,2017/18,54.64654,52.20544,57.03927,50.81565,58.18737,,1655.0,,,Better,Not compared,20170000,,,1y
93088,"Overweight (including obesity) prevalence in adults, (using adjusted self-reported height and weight)",E92000001,England,E06000061,North Northamptonshire,Counties & UAs (from Apr 2023),Persons,18+ yrs,,,2017/18,69.46738,67.26727,71.71171,65.88583,72.79285,,1665.0,,,Worse,Not compared,20170000,,,1y
93088,"Overweight (including obesity) prevalence in adults, (using adjusted self-reported height and weight)",E92000001,England,E06000062,West Northamptonshire,Counties & UAs (from Apr 2023),Persons,18+ yrs,,,2017/18,65.49217,62.83465,68.11024,61.25984,69.29142,,1270.0,,,Worse,Not compared,20170000,,,1y
93088,"Overweight (including obesity) prevalence in adults, (using adjusted self-reported height and weight)",E92000001,England,E06000063,Cumberland,Counties & UAs (from Apr 2023),Persons,18+ yrs,,,2017/18,65.16862,62.47012,67.72908,60.95618,69.32271,,1255.0,,,Worse,Not compared,20170000,,,1y
93088,"Overweight (including obesity) prevalence in adults, (using adjusted self-reported height and weight)",E92000001,England,E06000064,Westmorland and Furness,Counties & UAs (from Apr 2023),Persons,18+ yrs,,,2017/18,59.70135,56.97853,62.34663,55.3681,63.80376,,1304.0,,,Similar,Not compared,20170000,,,1y
93088,"Overweight (including obesity) prevalence in adults, (using adjusted self-reported height and weight)",E92000001,England,E06000065,North Yorkshire UA,Counties & UAs (from Apr 2023),Persons,18+ yrs,,,2017/18,61.3908,59.67848,63.12336,58.46457,63.97638,,3048.0,,,Similar,Not compared,20170000,,,1y
93088,"Overweight (including obesity) prevalence in adults, (using adjusted self-reported height and weight)",E92000001,England,E06000066,Somerset UA,Counties & UAs (from Apr 2023),Persons,18+ yrs,,,2017/18,67.584,65.61914,69.5591,64.54029,70.49723,,2132.0,,,Worse,Not compared,20170000,,,1y
93088,"Overweight (including obesity) prevalence in adults, (using adjusted self-reported height and weight)",E92000001,England,E08000001,Bolton,Counties & UAs (from Apr 2023),Persons,18+ yrs,,,2017/18,63.24253,59.95056,66.50185,58.22002,68.1089,,809.0,,,Similar,Not compared,20170000,,,1y
93088,"Overweight (including obesity) prevalence in adults, (using adjusted self-reported height and weight)",E92000001,England,E08000002,Bury,Counties & UAs (from Apr 2023),Persons,18+ yrs,,,2017/18,63.9393,60.70615,66.97039,58.88383,68.67882,,878.0,,,Similar,Not compared,20170000,,,1y
93088,"Overweight (including obesity) prevalence in adults, (using adjusted self-reported height and weight)",E92000001,England,E08000003,Manchester,Counties & UAs (from Apr 2023),Persons,18+ yrs,,,2017/18,64.16258,61.82266,66.44089,60.28325,67.73411,,1624.0,,,Similar,Not compared,20170000,,,1y
93088,"Overweight (including obesity) prevalence in adults, (using adjusted self-reported height and weight)",E92000001,England,E08000004,Oldham,Counties & UAs (from Apr 2023),Persons,18+ yrs,,,2017/18,66.65871,63.5514,69.74299,61.68213,71.49533,,856.0,,,Worse,Not compared,20170000,,,1y
93088,"Overweight (including obesity) prevalence in adults, (using adjusted self-reported height and weight)",E92000001,England,E08000005,Rochdale,Counties & UAs (from Apr 2023),Persons,18+ yrs,,,2017/18,63.61731,60.2108,67.06192,58.36627,69.16996,,759.0,,,Similar,Not compared,20170000,,,1y
93088,"Overweight (including obesity) prevalence in adults, (using adjusted self-reported height and weight)",E92000001,England,E08000006,Salford,Counties & UAs (from Apr 2023),Persons,18+ yrs,,,2017/18,66.74943,63.45238,69.88095,61.7856,71.54774,,840.0,,,Worse,Not compared,20170000,,,1y
93088,"Overweight (including obesity) prevalence in adults, (using adjusted self-reported height and weight)",E92000001,England,E08000007,Stockport,Counties & UAs (from Apr 2023),Persons,18+ yrs,,,2017/18,59.97954,56.61058,63.34135,54.80757,64.90385,,832.0,,,Similar,Not compared,20170000,,,1y
93088,"Overweight (including obesity) prevalence in adults, (using adjusted self-reported height and weight)",E92000001,England,E08000008,Tameside,Counties & UAs (from Apr 2023),Persons,18+ yrs,,,2017/18,65.7164,62.56098,68.90244,60.60963,70.60976,,820.0,,,Worse,Not compared,20170000,,,1y
93088,"Overweight (including obesity) prevalence in adults, (using adjusted self-reported height and weight)",E92000001,England,E08000009,Trafford,Counties & UAs (from Apr 2023),Persons,18+ yrs,,,2017/18,57.39458,54.08284,60.8284,51.95266,62.60355,,845.0,,,Better,Not compared,20170000,,,1y
93088,"Overweight (including obesity) prevalence in adults, (using adjusted self-reported height and weight)",E92000001,England,E08000010,Wigan,Counties & UAs (from Apr 2023),Persons,18+ yrs,,,2017/18,67.89623,64.72684,71.02138,63.06413,72.80285,,842.0,,,Worse,Not compared,20170000,,,1y
93088,"Overweight (including obesity) prevalence in adults, (using adjusted self-reported height and weight)",E92000001,England,E08000011,Knowsley,Counties & UAs (from Apr 2023),Persons,18+ yrs,,,2017/18,72.39368,67.83042,76.80798,65.33641,79.30175,,401.0,,,Worse,Not compared,20170000,,,1y
93088,"Overweight (including obesity) prevalence in adults, (using adjusted self-reported height and weight)",E92000001,England,E08000012,Liverpool,Counties & UAs (from Apr 2023),Persons,18+ yrs,,,2017/18,64.27545,62.0128,66.49215,60.67469,67.83019,,1719.0,,,Worse,Not compared,20170000,,,1y
93088,"Overweight (including obesity) prevalence in adults, (using adjusted self-reported height and weight)",E92000001,England,E08000013,St. Helens,Counties & UAs (from Apr 2023),Persons,18+ yrs,,,2017/18,73.001,68.70416,77.26161,66.01467,79.70685,,409.0,,,Worse,Not compared,20170000,,,1y
93088,"Overweight (including obesity) prevalence in adults, (using adjusted self-reported height and weight)",E92000001,England,E08000014,Sefton,Counties & UAs (from Apr 2023),Persons,18+ yrs,,,2017/18,70.80107,66.51376,75.0,64.21995,77.29358,,436.0,,,Worse,Not compared,20170000,,,1y
93088,"Overweight (including obesity) prevalence in adults, (using adjusted self-reported height and weight)",E92000001,England,E08000015,Wirral,Counties & UAs (from Apr 2023),Persons,18+ yrs,,,2017/18,62.17219,57.31415,66.66667,54.67626,69.30456,,417.0,,,Similar,Not compared,20170000,,,1y
93088,"Overweight (including obesity) prevalence in adults, (using adjusted self-reported height and weight)",E92000001,England,E08000016,Barnsley,Counties & UAs (from Apr 2023),Persons,18+ yrs,,,2017/18,68.74338,64.21801,73.22275,61.8481,75.59265,,422.0,,,Worse,Not compared,20170000,,,1y
93088,"Overweight (including obesity) prevalence in adults, (using adjusted self-reported height and weight)",E92000001,England,E08000017,Doncaster,Counties & UAs (from Apr 2023),Persons,18+ yrs,,,2017/18,71.33011,66.98113,75.70755,64.38679,78.06627,,424.0,,,Worse,Not compared,20170000,,,1y
93088,"Overweight (including obesity) prevalence in adults, (using adjusted self-reported height and weight)",E92000001,England,E08000018,Rotherham,Counties & UAs (from Apr 2023),Persons,18+ yrs,,,2017/18,61.55265,56.82927,66.34146,53.90244,68.78049,,410.0,,,Similar,Not compared,20170000,,,1y
93088,"Overweight (including obesity) prevalence in adults, (using adjusted self-reported height and weight)",E92000001,England,E08000019,Sheffield,Counties & UAs (from Apr 2023),Persons,18+ yrs,,,2017/18,62.83331,60.53571,65.11905,59.10714,66.42857,,1680.0,,,Similar,Not compared,20170000,,,1y
93088,"Overweight (including obesity) prevalence in adults, (using adjusted self-reported height and weight)",E92000001,England,E08000021,Newcastle upon Tyne,Counties & UAs (from Apr 2023),Persons,18+ yrs,,,2017/18,61.95162,59.62848,64.27245,58.20421,65.51084,,1615.0,,,Similar,Not compared,20170000,,,1y
93088,"Overweight (including obesity) prevalence in adults, (using adjusted self-reported height and weight)",E92000001,England,E08000022,North Tyneside,Counties & UAs (from Apr 2023),Persons,18+ yrs,,,2017/18,63.08794,58.35351,67.79661,55.68983,70.21792,,413.0,,,Similar,Not compared,20170000,,,1y
93088,"Overweight (including obesity) prevalence in adults, (using adjusted self-reported height and weight)",E92000001,England,E08000023,South Tyneside,Counties & UAs (from Apr 2023),Persons,18+ yrs,,,2017/18,70.17724,65.46392,74.48454,62.88634,77.06211,,388.0,,,Worse,Not compared,20170000,,,1y
93088,"Overweight (including obesity) prevalence in adults, (using adjusted self-reported height and weight)",E92000001,England,E08000024,Sunderland,Counties & UAs (from Apr 2023),Persons,18+ yrs,,,2017/18,68.36979,63.77171,72.95285,60.79404,75.1861,,403.0,,,Worse,Not compared,20170000,,,1y
93088,"Overweight (including obesity) prevalence in adults, (using adjusted self-reported height and weight)",E92000001,England,E08000025,Birmingham,Counties & UAs (from Apr 2023),Persons,18+ yrs,,,2017/18,64.48494,62.10938,66.86198,60.48177,68.09909,,1536.0,,,Worse,Not compared,20170000,,,1y
93088,"Overweight (including obesity) prevalence in adults, (using adjusted self-reported height and weight)",E92000001,England,E08000026,Coventry,Counties & UAs (from Apr 2023),Persons,18+ yrs,,,2017/18,64.89054,60.28369,69.50355,57.68322,72.10402,,423.0,,,Similar,Not compared,20170000,,,1y
93088,"Overweight (including obesity) prevalence in adults, (using adjusted self-reported height and weight)",E92000001,England,E08000027,Dudley,Counties & UAs (from Apr 2023),Persons,18+ yrs,,,2017/18,64.6859,59.95086,69.28747,57.00246,71.74447,,407.0,,,Similar,Not compared,20170000,,,1y
93088,"Overweight (including obesity) prevalence in adults, (using adjusted self-reported height and weight)",E92000001,England,E08000028,Sandwell,Counties & UAs (from Apr 2023),Persons,18+ yrs,,,2017/18,70.50938,66.06684,75.06427,63.23907,77.37789,,389.0,,,Worse,Not compared,20170000,,,1y
93088,"Overweight (including obesity) prevalence in adults, (using adjusted self-reported height and weight)",E92000001,England,E08000029,Solihull,Counties & UAs (from Apr 2023),Persons,18+ yrs,,,2017/18,54.59037,49.6368,59.32203,47.21525,62.22785,,413.0,,,Better,Not compared,20170000,,,1y
93088,"Overweight (including obesity) prevalence in adults, (using adjusted self-reported height and weight)",E92000001,England,E08000030,Walsall,Counties & UAs (from Apr 2023),Persons,18+ yrs,,,2017/18,65.66869,61.04218,70.22333,58.56055,72.70496,,403.0,,,Similar,Not compared,20170000,,,1y
93088,"Overweight (including obesity) prevalence in adults, (using adjusted self-reported height and weight)",E92000001,England,E08000031,Wolverhampton,Counties & UAs (from Apr 2023),Persons,18+ yrs,,,2017/18,67.08786,62.33422,71.61804,59.41645,74.53607,,377.0,,,Worse,Not compared,20170000,,,1y
93088,"Overweight (including obesity) prevalence in adults, (using adjusted self-reported height and weight)",E92000001,England,E08000032,Bradford,Counties & UAs (from Apr 2023),Persons,18+ yrs,,,2017/18,60.42527,57.00246,63.75921,55.28256,65.60197,,814.0,,,Similar,Not compared,20170000,,,1y
93088,"Overweight (including obesity) prevalence in adults, (using adjusted self-reported height and weight)",E92000001,England,E08000033,Calderdale,Counties & UAs (from Apr 2023),Persons,18+ yrs,,,2017/18,68.35293,63.84977,72.76995,61.50211,75.35211,,426.0,,,Worse,Not compared,20170000,,,1y
93088,"Overweight (including obesity) prevalence in adults, (using adjusted self-reported height and weight)",E92000001,England,E08000034,Kirklees,Counties & UAs (from Apr 2023),Persons,18+ yrs,,,2017/18,61.50156,56.72372,66.25917,54.03423,68.94866,,409.0,,,Similar,Not compared,20170000,,,1y
93088,"Overweight (including obesity) prevalence in adults, (using adjusted self-reported height and weight)",E92000001,England,E08000035,Leeds,Counties & UAs (from Apr 2023),Persons,18+ yrs,,,2017/18,62.68174,60.36145,65.0,58.97584,66.20482,,1660.0,,,Similar,Not compared,20170000,,,1y
93088,"Overweight (including obesity) prevalence in adults, (using adjusted self-reported height and weight)",E92000001,England,E08000036,Wakefield,Counties & UAs (from Apr 2023),Persons,18+ yrs,,,2017/18,67.70905,63.12057,72.10402,60.99291,74.46832,,423.0,,,Worse,Not compared,20170000,,,1y
93088,"Overweight (including obesity) prevalence in adults, (using adjusted self-reported height and weight)",E92000001,England,E08000037,Gateshead,Counties & UAs (from Apr 2023),Persons,18+ yrs,,,2017/18,69.1324,64.51613,73.69727,62.03474,76.17866,,403.0,,,Worse,Not compared,20170000,,,1y
93088,"Overweight (including obesity) prevalence in adults, (using adjusted self-reported height and weight)",E92000001,England,E09000001,City of London,Counties & UAs (from Apr 2023),Persons,18+ yrs,,,2017/18,41.61781,34.69388,48.46939,30.61224,52.55153,,196.0,,,Better,Not compared,20170000,,,1y
93088,"Overweight (including obesity) prevalence in adults, (using adjusted self-reported height and weight)",E92000001,England,E09000002,Barking and Dagenham,Counties & UAs (from Apr 2023),Persons,18+ yrs,,,2017/18,62.53798,57.22892,67.77108,54.51807,70.78313,,332.0,,,Similar,Not compared,20170000,,,1y
93088,"Overweight (including obesity) prevalence in adults, (using adjusted self-reported height and weight)",E92000001,England,E09000003,Barnet,Counties & UAs (from Apr 2023),Persons,18+ yrs,,,2017/18,53.81134,48.96373,58.80829,45.5956,61.39896,,386.0,,,Better,Not compared,20170000,,,1y
93088,"Overweight (including obesity) prevalence in adults, (using adjusted self-reported height and weight)",E92000001,England,E09000004,Bexley,Counties & UAs (from Apr 2023),Persons,18+ yrs,,,2017/18,62.52944,57.73956,67.07617,54.79115,69.53317,,407.0,,,Similar,Not compared,20170000,,,1y
93088,"Overweight (including obesity) prevalence in adults, (using adjusted self-reported height and weight)",E92000001,England,E09000005,Brent,Counties & UAs (from Apr 2023),Persons,18+ yrs,,,2017/18,55.46816,50.3876,60.46512,48.06176,63.30749,,387.0,,,Better,Not compared,20170000,,,1y
93088,"Overweight (including obesity) prevalence in adults, (using adjusted self-reported height and weight)",E92000001,England,E09000006,Bromley,Counties & UAs (from Apr 2023),Persons,18+ yrs,,,2017/18,51.68797,46.73123,56.41646,43.82567,59.0799,,413.0,,,Better,Not compared,20170000,,,1y
93088,"Overweight (including obesity) prevalence in adults, (using adjusted self-reported height and weight)",E92000001,England,E09000007,Camden,Counties & UAs (from Apr 2023),Persons,18+ yrs,,,2017/18,47.00686,42.29885,51.72414,39.31011,54.94253,,435.0,,,Better,Not compared,20170000,,,1y
93088,"Overweight (including obesity) prevalence in adults, (using adjusted self-reported height and weight)",E92000001,England,E09000008,Croydon,Counties & UAs (from Apr 2023),Persons,18+ yrs,,,2017/18,62.1038,57.46269,66.91542,54.22886,69.65174,,402.0,,,Similar,Not compared,20170000,,,1y
93088,"Overweight (including obesity) prevalence in adults, (using adjusted self-reported height and weight)",E92000001,England,E09000009,Ealing,Counties & UAs (from Apr 2023),Persons,18+ yrs,,,2017/18,60.66089,55.73333,65.34,52.8,68.0,,375.0,,,Similar,Not compared,20170000,,,1y
93088,"Overweight (including obesity) prevalence in adults, (using adjusted self-reported height and weight)",E92000001,England,E09000010,Enfield,Counties & UAs (from Apr 2023),Persons,18+ yrs,,,2017/18,57.78283,52.83505,62.62887,50.25773,65.20644,,388.0,,,Similar,Not compared,20170000,,,1y
93088,"Overweight (including obesity) prevalence in adults, (using adjusted self-reported height and weight)",E92000001,England,E09000011,Greenwich,Counties & UAs (from Apr 2023),Persons,18+ yrs,,,2017/18,58.70364,53.66492,63.61257,50.78534,66.23037,,382.0,,,Similar,Not compared,20170000,,,1y
93088,"Overweight (including obesity) prevalence in adults, (using adjusted self-reported height and weight)",E92000001,England,E09000012,Hackney,Counties & UAs (from Apr 2023),Persons,18+ yrs,,,2017/18,48.98127,44.26606,53.66972,41.74289,56.65138,,436.0,,,Better,Not compared,20170000,,,1y
93088,"Overweight (including obesity) prevalence in adults, (using adjusted self-reported height and weight)",E92000001,England,E09000013,Hammersmith and Fulham,Counties & UAs (from Apr 2023),Persons,18+ yrs,,,2017/18,51.2983,46.26866,56.21891,43.28358,59.20398,,402.0,,,Better,Not compared,20170000,,,1y
93088,"Overweight (including obesity) prevalence in adults, (using adjusted self-reported height and weight)",E92000001,England,E09000014,Haringey,Counties & UAs (from Apr 2023),Persons,18+ yrs,,,2017/18,51.77393,47.07317,56.82927,43.90244,59.02463,,410.0,,,Better,Not compared,20170000,,,1y
93088,"Overweight (including obesity) prevalence in adults, (using adjusted self-reported height and weight)",E92000001,England,E09000015,Harrow,Counties & UAs (from Apr 2023),Persons,18+ yrs,,,2017/18,52.29253,47.22222,57.32323,44.19192,59.84848,,396.0,,,Better,Not compared,20170000,,,1y
93088,"Overweight (including obesity) prevalence in adults, (using adjusted self-reported height and weight)",E92000001,England,E09000016,Havering,Counties & UAs (from Apr 2023),Persons,18+ yrs,,,2017/18,69.41078,64.95327,73.83178,62.1493,75.93458,,428.0,,,Worse,Not compared,20170000,,,1y
93088,"Overweight (including obesity) prevalence in adults, (using adjusted self-reported height and weight)",E92000001,England,E09000017,Hillingdon,Counties & UAs (from Apr 2023),Persons,18+ yrs,,,2017/18,61.82493,56.88776,66.58163,54.08163,69.64286,,392.0,,,Similar,Not compared,20170000,,,1y
93088,"Overweight (including obesity) prevalence in adults, (using adjusted self-reported height and weight)",E92000001,England,E09000018,Hounslow,Counties & UAs (from Apr 2023),Persons,18+ yrs,,,2017/18,60.12521,55.35714,65.05102,52.80612,67.85714,,392.0,,,Similar,Not compared,20170000,,,1y
93088,"Overweight (including obesity) prevalence in adults, (using adjusted self-reported height and weight)",E92000001,England,E09000019,Islington,Counties & UAs (from Apr 2023),Persons,18+ yrs,,,2017/18,47.44957,42.49364,52.4173,39.43995,55.47074,,393.0,,,Better,Not compared,20170000,,,1y
93088,"Overweight (including obesity) prevalence in adults, (using adjusted self-reported height and weight)",E92000001,England,E09000020,Kensington and Chelsea,Counties & UAs (from Apr 2023),Persons,18+ yrs,,,2017/18,48.77343,43.98148,53.47222,41.66644,56.25,,432.0,,,Better,Not compared,20170000,,,1y
93088,"Overweight (including obesity) prevalence in adults, (using adjusted self-reported height and weight)",E92000001,England,E09000021,Kingston upon Thames,Counties & UAs (from Apr 2023),Persons,18+ yrs,,,2017/18,51.52817,46.4467,56.34518,43.65482,59.39086,,394.0,,,Better,Not compared,20170000,,,1y
93088,"Overweight (including obesity) prevalence in adults, (using adjusted self-reported height and weight)",E92000001,England,E09000022,Lambeth,Counties & UAs (from Apr 2023),Persons,18+ yrs,,,2017/18,52.46748,47.39454,57.3201,44.91315,60.04963,,403.0,,,Better,Not compared,20170000,,,1y
93088,"Overweight (including obesity) prevalence in adults, (using adjusted self-reported height and weight)",E92000001,England,E09000023,Lewisham,Counties & UAs (from Apr 2023),Persons,18+ yrs,,,2017/18,53.42069,48.48485,58.33333,45.9596,61.11111,,396.0,,,Better,Not compared,20170000,,,1y
93088,"Overweight (including obesity) prevalence in adults, (using adjusted self-reported height and weight)",E92000001,England,E09000024,Merton,Counties & UAs (from Apr 2023),Persons,18+ yrs,,,2017/18,59.1164,54.41176,63.72549,51.71569,66.17647,,408.0,,,Similar,Not compared,20170000,,,1y
93088,"Overweight (including obesity) prevalence in adults, (using adjusted self-reported height and weight)",E92000001,England,E09000025,Newham,Counties & UAs (from Apr 2023),Persons,18+ yrs,,,2017/18,61.11449,56.0,66.28571,53.42857,69.14286,,350.0,,,Similar,Not compared,20170000,,,1y
93088,"Overweight (including obesity) prevalence in adults, (using adjusted self-reported height and weight)",E92000001,England,E09000026,Redbridge,Counties & UAs (from Apr 2023),Persons,18+ yrs,,,2017/18,55.32091,50.39544,60.32172,47.18499,63.80697,,373.0,,,Better,Not compared,20170000,,,1y
93088,"Overweight (including obesity) prevalence in adults, (using adjusted self-reported height and weight)",E92000001,England,E09000027,Richmond upon Thames,Counties & UAs (from Apr 2023),Persons,18+ yrs,,,2017/18,46.63328,41.88235,51.52941,39.29412,54.11788,,425.0,,,Better,Not compared,20170000,,,1y
93088,"Overweight (including obesity) prevalence in adults, (using adjusted self-reported height and weight)",E92000001,England,E09000028,Southwark,Counties & UAs (from Apr 2023),Persons,18+ yrs,,,2017/18,51.30664,46.57534,55.93607,44.06393,58.21918,,438.0,,,Better,Not compared,20170000,,,1y
93088,"Overweight (including obesity) prevalence in adults, (using adjusted self-reported height and weight)",E92000001,England,E09000029,Sutton,Counties & UAs (from Apr 2023),Persons,18+ yrs,,,2017/18,57.18633,52.53012,61.92771,49.87952,64.57855,,415.0,,,Similar,Not compared,20170000,,,1y
93088,"Overweight (including obesity) prevalence in adults, (using adjusted self-reported height and weight)",E92000001,England,E09000030,Tower Hamlets,Counties & UAs (from Apr 2023),Persons,18+ yrs,,,2017/18,50.87533,45.89744,55.64103,43.07692,58.97436,,390.0,,,Better,Not compared,20170000,,,1y
93088,"Overweight (including obesity) prevalence in adults, (using adjusted self-reported height and weight)",E92000001,England,E09000031,Waltham Forest,Counties & UAs (from Apr 2023),Persons,18+ yrs,,,2017/18,56.63887,51.69713,61.6188,48.8248,64.49086,,383.0,,,Better,Not compared,20170000,,,1y
93088,"Overweight (including obesity) prevalence in adults, (using adjusted self-reported height and weight)",E92000001,England,E09000032,Wandsworth,Counties & UAs (from Apr 2023),Persons,18+ yrs,,,2017/18,54.31686,49.65831,58.99772,46.92483,61.27563,,439.0,,,Better,Not compared,20170000,,,1y
93088,"Overweight (including obesity) prevalence in adults, (using adjusted self-reported height and weight)",E92000001,England,E09000033,Westminster,Counties & UAs (from Apr 2023),Persons,18+ yrs,,,2017/18,45.83754,40.82126,50.72464,38.64734,53.38164,,414.0,,,Better,Not compared,20170000,,,1y
93088,"Overweight (including obesity) prevalence in adults, (using adjusted self-reported height and weight)",E92000001,England,E10000003,Cambridgeshire,Counties & UAs (from Apr 2023),Persons,18+ yrs,,,2017/18,58.71002,56.73242,60.76329,55.74605,62.00686,,2332.0,,,Better,Not compared,20170000,,,1y
93088,"Overweight (including obesity) prevalence in adults, (using adjusted self-reported height and weight)",E92000001,England,E10000007,Derbyshire,Counties & UAs (from Apr 2023),Persons,18+ yrs,,,2017/18,64.87318,63.29588,66.43619,62.37396,67.35814,,3471.0,,,Worse,Not compared,20170000,,,1y
93088,"Overweight (including obesity) prevalence in adults, (using adjusted self-reported height and weight)",E92000001,England,E10000008,Devon,Counties & UAs (from Apr 2023),Persons,18+ yrs,,,2017/18,60.67538,59.064,62.27798,58.04906,63.18015,,3547.0,,,Similar,Not compared,20170000,,,1y
93088,"Overweight (including obesity) prevalence in adults, (using adjusted self-reported height and weight)",E92000001,England,E10000011,East Sussex,Counties & UAs (from Apr 2023),Persons,18+ yrs,,,2017/18,60.92979,58.85079,62.97498,57.83133,64.1335,,2158.0,,,Similar,Not compared,20170000,,,1y
93088,"Overweight (including obesity) prevalence in adults, (using adjusted self-reported height and weight)",E92000001,England,E10000012,Essex,Counties & UAs (from Apr 2023),Persons,18+ yrs,,,2017/18,62.58157,61.25074,63.90263,60.53829,64.6151,,5053.0,,,Similar,Not compared,20170000,,,1y
93088,"Overweight (including obesity) prevalence in adults, (using adjusted self-reported height and weight)",E92000001,England,E10000013,Gloucestershire,Counties & UAs (from Apr 2023),Persons,18+ yrs,,,2017/18,60.42775,58.55365,62.36392,57.50389,63.33593,,2572.0,,,Similar,Not compared,20170000,,,1y
93088,"Overweight (including obesity) prevalence in adults, (using adjusted self-reported height and weight)",E92000001,England,E10000014,Hampshire,Counties & UAs (from Apr 2023),Persons,18+ yrs,,,2017/18,62.88672,61.49789,64.2616,60.78059,65.00004,,4740.0,,,Similar,Not compared,20170000,,,1y
93088,"Overweight (including obesity) prevalence in adults, (using adjusted self-reported height and weight)",E92000001,England,E10000015,Hertfordshire,Counties & UAs (from Apr 2023),Persons,18+ yrs,,,2017/18,60.5458,59.05531,62.06978,58.22454,62.80563,,4213.0,,,Similar,Not compared,20170000,,,1y
93088,"Overweight (including obesity) prevalence in adults, (using adjusted self-reported height and weight)",E92000001,England,E10000016,Kent,Counties & UAs (from Apr 2023),Persons,18+ yrs,,,2017/18,62.89437,61.57001,64.20621,60.76938,64.94825,,5121.0,,,Similar,Not compared,20170000,,,1y
93088,"Overweight (including obesity) prevalence in adults, (using adjusted self-reported height and weight)",E92000001,England,E10000017,Lancashire,Counties & UAs (from Apr 2023),Persons,18+ yrs,,,2017/18,64.51913,63.18533,65.81081,62.5289,66.62162,,5180.0,,,Worse,Not compared,20170000,,,1y
93088,"Overweight (including obesity) prevalence in adults, (using adjusted self-reported height and weight)",E92000001,England,E10000018,Leicestershire,Counties & UAs (from Apr 2023),Persons,18+ yrs,,,2017/18,60.90661,59.15732,62.65715,58.20588,63.84642,,2943.0,,,Similar,Not compared,20170000,,,1y
93088,"Overweight (including obesity) prevalence in adults, (using adjusted self-reported height and weight)",E92000001,England,E10000019,Lincolnshire,Counties & UAs (from Apr 2023),Persons,18+ yrs,,,2017/18,65.29292,63.57616,66.95364,62.61586,67.94705,,3020.0,,,Worse,Not compared,20170000,,,1y
93088,"Overweight (including obesity) prevalence in adults, (using adjusted self-reported height and weight)",E92000001,England,E10000020,Norfolk,Counties & UAs (from Apr 2023),Persons,18+ yrs,,,2017/18,60.44571,58.7242,62.16385,57.69228,62.97692,,3198.0,,,Similar,Not compared,20170000,,,1y
93088,"Overweight (including obesity) prevalence in adults, (using adjusted self-reported height and weight)",E92000001,England,E10000024,Nottinghamshire,Counties & UAs (from Apr 2023),Persons,18+ yrs,,,2017/18,67.11939,65.4063,68.78939,64.44428,69.68494,,3015.0,,,Worse,Not compared,20170000,,,1y
93088,"Overweight (including obesity) prevalence in adults, (using adjusted self-reported height and weight)",E92000001,England,E10000025,Oxfordshire,Counties & UAs (from Apr 2023),Persons,18+ yrs,,,2017/18,58.84134,56.89582,60.81822,55.67271,61.87271,,2371.0,,,Better,Not compared,20170000,,,1y
93088,"Overweight (including obesity) prevalence in adults, (using adjusted self-reported height and weight)",E92000001,England,E10000028,Staffordshire,Counties & UAs (from Apr 2023),Persons,18+ yrs,,,2017/18,65.42299,63.8152,67.00522,62.89118,67.89872,,3355.0,,,Worse,Not compared,20170000,,,1y
93088,"Overweight (including obesity) prevalence in adults, (using adjusted self-reported height and weight)",E92000001,England,E10000029,Suffolk,Counties & UAs (from Apr 2023),Persons,18+ yrs,,,2017/18,63.2431,61.49584,64.95845,60.38781,65.92798,,2888.0,,,Similar,Not compared,20170000,,,1y
93088,"Overweight (including obesity) prevalence in adults, (using adjusted self-reported height and weight)",E92000001,England,E10000030,Surrey,Counties & UAs (from Apr 2023),Persons,18+ yrs,,,2017/18,55.72241,54.29244,57.1398,53.60736,58.0176,,4671.0,,,Better,Not compared,20170000,,,1y
93088,"Overweight (including obesity) prevalence in adults, (using adjusted self-reported height and weight)",E92000001,England,E10000031,Warwickshire,Counties & UAs (from Apr 2023),Persons,18+ yrs,,,2017/18,61.96286,59.92527,64.0355,58.80416,65.0631,,2141.0,,,Similar,Not compared,20170000,,,1y
93088,"Overweight (including obesity) prevalence in adults, (using adjusted self-reported height and weight)",E92000001,England,E10000032,West Sussex,Counties & UAs (from Apr 2023),Persons,18+ yrs,,,2017/18,62.10294,60.34194,63.89541,59.36973,64.90111,,2983.0,,,Similar,Not compared,20170000,,,1y
93088,"Overweight (including obesity) prevalence in adults, (using adjusted self-reported height and weight)",E92000001,England,E10000034,Worcestershire,Counties & UAs (from Apr 2023),Persons,18+ yrs,,,2017/18,65.2031,63.3915,66.99545,62.36711,67.90592,,2636.0,,,Worse,Not compared,20170000,,,1y
93088,"Overweight (including obesity) prevalence in adults, (using adjusted self-reported height and weight)",,,E92000001,England,England,Male,18+ yrs,,,2018/19,67.89734,67.54986,68.23198,67.34973,68.40956,,70955.0,,,Not compared,Not compared,20180000,,,1y
93088,"Overweight (including obesity) prevalence in adults, (using adjusted self-reported height and weight)",,,E92000001,England,England,Female,18+ yrs,,,2018/19,56.00376,55.66468,56.3331,55.45232,56.52494,,82882.0,,,Not compared,Not compared,20180000,,,1y
93088,"Overweight (including obesity) prevalence in adults, (using adjusted self-reported height and weight)",,,E92000001,England,England,Persons,85+ yrs,,,2018/19,64.20714,62.39035,65.97222,61.14762,67.06871,,2736.0,,,Not compared,Not compared,20180000,,,1y
93088,"Overweight (including obesity) prevalence in adults, (using adjusted self-reported height and weight)",,,E92000001,England,England,Persons,25-34 yrs,,,2018/19,53.02684,52.32141,53.73549,51.95735,54.22603,,18954.0,,,Not compared,Not compared,20180000,,,1y
93088,"Overweight (including obesity) prevalence in adults, (using adjusted self-reported height and weight)",,,E92000001,England,England,Persons,35-44 yrs,,,2018/19,60.63401,60.01324,61.24781,59.65884,61.61483,,23978.0,,,Not compared,Not compared,20180000,,,1y
93088,"Overweight (including obesity) prevalence in adults, (using adjusted self-reported height and weight)",,,E92000001,England,England,Persons,45-54 yrs,,,2018/19,68.33948,67.78778,68.87789,67.47153,69.18298,,26878.0,,,Not compared,Not compared,20180000,,,1y
93088,"Overweight (including obesity) prevalence in adults, (using adjusted self-reported height and weight)",,,E92000001,England,England,Persons,55-64 yrs,,,2018/19,70.77251,70.2635,71.28735,69.97783,71.60189,,31157.0,,,Not compared,Not compared,20180000,,,1y
93088,"Overweight (including obesity) prevalence in adults, (using adjusted self-reported height and weight)",,,E92000001,England,England,Persons,65-74 yrs,,,2018/19,71.24559,70.73993,71.75115,70.41594,72.05878,,30557.0,,,Not compared,Not compared,20180000,,,1y
93088,"Overweight (including obesity) prevalence in adults, (using adjusted self-reported height and weight)",,,E92000001,England,England,Persons,75-84 yrs,,,2018/19,70.72455,69.92052,71.49471,69.48837,72.02717,,12959.0,,,Not compared,Not compared,20180000,,,1y
93088,"Overweight (including obesity) prevalence in adults, (using adjusted self-reported height and weight)",,,E92000001,England,England,Persons,18+ yrs,,,2018/19,61.99153,61.75107,62.23017,61.60871,62.35887,,153837.0,,,Not compared,Not compared,20180000,,,1y
93088,"Overweight (including obesity) prevalence in adults, (using adjusted self-reported height and weight)",,,E92000001,England,England,Persons,18+ yrs,Working status,Inactive,2018/19,64.01955,63.61459,64.4286,63.38816,64.63445,,53439.0,,,Worse,Not compared,20180000,,,1y
93088,"Overweight (including obesity) prevalence in adults, (using adjusted self-reported height and weight)",,,E92000001,England,England,Persons,18+ yrs,Working status,Unemployed,2018/19,61.61717,60.02237,63.23735,59.01591,64.15991,,3577.0,,,Similar,Not compared,20180000,,,1y
93088,"Overweight (including obesity) prevalence in adults, (using adjusted self-reported height and weight)",,,E92000001,England,England,Persons,18+ yrs,Working status,Working,2018/19,63.06606,62.74505,63.38888,62.5864,63.57994,,86359.0,,,Worse,Not compared,20180000,,,1y
93088,"Overweight (including obesity) prevalence in adults, (using adjusted self-reported height and weight)",,,E92000001,England,England,Persons,18+ yrs,Disability,Disabled,2018/19,70.77753,70.22178,71.32935,69.90277,71.6372,,26637.0,,,Worse,Not compared,20180000,,,1y
93088,"Overweight (including obesity) prevalence in adults, (using adjusted self-reported height and weight)",,,E92000001,England,England,Persons,18+ yrs,Disability,Not disabled,2018/19,60.10277,59.82902,60.3717,59.64564,60.54269,,121065.0,,,Better,Not compared,20180000,,,1y
93088,"Overweight (including obesity) prevalence in adults, (using adjusted self-reported height and weight)",,,E92000001,England,England,Persons,18+ yrs,Ethnic groups,White British,2018/19,62.79408,62.52695,63.05231,62.36069,63.18971,,131724.0,,,Worse,Not compared,20180000,,,1y
93088,"Overweight (including obesity) prevalence in adults, (using adjusted self-reported height and weight)",,,E92000001,England,England,Persons,18+ yrs,Ethnic groups,White Other,2018/19,57.33518,56.23796,58.41763,55.65991,59.0559,,8304.0,,,Better,Not compared,20180000,,,1y
93088,"Overweight (including obesity) prevalence in adults, (using adjusted self-reported height and weight)",,,E92000001,England,England,Persons,18+ yrs,Ethnic groups,Asian,2018/19,56.55671,55.24397,57.89867,54.51484,58.57171,,5349.0,,,Better,Not compared,20180000,,,1y
93088,"Overweight (including obesity) prevalence in adults, (using adjusted self-reported height and weight)",,,E92000001,England,England,Persons,18+ yrs,Ethnic groups,Black,2018/19,73.9809,71.8149,76.08173,70.67302,77.22368,,1664.0,,,Worse,Not compared,20180000,,,1y
93088,"Overweight (including obesity) prevalence in adults, (using adjusted self-reported height and weight)",,,E92000001,England,England,Persons,18+ yrs,Ethnic groups,Chinese,2018/19,35.30154,31.96517,38.55721,30.0995,40.42289,,804.0,,,Better,Not compared,20180000,,,1y
93088,"Overweight (including obesity) prevalence in adults, (using adjusted self-reported height and weight)",,,E92000001,England,England,Persons,18+ yrs,Ethnic groups,Mixed,2018/19,57.50673,55.16224,59.88201,53.86425,61.23894,,1695.0,,,Better,Not compared,20180000,,,1y
93088,"Overweight (including obesity) prevalence in adults, (using adjusted self-reported height and weight)",,,E92000001,England,England,Persons,18+ yrs,Ethnic groups,Other,2018/19,53.09004,50.09728,56.1284,48.24903,57.7822,,1028.0,,,Better,Not compared,20180000,,,1y
93088,"Overweight (including obesity) prevalence in adults, (using adjusted self-reported height and weight)",,,E92000001,England,England,Persons,18+ yrs,LSOA11 deprivation deciles within area (IMD  trend),Most deprived decile,2018/19,67.2874,66.48832,68.07895,66.07619,68.49832,,13831.0,,,Worse,Not compared,20180000,,,1y
93088,"Overweight (including obesity) prevalence in adults, (using adjusted self-reported height and weight)",,,E92000001,England,England,Persons,18+ yrs,LSOA11 deprivation deciles within area (IMD  trend),Second most deprived decile,2018/19,65.29085,64.52785,66.06134,64.10412,66.5187,,14868.0,,,Worse,Not compared,20180000,,,1y
93088,"Overweight (including obesity) prevalence in adults, (using adjusted self-reported height and weight)",,,E92000001,England,England,Persons,18+ yrs,LSOA11 deprivation deciles within area (IMD  trend),Third more deprived decile,2018/19,62.91533,62.13949,63.67331,61.68065,64.07972,,15256.0,,,Worse,Not compared,20180000,,,1y
93088,"Overweight (including obesity) prevalence in adults, (using adjusted self-reported height and weight)",,,E92000001,England,England,Persons,18+ yrs,LSOA11 deprivation deciles within area (IMD  trend),Fourth more deprived decile,2018/19,62.19159,61.43804,62.97973,61.03785,63.39306,,15243.0,,,Similar,Not compared,20180000,,,1y
93088,"Overweight (including obesity) prevalence in adults, (using adjusted self-reported height and weight)",,,E92000001,England,England,Persons,18+ yrs,LSOA11 deprivation deciles within area (IMD  trend),Fifth more deprived decile,2018/19,61.88809,61.12019,62.66273,60.71497,63.10699,,15301.0,,,Similar,Not compared,20180000,,,1y
93088,"Overweight (including obesity) prevalence in adults, (using adjusted self-reported height and weight)",,,E92000001,England,England,Persons,18+ yrs,LSOA11 deprivation deciles within area (IMD  trend),Fifth less deprived decile,2018/19,60.62616,59.87549,61.36475,59.40551,61.76149,,16384.0,,,Better,Not compared,20180000,,,1y
93088,"Overweight (including obesity) prevalence in adults, (using adjusted self-reported height and weight)",,,E92000001,England,England,Persons,18+ yrs,LSOA11 deprivation deciles within area (IMD  trend),Fourth less deprived decile,2018/19,60.29993,59.5314,61.07145,59.08005,61.52928,,15066.0,,,Better,Not compared,20180000,,,1y
93088,"Overweight (including obesity) prevalence in adults, (using adjusted self-reported height and weight)",,,E92000001,England,England,Persons,18+ yrs,LSOA11 deprivation deciles within area (IMD  trend),Third less deprived decile,2018/19,60.18895,59.4345,60.96527,59.02967,61.40806,,15809.0,,,Better,Not compared,20180000,,,1y
93088,"Overweight (including obesity) prevalence in adults, (using adjusted self-reported height and weight)",,,E92000001,England,England,Persons,18+ yrs,LSOA11 deprivation deciles within area (IMD  trend),Second least deprived decile,2018/19,60.18313,59.41711,60.95815,58.9722,61.39661,,15509.0,,,Better,Not compared,20180000,,,1y
93088,"Overweight (including obesity) prevalence in adults, (using adjusted self-reported height and weight)",,,E92000001,England,England,Persons,18+ yrs,LSOA11 deprivation deciles within area (IMD  trend),Least deprived decile,2018/19,56.99298,56.26433,57.74291,55.80567,58.15932,,16570.0,,,Better,Not compared,20180000,,,1y
93088,"Overweight (including obesity) prevalence in adults, (using adjusted self-reported height and weight)",,,E92000001,England,England,Persons,18+ yrs,Level of education,No qualification,2018/19,69.7807,68.95388,70.59791,68.46067,71.05652,,11557.0,,,Worse,Not compared,20180000,,,1y
93088,"Overweight (including obesity) prevalence in adults, (using adjusted self-reported height and weight)",,,E92000001,England,England,Persons,18+ yrs,Level of education,Another type of qualification,2018/19,66.04256,64.96865,67.11076,64.31556,67.68548,,7656.0,,,Worse,Not compared,20180000,,,1y
93088,"Overweight (including obesity) prevalence in adults, (using adjusted self-reported height and weight)",,,E92000001,England,England,Persons,18+ yrs,Level of education,Level 1 and below,2018/19,68.55714,66.95761,70.16833,66.05358,71.13473,,3208.0,,,Worse,Not compared,20180000,,,1y
93088,"Overweight (including obesity) prevalence in adults, (using adjusted self-reported height and weight)",,,E92000001,England,England,Persons,18+ yrs,Level of education,Level 2 and equivalent,2018/19,65.95198,65.36772,66.54955,65.0523,66.85701,,25046.0,,,Worse,Not compared,20180000,,,1y
93088,"Overweight (including obesity) prevalence in adults, (using adjusted self-reported height and weight)",,,E92000001,England,England,Persons,18+ yrs,Level of education,Level 3 and equivalent,2018/19,64.9435,64.30664,65.57628,63.96927,65.91354,,22528.0,,,Worse,Not compared,20180000,,,1y
93088,"Overweight (including obesity) prevalence in adults, (using adjusted self-reported height and weight)",,,E92000001,England,England,Persons,18+ yrs,Level of education,Level 4 and above,2018/19,57.89734,57.55711,58.23665,57.34213,58.42075,,80937.0,,,Better,Not compared,20180000,,,1y
93088,"Overweight (including obesity) prevalence in adults, (using adjusted self-reported height and weight)",,,E92000001,England,England,Persons,18+ yrs,Socioeconomic class,"Managerial, administrative and professional occupations",2018/19,52.78229,52.43243,53.12473,52.2581,53.30659,,79735.0,People aged 75 and over are excluded from NS-SeC (National Statistics Socio-economic Classification) economic activity questions in the Active Lives Adult Survey,,Better,Not compared,20180000,,,1y
93088,"Overweight (including obesity) prevalence in adults, (using adjusted self-reported height and weight)",,,E92000001,England,England,Persons,18+ yrs,Socioeconomic class,Intermediate occupations,2018/19,53.58553,52.77889,54.36874,52.31129,54.80963,,14970.0,People aged 75 and over are excluded from NS-SeC (National Statistics Socio-economic Classification) economic activity questions in the Active Lives Adult Survey,,Better,Not compared,20180000,,,1y
93088,"Overweight (including obesity) prevalence in adults, (using adjusted self-reported height and weight)",,,E92000001,England,England,Persons,18+ yrs,Socioeconomic class,Self-employed and small employers,2018/19,58.1646,57.22244,59.11448,56.70379,59.65233,,10412.0,People aged 75 and over are excluded from NS-SeC (National Statistics Socio-economic Classification) economic activity questions in the Active Lives Adult Survey,,Better,Not compared,20180000,,,1y
93088,"Overweight (including obesity) prevalence in adults, (using adjusted self-reported height and weight)",,,E92000001,England,England,Persons,18+ yrs,Socioeconomic class,Lower supervisory and technical occupations,2018/19,61.61807,60.66281,62.52423,60.19771,63.0574,,10316.0,People aged 75 and over are excluded from NS-SeC (National Statistics Socio-economic Classification) economic activity questions in the Active Lives Adult Survey,,Similar,Not compared,20180000,,,1y
93088,"Overweight (including obesity) prevalence in adults, (using adjusted self-reported height and weight)",,,E92000001,England,England,Persons,18+ yrs,Socioeconomic class,Semi-routine and routine occupations,2018/19,57.65452,56.81447,58.47677,56.29755,59.02342,,13537.0,People aged 75 and over are excluded from NS-SeC (National Statistics Socio-economic Classification) economic activity questions in the Active Lives Adult Survey,,Better,Not compared,20180000,,,1y
93088,"Overweight (including obesity) prevalence in adults, (using adjusted self-reported height and weight)",,,E92000001,England,England,Persons,18+ yrs,Socioeconomic class,Long term unemployed or never worked,2018/19,55.85348,53.8845,57.83133,52.76278,58.91151,,2407.0,People aged 75 and over are excluded from NS-SeC (National Statistics Socio-economic Classification) economic activity questions in the Active Lives Adult Survey,,Better,Not compared,20180000,,,1y
93088,"Overweight (including obesity) prevalence in adults, (using adjusted self-reported height and weight)",,,E92000001,England,England,Persons,18+ yrs,Socioeconomic class,Students,2018/19,49.60177,47.94019,51.32743,46.99411,52.18187,,3277.0,People aged 75 and over are excluded from NS-SeC (National Statistics Socio-economic Classification) economic activity questions in the Active Lives Adult Survey,,Better,Not compared,20180000,,,1y
93088,"Overweight (including obesity) prevalence in adults, (using adjusted self-reported height and weight)",,,E92000001,England,England,Persons,18+ yrs,Socioeconomic class,Other/unclassified,2018/19,53.42708,51.77752,55.10321,50.74541,55.992,,3488.0,People aged 75 and over are excluded from NS-SeC (National Statistics Socio-economic Classification) economic activity questions in the Active Lives Adult Survey,,Better,Not compared,20180000,,,1y
93088,"Overweight (including obesity) prevalence in adults, (using adjusted self-reported height and weight)",,,E92000001,England,England,Persons,18-24 yrs,,,2018/19,34.90808,33.77153,36.03846,33.12176,36.67274,,6618.0,,,Not compared,Not compared,20180000,,,1y
93088,"Overweight (including obesity) prevalence in adults, (using adjusted self-reported height and weight)",E92000001,England,E92000001,England,England,Male,18+ yrs,,,2018/19,67.89734,67.54986,68.23198,67.34973,68.40956,,70955.0,,,Similar,Not compared,20180000,,,1y
93088,"Overweight (including obesity) prevalence in adults, (using adjusted self-reported height and weight)",E92000001,England,E92000001,England,England,Female,18+ yrs,,,2018/19,56.00376,55.66468,56.3331,55.45232,56.52494,,82882.0,,,Similar,Not compared,20180000,,,1y
93088,"Overweight (including obesity) prevalence in adults, (using adjusted self-reported height and weight)",E92000001,England,E92000001,England,England,Persons,85+ yrs,,,2018/19,64.20714,62.39035,65.97222,61.14762,67.06871,,2736.0,,,Similar,Not compared,20180000,,,1y
93088,"Overweight (including obesity) prevalence in adults, (using adjusted self-reported height and weight)",E92000001,England,E92000001,England,England,Persons,25-34 yrs,,,2018/19,53.02684,52.32141,53.73549,51.95735,54.22603,,18954.0,,,Similar,Not compared,20180000,,,1y
93088,"Overweight (including obesity) prevalence in adults, (using adjusted self-reported height and weight)",E92000001,England,E92000001,England,England,Persons,35-44 yrs,,,2018/19,60.63401,60.01324,61.24781,59.65884,61.61483,,23978.0,,,Similar,Not compared,20180000,,,1y
93088,"Overweight (including obesity) prevalence in adults, (using adjusted self-reported height and weight)",E92000001,England,E92000001,England,England,Persons,45-54 yrs,,,2018/19,68.33948,67.78778,68.87789,67.47153,69.18298,,26878.0,,,Similar,Not compared,20180000,,,1y
93088,"Overweight (including obesity) prevalence in adults, (using adjusted self-reported height and weight)",E92000001,England,E92000001,England,England,Persons,55-64 yrs,,,2018/19,70.77251,70.2635,71.28735,69.97783,71.60189,,31157.0,,,Similar,Not compared,20180000,,,1y
93088,"Overweight (including obesity) prevalence in adults, (using adjusted self-reported height and weight)",E92000001,England,E92000001,England,England,Persons,65-74 yrs,,,2018/19,71.24559,70.73993,71.75115,70.41594,72.05878,,30557.0,,,Similar,Not compared,20180000,,,1y
93088,"Overweight (including obesity) prevalence in adults, (using adjusted self-reported height and weight)",E92000001,England,E92000001,England,England,Persons,75-84 yrs,,,2018/19,70.72455,69.92052,71.49471,69.48837,72.02717,,12959.0,,,Similar,Not compared,20180000,,,1y
93088,"Overweight (including obesity) prevalence in adults, (using adjusted self-reported height and weight)",E92000001,England,E92000001,England,England,Persons,18+ yrs,,,2018/19,61.99153,61.75107,62.23017,61.60871,62.35887,,153837.0,,,Similar,Not compared,20180000,,,1y
93088,"Overweight (including obesity) prevalence in adults, (using adjusted self-reported height and weight)",E92000001,England,E92000001,England,England,Persons,18+ yrs,Working status,Inactive,2018/19,64.01955,63.61459,64.4286,63.38816,64.63445,,53439.0,,,Worse,Not compared,20180000,,,1y
93088,"Overweight (including obesity) prevalence in adults, (using adjusted self-reported height and weight)",E92000001,England,E92000001,England,England,Persons,18+ yrs,Working status,Unemployed,2018/19,61.61717,60.02237,63.23735,59.01591,64.15991,,3577.0,,,Similar,Not compared,20180000,,,1y
93088,"Overweight (including obesity) prevalence in adults, (using adjusted self-reported height and weight)",E92000001,England,E92000001,England,England,Persons,18+ yrs,Working status,Working,2018/19,63.06606,62.74505,63.38888,62.5864,63.57994,,86359.0,,,Worse,Not compared,20180000,,,1y
93088,"Overweight (including obesity) prevalence in adults, (using adjusted self-reported height and weight)",E92000001,England,E92000001,England,England,Persons,18+ yrs,Disability,Disabled,2018/19,70.77753,70.22178,71.32935,69.90277,71.6372,,26637.0,,,Worse,Not compared,20180000,,,1y
93088,"Overweight (including obesity) prevalence in adults, (using adjusted self-reported height and weight)",E92000001,England,E92000001,England,England,Persons,18+ yrs,Disability,Not disabled,2018/19,60.10277,59.82902,60.3717,59.64564,60.54269,,121065.0,,,Better,Not compared,20180000,,,1y
93088,"Overweight (including obesity) prevalence in adults, (using adjusted self-reported height and weight)",E92000001,England,E92000001,England,England,Persons,18+ yrs,Ethnic groups,White British,2018/19,62.79408,62.52695,63.05231,62.36069,63.18971,,131724.0,,,Worse,Not compared,20180000,,,1y
93088,"Overweight (including obesity) prevalence in adults, (using adjusted self-reported height and weight)",E92000001,England,E92000001,England,England,Persons,18+ yrs,Ethnic groups,White Other,2018/19,57.33518,56.23796,58.41763,55.65991,59.0559,,8304.0,,,Better,Not compared,20180000,,,1y
93088,"Overweight (including obesity) prevalence in adults, (using adjusted self-reported height and weight)",E92000001,England,E92000001,England,England,Persons,18+ yrs,Ethnic groups,Asian,2018/19,56.55671,55.24397,57.89867,54.51484,58.57171,,5349.0,,,Better,Not compared,20180000,,,1y
93088,"Overweight (including obesity) prevalence in adults, (using adjusted self-reported height and weight)",E92000001,England,E92000001,England,England,Persons,18+ yrs,Ethnic groups,Black,2018/19,73.9809,71.8149,76.08173,70.67302,77.22368,,1664.0,,,Worse,Not compared,20180000,,,1y
93088,"Overweight (including obesity) prevalence in adults, (using adjusted self-reported height and weight)",E92000001,England,E92000001,England,England,Persons,18+ yrs,Ethnic groups,Chinese,2018/19,35.30154,31.96517,38.55721,30.0995,40.42289,,804.0,,,Better,Not compared,20180000,,,1y
93088,"Overweight (including obesity) prevalence in adults, (using adjusted self-reported height and weight)",E92000001,England,E92000001,England,England,Persons,18+ yrs,Ethnic groups,Mixed,2018/19,57.50673,55.16224,59.88201,53.86425,61.23894,,1695.0,,,Better,Not compared,20180000,,,1y
93088,"Overweight (including obesity) prevalence in adults, (using adjusted self-reported height and weight)",E92000001,England,E92000001,England,England,Persons,18+ yrs,Ethnic groups,Other,2018/19,53.09004,50.09728,56.1284,48.24903,57.7822,,1028.0,,,Better,Not compared,20180000,,,1y
93088,"Overweight (including obesity) prevalence in adults, (using adjusted self-reported height and weight)",E92000001,England,E92000001,England,England,Persons,18+ yrs,LSOA11 deprivation deciles within area (IMD  trend),Most deprived decile,2018/19,67.2874,66.48832,68.07895,66.07619,68.49832,,13831.0,,,Worse,Not compared,20180000,,,1y
93088,"Overweight (including obesity) prevalence in adults, (using adjusted self-reported height and weight)",E92000001,England,E92000001,England,England,Persons,18+ yrs,LSOA11 deprivation deciles within area (IMD  trend),Second most deprived decile,2018/19,65.29085,64.52785,66.06134,64.10412,66.5187,,14868.0,,,Worse,Not compared,20180000,,,1y
93088,"Overweight (including obesity) prevalence in adults, (using adjusted self-reported height and weight)",E92000001,England,E92000001,England,England,Persons,18+ yrs,LSOA11 deprivation deciles within area (IMD  trend),Third more deprived decile,2018/19,62.91533,62.13949,63.67331,61.68065,64.07972,,15256.0,,,Worse,Not compared,20180000,,,1y
93088,"Overweight (including obesity) prevalence in adults, (using adjusted self-reported height and weight)",E92000001,England,E92000001,England,England,Persons,18+ yrs,LSOA11 deprivation deciles within area (IMD  trend),Fourth more deprived decile,2018/19,62.19159,61.43804,62.97973,61.03785,63.39306,,15243.0,,,Similar,Not compared,20180000,,,1y
93088,"Overweight (including obesity) prevalence in adults, (using adjusted self-reported height and weight)",E92000001,England,E92000001,England,England,Persons,18+ yrs,LSOA11 deprivation deciles within area (IMD  trend),Fifth more deprived decile,2018/19,61.88809,61.12019,62.66273,60.71497,63.10699,,15301.0,,,Similar,Not compared,20180000,,,1y
93088,"Overweight (including obesity) prevalence in adults, (using adjusted self-reported height and weight)",E92000001,England,E92000001,England,England,Persons,18+ yrs,LSOA11 deprivation deciles within area (IMD  trend),Fifth less deprived decile,2018/19,60.62616,59.87549,61.36475,59.40551,61.76149,,16384.0,,,Better,Not compared,20180000,,,1y
93088,"Overweight (including obesity) prevalence in adults, (using adjusted self-reported height and weight)",E92000001,England,E92000001,England,England,Persons,18+ yrs,LSOA11 deprivation deciles within area (IMD  trend),Fourth less deprived decile,2018/19,60.29993,59.5314,61.07145,59.08005,61.52928,,15066.0,,,Better,Not compared,20180000,,,1y
93088,"Overweight (including obesity) prevalence in adults, (using adjusted self-reported height and weight)",E92000001,England,E92000001,England,England,Persons,18+ yrs,LSOA11 deprivation deciles within area (IMD  trend),Third less deprived decile,2018/19,60.18895,59.4345,60.96527,59.02967,61.40806,,15809.0,,,Better,Not compared,20180000,,,1y
93088,"Overweight (including obesity) prevalence in adults, (using adjusted self-reported height and weight)",E92000001,England,E92000001,England,England,Persons,18+ yrs,LSOA11 deprivation deciles within area (IMD  trend),Second least deprived decile,2018/19,60.18313,59.41711,60.95815,58.9722,61.39661,,15509.0,,,Better,Not compared,20180000,,,1y
93088,"Overweight (including obesity) prevalence in adults, (using adjusted self-reported height and weight)",E92000001,England,E92000001,England,England,Persons,18+ yrs,LSOA11 deprivation deciles within area (IMD  trend),Least deprived decile,2018/19,56.99298,56.26433,57.74291,55.80567,58.15932,,16570.0,,,Better,Not compared,20180000,,,1y
93088,"Overweight (including obesity) prevalence in adults, (using adjusted self-reported height and weight)",E92000001,England,E92000001,England,England,Persons,18+ yrs,Level of education,No qualification,2018/19,69.7807,68.95388,70.59791,68.46067,71.05652,,11557.0,,,Worse,Not compared,20180000,,,1y
93088,"Overweight (including obesity) prevalence in adults, (using adjusted self-reported height and weight)",E92000001,England,E92000001,England,England,Persons,18+ yrs,Level of education,Another type of qualification,2018/19,66.04256,64.96865,67.11076,64.31556,67.68548,,7656.0,,,Worse,Not compared,20180000,,,1y
93088,"Overweight (including obesity) prevalence in adults, (using adjusted self-reported height and weight)",E92000001,England,E92000001,England,England,Persons,18+ yrs,Level of education,Level 1 and below,2018/19,68.55714,66.95761,70.16833,66.05358,71.13473,,3208.0,,,Worse,Not compared,20180000,,,1y
93088,"Overweight (including obesity) prevalence in adults, (using adjusted self-reported height and weight)",E92000001,England,E92000001,England,England,Persons,18+ yrs,Level of education,Level 2 and equivalent,2018/19,65.95198,65.36772,66.54955,65.0523,66.85701,,25046.0,,,Worse,Not compared,20180000,,,1y
93088,"Overweight (including obesity) prevalence in adults, (using adjusted self-reported height and weight)",E92000001,England,E92000001,England,England,Persons,18+ yrs,Level of education,Level 3 and equivalent,2018/19,64.9435,64.30664,65.57628,63.96927,65.91354,,22528.0,,,Worse,Not compared,20180000,,,1y
93088,"Overweight (including obesity) prevalence in adults, (using adjusted self-reported height and weight)",E92000001,England,E92000001,England,England,Persons,18+ yrs,Level of education,Level 4 and above,2018/19,57.89734,57.55711,58.23665,57.34213,58.42075,,80937.0,,,Better,Not compared,20180000,,,1y
93088,"Overweight (including obesity) prevalence in adults, (using adjusted self-reported height and weight)",E92000001,England,E92000001,England,England,Persons,18+ yrs,Socioeconomic class,"Managerial, administrative and professional occupations",2018/19,52.78229,52.43243,53.12473,52.2581,53.30659,,79735.0,People aged 75 and over are excluded from NS-SeC (National Statistics Socio-economic Classification) economic activity questions in the Active Lives Adult Survey,,Better,Not compared,20180000,,,1y
93088,"Overweight (including obesity) prevalence in adults, (using adjusted self-reported height and weight)",E92000001,England,E92000001,England,England,Persons,18+ yrs,Socioeconomic class,Intermediate occupations,2018/19,53.58553,52.77889,54.36874,52.31129,54.80963,,14970.0,People aged 75 and over are excluded from NS-SeC (National Statistics Socio-economic Classification) economic activity questions in the Active Lives Adult Survey,,Better,Not compared,20180000,,,1y
93088,"Overweight (including obesity) prevalence in adults, (using adjusted self-reported height and weight)",E92000001,England,E92000001,England,England,Persons,18+ yrs,Socioeconomic class,Self-employed and small employers,2018/19,58.1646,57.22244,59.11448,56.70379,59.65233,,10412.0,People aged 75 and over are excluded from NS-SeC (National Statistics Socio-economic Classification) economic activity questions in the Active Lives Adult Survey,,Better,Not compared,20180000,,,1y
93088,"Overweight (including obesity) prevalence in adults, (using adjusted self-reported height and weight)",E92000001,England,E92000001,England,England,Persons,18+ yrs,Socioeconomic class,Lower supervisory and technical occupations,2018/19,61.61807,60.66281,62.52423,60.19771,63.0574,,10316.0,People aged 75 and over are excluded from NS-SeC (National Statistics Socio-economic Classification) economic activity questions in the Active Lives Adult Survey,,Similar,Not compared,20180000,,,1y
93088,"Overweight (including obesity) prevalence in adults, (using adjusted self-reported height and weight)",E92000001,England,E92000001,England,England,Persons,18+ yrs,Socioeconomic class,Semi-routine and routine occupations,2018/19,57.65452,56.81447,58.47677,56.29755,59.02342,,13537.0,People aged 75 and over are excluded from NS-SeC (National Statistics Socio-economic Classification) economic activity questions in the Active Lives Adult Survey,,Better,Not compared,20180000,,,1y
93088,"Overweight (including obesity) prevalence in adults, (using adjusted self-reported height and weight)",E92000001,England,E92000001,England,England,Persons,18+ yrs,Socioeconomic class,Long term unemployed or never worked,2018/19,55.85348,53.8845,57.83133,52.76278,58.91151,,2407.0,People aged 75 and over are excluded from NS-SeC (National Statistics Socio-economic Classification) economic activity questions in the Active Lives Adult Survey,,Better,Not compared,20180000,,,1y
93088,"Overweight (including obesity) prevalence in adults, (using adjusted self-reported height and weight)",E92000001,England,E92000001,England,England,Persons,18+ yrs,Socioeconomic class,Students,2018/19,49.60177,47.94019,51.32743,46.99411,52.18187,,3277.0,People aged 75 and over are excluded from NS-SeC (National Statistics Socio-economic Classification) economic activity questions in the Active Lives Adult Survey,,Better,Not compared,20180000,,,1y
93088,"Overweight (including obesity) prevalence in adults, (using adjusted self-reported height and weight)",E92000001,England,E92000001,England,England,Persons,18+ yrs,Socioeconomic class,Other/unclassified,2018/19,53.42708,51.77752,55.10321,50.74541,55.992,,3488.0,People aged 75 and over are excluded from NS-SeC (National Statistics Socio-economic Classification) economic activity questions in the Active Lives Adult Survey,,Better,Not compared,20180000,,,1y
93088,"Overweight (including obesity) prevalence in adults, (using adjusted self-reported height and weight)",E92000001,England,E92000001,England,England,Persons,18-24 yrs,,,2018/19,34.90808,33.77153,36.03846,33.12176,36.67274,,6618.0,,,Similar,Not compared,20180000,,,1y
93088,"Overweight (including obesity) prevalence in adults, (using adjusted self-reported height and weight)",E92000001,England,E06000001,Hartlepool,Counties & UAs (from Apr 2023),Persons,18+ yrs,,,2018/19,75.15563,70.94431,79.17676,68.76513,81.84019,,413.0,,,Worse,Not compared,20180000,,,1y
93088,"Overweight (including obesity) prevalence in adults, (using adjusted self-reported height and weight)",E92000001,England,E06000002,Middlesbrough,Counties & UAs (from Apr 2023),Persons,18+ yrs,,,2018/19,67.79349,63.14496,72.48157,60.68796,75.18428,,407.0,,,Worse,Not compared,20180000,,,1y
93088,"Overweight (including obesity) prevalence in adults, (using adjusted self-reported height and weight)",E92000001,England,E06000003,Redcar and Cleveland,Counties & UAs (from Apr 2023),Persons,18+ yrs,,,2018/19,68.55937,63.94231,72.84255,61.53846,75.24038,,416.0,,,Worse,Not compared,20180000,,,1y
93088,"Overweight (including obesity) prevalence in adults, (using adjusted self-reported height and weight)",E92000001,England,E06000004,Stockton-on-Tees,Counties & UAs (from Apr 2023),Persons,18+ yrs,,,2018/19,63.82028,59.18367,68.48073,56.46259,70.97506,,441.0,,,Similar,Not compared,20180000,,,1y
93088,"Overweight (including obesity) prevalence in adults, (using adjusted self-reported height and weight)",E92000001,England,E06000005,Darlington,Counties & UAs (from Apr 2023),Persons,18+ yrs,,,2018/19,59.73098,54.9763,64.45498,52.6064,67.06161,,422.0,,,Similar,Not compared,20180000,,,1y
93088,"Overweight (including obesity) prevalence in adults, (using adjusted self-reported height and weight)",E92000001,England,E06000006,Halton,Counties & UAs (from Apr 2023),Persons,18+ yrs,,,2018/19,71.3098,67.06161,75.59242,64.21777,77.72512,,422.0,,,Worse,Not compared,20180000,,,1y
93088,"Overweight (including obesity) prevalence in adults, (using adjusted self-reported height and weight)",E92000001,England,E06000007,Warrington,Counties & UAs (from Apr 2023),Persons,18+ yrs,,,2018/19,65.39415,60.74074,69.87654,58.02469,72.59284,,405.0,,,Similar,Not compared,20180000,,,1y
93088,"Overweight (including obesity) prevalence in adults, (using adjusted self-reported height and weight)",E92000001,England,E06000008,Blackburn with Darwen,Counties & UAs (from Apr 2023),Persons,18+ yrs,,,2018/19,64.06948,59.375,68.75,56.51016,71.61458,,384.0,,,Similar,Not compared,20180000,,,1y
93088,"Overweight (including obesity) prevalence in adults, (using adjusted self-reported height and weight)",E92000001,England,E06000009,Blackpool,Counties & UAs (from Apr 2023),Persons,18+ yrs,,,2018/19,65.55193,61.02088,70.06961,58.46868,72.62181,,431.0,,,Similar,Not compared,20180000,,,1y
93088,"Overweight (including obesity) prevalence in adults, (using adjusted self-reported height and weight)",E92000001,England,E06000010,Kingston upon Hull,Counties & UAs (from Apr 2023),Persons,18+ yrs,,,2018/19,71.45696,66.92506,75.71059,64.59948,78.29457,,387.0,,,Worse,Not compared,20180000,,,1y
93088,"Overweight (including obesity) prevalence in adults, (using adjusted self-reported height and weight)",E92000001,England,E06000011,East Riding of Yorkshire,Counties & UAs (from Apr 2023),Persons,18+ yrs,,,2018/19,59.69134,55.12528,64.2369,52.16401,66.7426,,439.0,,,Similar,Not compared,20180000,,,1y
93088,"Overweight (including obesity) prevalence in adults, (using adjusted self-reported height and weight)",E92000001,England,E06000012,North East Lincolnshire,Counties & UAs (from Apr 2023),Persons,18+ yrs,,,2018/19,70.21948,65.81986,74.3649,63.51039,76.67436,,433.0,,,Worse,Not compared,20180000,,,1y
93088,"Overweight (including obesity) prevalence in adults, (using adjusted self-reported height and weight)",E92000001,England,E06000013,North Lincolnshire,Counties & UAs (from Apr 2023),Persons,18+ yrs,,,2018/19,64.25275,59.59596,68.93939,56.56566,71.21212,,396.0,,,Similar,Not compared,20180000,,,1y
93088,"Overweight (including obesity) prevalence in adults, (using adjusted self-reported height and weight)",E92000001,England,E06000014,York,Counties & UAs (from Apr 2023),Persons,18+ yrs,,,2018/19,57.23292,52.65487,61.9469,50.0,64.82301,,452.0,,,Better,Not compared,20180000,,,1y
93088,"Overweight (including obesity) prevalence in adults, (using adjusted self-reported height and weight)",E92000001,England,E06000015,Derby,Counties & UAs (from Apr 2023),Persons,18+ yrs,,,2018/19,63.56393,59.10165,68.08511,56.02813,70.68582,,423.0,,,Similar,Not compared,20180000,,,1y
93088,"Overweight (including obesity) prevalence in adults, (using adjusted self-reported height and weight)",E92000001,England,E06000016,Leicester,Counties & UAs (from Apr 2023),Persons,18+ yrs,,,2018/19,58.53589,53.5809,63.39523,50.92838,66.313,,377.0,,,Similar,Not compared,20180000,,,1y
93088,"Overweight (including obesity) prevalence in adults, (using adjusted self-reported height and weight)",E92000001,England,E06000017,Rutland,Counties & UAs (from Apr 2023),Persons,18+ yrs,,,2018/19,59.86708,55.40839,64.45916,52.98013,66.66667,,453.0,,,Similar,Not compared,20180000,,,1y
93088,"Overweight (including obesity) prevalence in adults, (using adjusted self-reported height and weight)",E92000001,England,E06000018,Nottingham,Counties & UAs (from Apr 2023),Persons,18+ yrs,,,2018/19,59.28718,56.88474,61.68224,55.57632,62.92841,,1605.0,,,Better,Not compared,20180000,,,1y
93088,"Overweight (including obesity) prevalence in adults, (using adjusted self-reported height and weight)",E92000001,England,E06000019,Herefordshire,Counties & UAs (from Apr 2023),Persons,18+ yrs,,,2018/19,66.28506,61.55718,70.80292,58.88078,73.23601,,411.0,,,Similar,Not compared,20180000,,,1y
93088,"Overweight (including obesity) prevalence in adults, (using adjusted self-reported height and weight)",E92000001,England,E06000020,Telford and Wrekin,Counties & UAs (from Apr 2023),Persons,18+ yrs,,,2018/19,72.61714,68.45794,76.86916,65.88762,79.43925,,428.0,,,Worse,Not compared,20180000,,,1y
93088,"Overweight (including obesity) prevalence in adults, (using adjusted self-reported height and weight)",E92000001,England,E06000021,Stoke-on-Trent,Counties & UAs (from Apr 2023),Persons,18+ yrs,,,2018/19,66.03834,61.25654,70.68063,58.90052,73.56021,,382.0,,,Similar,Not compared,20180000,,,1y
93088,"Overweight (including obesity) prevalence in adults, (using adjusted self-reported height and weight)",E92000001,England,E06000022,Bath and North East Somerset,Counties & UAs (from Apr 2023),Persons,18+ yrs,,,2018/19,51.80076,46.875,56.49038,44.23077,59.61538,,416.0,,,Better,Not compared,20180000,,,1y
93088,"Overweight (including obesity) prevalence in adults, (using adjusted self-reported height and weight)",E92000001,England,E06000023,Bristol,Counties & UAs (from Apr 2023),Persons,18+ yrs,,,2018/19,54.89358,52.61501,57.2743,51.35135,58.6544,,1739.0,,,Better,Not compared,20180000,,,1y
93088,"Overweight (including obesity) prevalence in adults, (using adjusted self-reported height and weight)",E92000001,England,E06000024,North Somerset,Counties & UAs (from Apr 2023),Persons,18+ yrs,,,2018/19,60.90157,56.44444,65.33333,53.33333,68.22244,,450.0,,,Similar,Not compared,20180000,,,1y
93088,"Overweight (including obesity) prevalence in adults, (using adjusted self-reported height and weight)",E92000001,England,E06000025,South Gloucestershire,Counties & UAs (from Apr 2023),Persons,18+ yrs,,,2018/19,60.34528,55.55556,65.01182,52.71844,67.37589,,423.0,,,Similar,Not compared,20180000,,,1y
93088,"Overweight (including obesity) prevalence in adults, (using adjusted self-reported height and weight)",E92000001,England,E06000026,Plymouth,Counties & UAs (from Apr 2023),Persons,18+ yrs,,,2018/19,67.57789,63.13364,71.8894,60.59885,74.42396,,434.0,,,Worse,Not compared,20180000,,,1y
93088,"Overweight (including obesity) prevalence in adults, (using adjusted self-reported height and weight)",E92000001,England,E06000027,Torbay,Counties & UAs (from Apr 2023),Persons,18+ yrs,,,2018/19,61.35773,56.52174,66.24041,53.19693,68.79821,,391.0,,,Similar,Not compared,20180000,,,1y
93088,"Overweight (including obesity) prevalence in adults, (using adjusted self-reported height and weight)",E92000001,England,E06000030,Swindon,Counties & UAs (from Apr 2023),Persons,18+ yrs,,,2018/19,64.17838,59.66184,68.84058,56.76329,71.01473,,414.0,,,Similar,Not compared,20180000,,,1y
93088,"Overweight (including obesity) prevalence in adults, (using adjusted self-reported height and weight)",E92000001,England,E06000031,Peterborough,Counties & UAs (from Apr 2023),Persons,18+ yrs,,,2018/19,67.62455,62.83422,72.45989,59.89305,74.86631,,374.0,,,Worse,Not compared,20180000,,,1y
93088,"Overweight (including obesity) prevalence in adults, (using adjusted self-reported height and weight)",E92000001,England,E06000032,Luton,Counties & UAs (from Apr 2023),Persons,18+ yrs,,,2018/19,67.04634,62.23404,71.80851,59.57447,74.20213,,376.0,,,Worse,Not compared,20180000,,,1y
93088,"Overweight (including obesity) prevalence in adults, (using adjusted self-reported height and weight)",E92000001,England,E06000033,Southend-on-Sea,Counties & UAs (from Apr 2023),Persons,18+ yrs,,,2018/19,59.01106,54.22886,63.68159,51.49254,66.41791,,402.0,,,Similar,Not compared,20180000,,,1y
93088,"Overweight (including obesity) prevalence in adults, (using adjusted self-reported height and weight)",E92000001,England,E06000034,Thurrock,Counties & UAs (from Apr 2023),Persons,18+ yrs,,,2018/19,75.81387,71.875,79.80769,69.95192,81.73077,,416.0,,,Worse,Not compared,20180000,,,1y
93088,"Overweight (including obesity) prevalence in adults, (using adjusted self-reported height and weight)",E92000001,England,E06000035,Medway,Counties & UAs (from Apr 2023),Persons,18+ yrs,,,2018/19,69.58535,65.08314,73.87173,62.70784,76.0095,,421.0,,,Worse,Not compared,20180000,,,1y
93088,"Overweight (including obesity) prevalence in adults, (using adjusted self-reported height and weight)",E92000001,England,E06000036,Bracknell Forest,Counties & UAs (from Apr 2023),Persons,18+ yrs,,,2018/19,59.70016,55.12528,64.2369,52.3918,66.97039,,439.0,,,Similar,Not compared,20180000,,,1y
93088,"Overweight (including obesity) prevalence in adults, (using adjusted self-reported height and weight)",E92000001,England,E06000037,West Berkshire,Counties & UAs (from Apr 2023),Persons,18+ yrs,,,2018/19,57.74666,53.03371,62.24719,50.33708,64.94382,,445.0,,,Similar,Not compared,20180000,,,1y
93088,"Overweight (including obesity) prevalence in adults, (using adjusted self-reported height and weight)",E92000001,England,E06000038,Reading,Counties & UAs (from Apr 2023),Persons,18+ yrs,,,2018/19,57.93156,53.00261,62.92428,50.13055,65.53525,,383.0,,,Similar,Not compared,20180000,,,1y
93088,"Overweight (including obesity) prevalence in adults, (using adjusted self-reported height and weight)",E92000001,England,E06000039,Slough,Counties & UAs (from Apr 2023),Persons,18+ yrs,,,2018/19,65.11659,60.05587,70.11173,57.26257,72.6257,,358.0,,,Similar,Not compared,20180000,,,1y
93088,"Overweight (including obesity) prevalence in adults, (using adjusted self-reported height and weight)",E92000001,England,E06000040,Windsor and Maidenhead,Counties & UAs (from Apr 2023),Persons,18+ yrs,,,2018/19,54.06761,49.53704,58.7963,46.75903,61.34259,,432.0,,,Better,Not compared,20180000,,,1y
93088,"Overweight (including obesity) prevalence in adults, (using adjusted self-reported height and weight)",E92000001,England,E06000041,Wokingham,Counties & UAs (from Apr 2023),Persons,18+ yrs,,,2018/19,59.50148,54.91991,64.07323,51.94485,66.59039,,437.0,,,Similar,Not compared,20180000,,,1y
93088,"Overweight (including obesity) prevalence in adults, (using adjusted self-reported height and weight)",E92000001,England,E06000042,Milton Keynes,Counties & UAs (from Apr 2023),Persons,18+ yrs,,,2018/19,63.60327,58.79518,68.19277,56.14458,70.60241,,415.0,,,Similar,Not compared,20180000,,,1y
93088,"Overweight (including obesity) prevalence in adults, (using adjusted self-reported height and weight)",E92000001,England,E06000043,Brighton and Hove,Counties & UAs (from Apr 2023),Persons,18+ yrs,,,2018/19,50.84835,45.86466,55.88972,43.35815,58.64662,,399.0,,,Better,Not compared,20180000,,,1y
93088,"Overweight (including obesity) prevalence in adults, (using adjusted self-reported height and weight)",E92000001,England,E06000044,Portsmouth,Counties & UAs (from Apr 2023),Persons,18+ yrs,,,2018/19,67.46821,62.92906,71.85355,60.18307,74.14211,,437.0,,,Worse,Not compared,20180000,,,1y
93088,"Overweight (including obesity) prevalence in adults, (using adjusted self-reported height and weight)",E92000001,England,E06000045,Southampton,Counties & UAs (from Apr 2023),Persons,18+ yrs,,,2018/19,64.22903,59.62441,68.77934,57.04225,71.36174,,426.0,,,Similar,Not compared,20180000,,,1y
93088,"Overweight (including obesity) prevalence in adults, (using adjusted self-reported height and weight)",E92000001,England,E06000046,Isle of Wight,Counties & UAs (from Apr 2023),Persons,18+ yrs,,,2018/19,61.92566,57.109,66.58768,53.79147,69.19431,,422.0,,,Similar,Not compared,20180000,,,1y
93088,"Overweight (including obesity) prevalence in adults, (using adjusted self-reported height and weight)",E92000001,England,E06000047,County Durham,Counties & UAs (from Apr 2023),Persons,18+ yrs,,,2018/19,62.41184,57.57576,67.17172,54.79798,69.69722,,396.0,,,Similar,Not compared,20180000,,,1y
93088,"Overweight (including obesity) prevalence in adults, (using adjusted self-reported height and weight)",E92000001,England,E06000049,Cheshire East,Counties & UAs (from Apr 2023),Persons,18+ yrs,,,2018/19,65.76775,61.36865,69.97792,58.4989,72.18543,,453.0,,,Similar,Not compared,20180000,,,1y
93088,"Overweight (including obesity) prevalence in adults, (using adjusted self-reported height and weight)",E92000001,England,E06000050,Cheshire West and Chester,Counties & UAs (from Apr 2023),Persons,18+ yrs,,,2018/19,65.44326,61.1236,69.66292,58.42697,71.91011,,445.0,,,Similar,Not compared,20180000,,,1y
93088,"Overweight (including obesity) prevalence in adults, (using adjusted self-reported height and weight)",E92000001,England,E06000051,Shropshire,Counties & UAs (from Apr 2023),Persons,18+ yrs,,,2018/19,68.50144,64.09091,72.72727,61.36341,75.45455,,440.0,,,Worse,Not compared,20180000,,,1y
93088,"Overweight (including obesity) prevalence in adults, (using adjusted self-reported height and weight)",E92000001,England,E06000052,Cornwall,Counties & UAs (from Apr 2023),Persons,18+ yrs,,,2018/19,62.89973,58.09524,67.38095,55.47619,70.0,,420.0,,,Similar,Not compared,20180000,,,1y
93088,"Overweight (including obesity) prevalence in adults, (using adjusted self-reported height and weight)",E92000001,England,E06000053,Isles of Scilly,Counties & UAs (from Apr 2023),Persons,18+ yrs,,,2018/19,58.69371,51.94175,65.53398,48.05825,69.41748,,206.0,,,Similar,Not compared,20180000,,,1y
93088,"Overweight (including obesity) prevalence in adults, (using adjusted self-reported height and weight)",E92000001,England,E06000054,Wiltshire,Counties & UAs (from Apr 2023),Persons,18+ yrs,,,2018/19,59.64396,55.13393,64.0625,52.45536,66.96429,,448.0,,,Similar,Not compared,20180000,,,1y
93088,"Overweight (including obesity) prevalence in adults, (using adjusted self-reported height and weight)",E92000001,England,E06000055,Bedford,Counties & UAs (from Apr 2023),Persons,18+ yrs,,,2018/19,65.05789,60.401,69.67419,57.89474,72.1807,,399.0,,,Similar,Not compared,20180000,,,1y
93088,"Overweight (including obesity) prevalence in adults, (using adjusted self-reported height and weight)",E92000001,England,E06000056,Central Bedfordshire,Counties & UAs (from Apr 2023),Persons,18+ yrs,,,2018/19,64.13073,59.77273,68.40909,57.04545,70.90909,,440.0,,,Similar,Not compared,20180000,,,1y
93088,"Overweight (including obesity) prevalence in adults, (using adjusted self-reported height and weight)",E92000001,England,E06000057,Northumberland,Counties & UAs (from Apr 2023),Persons,18+ yrs,,,2018/19,63.26688,58.7156,67.66055,56.19266,70.18349,,436.0,,,Similar,Not compared,20180000,,,1y
93088,"Overweight (including obesity) prevalence in adults, (using adjusted self-reported height and weight)",E92000001,England,E06000058,"Bournemouth, Christchurch and Poole",Counties & UAs (from Apr 2023),Persons,18+ yrs,,,2018/19,60.99439,58.34658,63.6725,56.67719,65.10342,,1258.0,,,Similar,Not compared,20180000,,,1y
93088,"Overweight (including obesity) prevalence in adults, (using adjusted self-reported height and weight)",E92000001,England,E06000059,Dorset,Counties & UAs (from Apr 2023),Persons,18+ yrs,,,2018/19,59.57804,57.52984,61.61616,56.19835,62.71814,,2178.0,,,Better,Not compared,20180000,,,1y
93088,"Overweight (including obesity) prevalence in adults, (using adjusted self-reported height and weight)",E92000001,England,E06000060,Buckinghamshire UA,Counties & UAs (from Apr 2023),Persons,18+ yrs,,,2018/19,60.3307,58.0,62.58971,56.52935,63.82353,,1700.0,,,Similar,Not compared,20180000,,,1y
93088,"Overweight (including obesity) prevalence in adults, (using adjusted self-reported height and weight)",E92000001,England,E06000061,North Northamptonshire,Counties & UAs (from Apr 2023),Persons,18+ yrs,,,2018/19,65.427,63.19569,67.74387,61.9988,69.00066,,1671.0,,,Worse,Not compared,20180000,,,1y
93088,"Overweight (including obesity) prevalence in adults, (using adjusted self-reported height and weight)",E92000001,England,E06000062,West Northamptonshire,Counties & UAs (from Apr 2023),Persons,18+ yrs,,,2018/19,61.65678,59.02022,64.23017,57.38725,65.55218,,1286.0,,,Similar,Not compared,20180000,,,1y
93088,"Overweight (including obesity) prevalence in adults, (using adjusted self-reported height and weight)",E92000001,England,E06000063,Cumberland,Counties & UAs (from Apr 2023),Persons,18+ yrs,,,2018/19,64.054,61.47979,66.59039,60.03051,68.03974,,1311.0,,,Similar,Not compared,20180000,,,1y
93088,"Overweight (including obesity) prevalence in adults, (using adjusted self-reported height and weight)",E92000001,England,E06000064,Westmorland and Furness,Counties & UAs (from Apr 2023),Persons,18+ yrs,,,2018/19,57.54097,54.90937,60.19637,53.39879,61.63142,,1324.0,,,Better,Not compared,20180000,,,1y
93088,"Overweight (including obesity) prevalence in adults, (using adjusted self-reported height and weight)",E92000001,England,E06000065,North Yorkshire UA,Counties & UAs (from Apr 2023),Persons,18+ yrs,,,2018/19,62.44291,60.69536,64.17219,59.83444,65.09934,,3020.0,,,Similar,Not compared,20180000,,,1y
93088,"Overweight (including obesity) prevalence in adults, (using adjusted self-reported height and weight)",E92000001,England,E06000066,Somerset UA,Counties & UAs (from Apr 2023),Persons,18+ yrs,,,2018/19,64.16662,62.12471,66.18938,61.01612,67.29797,,2165.0,,,Worse,Not compared,20180000,,,1y
93088,"Overweight (including obesity) prevalence in adults, (using adjusted self-reported height and weight)",E92000001,England,E08000001,Bolton,Counties & UAs (from Apr 2023),Persons,18+ yrs,,,2018/19,67.04693,63.91876,70.2509,62.00717,71.80406,,837.0,,,Worse,Not compared,20180000,,,1y
93088,"Overweight (including obesity) prevalence in adults, (using adjusted self-reported height and weight)",E92000001,England,E08000002,Bury,Counties & UAs (from Apr 2023),Persons,18+ yrs,,,2018/19,59.57925,56.29371,62.93706,54.54545,64.80198,,858.0,,,Similar,Not compared,20180000,,,1y
93088,"Overweight (including obesity) prevalence in adults, (using adjusted self-reported height and weight)",E92000001,England,E08000003,Manchester,Counties & UAs (from Apr 2023),Persons,18+ yrs,,,2018/19,60.8855,58.56354,63.29036,57.09024,64.57962,,1629.0,,,Similar,Not compared,20180000,,,1y
93088,"Overweight (including obesity) prevalence in adults, (using adjusted self-reported height and weight)",E92000001,England,E08000004,Oldham,Counties & UAs (from Apr 2023),Persons,18+ yrs,,,2018/19,63.80273,60.46229,67.15328,58.63747,69.34307,,822.0,,,Similar,Not compared,20180000,,,1y
93088,"Overweight (including obesity) prevalence in adults, (using adjusted self-reported height and weight)",E92000001,England,E08000005,Rochdale,Counties & UAs (from Apr 2023),Persons,18+ yrs,,,2018/19,65.39157,62.15236,68.68198,60.21765,70.49589,,827.0,,,Worse,Not compared,20180000,,,1y
93088,"Overweight (including obesity) prevalence in adults, (using adjusted self-reported height and weight)",E92000001,England,E08000006,Salford,Counties & UAs (from Apr 2023),Persons,18+ yrs,,,2018/19,63.73456,60.42184,66.99752,58.31241,68.85868,,806.0,,,Similar,Not compared,20180000,,,1y
93088,"Overweight (including obesity) prevalence in adults, (using adjusted self-reported height and weight)",E92000001,England,E08000007,Stockport,Counties & UAs (from Apr 2023),Persons,18+ yrs,,,2018/19,59.36204,56.06407,62.58581,54.11888,64.41648,,874.0,,,Similar,Not compared,20180000,,,1y
93088,"Overweight (including obesity) prevalence in adults, (using adjusted self-reported height and weight)",E92000001,England,E08000008,Tameside,Counties & UAs (from Apr 2023),Persons,18+ yrs,,,2018/19,69.61538,66.46919,72.74882,64.69194,74.52607,,844.0,,,Worse,Not compared,20180000,,,1y
93088,"Overweight (including obesity) prevalence in adults, (using adjusted self-reported height and weight)",E92000001,England,E08000009,Trafford,Counties & UAs (from Apr 2023),Persons,18+ yrs,,,2018/19,59.816,56.54762,63.09524,54.64286,65.0,,840.0,,,Similar,Not compared,20180000,,,1y
93088,"Overweight (including obesity) prevalence in adults, (using adjusted self-reported height and weight)",E92000001,England,E08000010,Wigan,Counties & UAs (from Apr 2023),Persons,18+ yrs,,,2018/19,69.0984,65.87112,72.1957,64.08115,73.9858,,838.0,,,Worse,Not compared,20180000,,,1y
93088,"Overweight (including obesity) prevalence in adults, (using adjusted self-reported height and weight)",E92000001,England,E08000011,Knowsley,Counties & UAs (from Apr 2023),Persons,18+ yrs,,,2018/19,72.28306,68.0,76.47059,65.64706,78.58824,,425.0,,,Worse,Not compared,20180000,,,1y
93088,"Overweight (including obesity) prevalence in adults, (using adjusted self-reported height and weight)",E92000001,England,E08000012,Liverpool,Counties & UAs (from Apr 2023),Persons,18+ yrs,,,2018/19,66.99233,64.70588,69.25409,63.25045,70.5883,,1649.0,,,Worse,Not compared,20180000,,,1y
93088,"Overweight (including obesity) prevalence in adults, (using adjusted self-reported height and weight)",E92000001,England,E08000013,St. Helens,Counties & UAs (from Apr 2023),Persons,18+ yrs,,,2018/19,68.57213,64.14634,73.17073,61.46341,75.36585,,410.0,,,Worse,Not compared,20180000,,,1y
93088,"Overweight (including obesity) prevalence in adults, (using adjusted self-reported height and weight)",E92000001,England,E08000014,Sefton,Counties & UAs (from Apr 2023),Persons,18+ yrs,,,2018/19,63.96012,59.31818,68.40909,56.81818,71.13636,,440.0,,,Similar,Not compared,20180000,,,1y
93088,"Overweight (including obesity) prevalence in adults, (using adjusted self-reported height and weight)",E92000001,England,E08000015,Wirral,Counties & UAs (from Apr 2023),Persons,18+ yrs,,,2018/19,64.39779,59.71223,68.83094,57.07434,71.22302,,417.0,,,Similar,Not compared,20180000,,,1y
93088,"Overweight (including obesity) prevalence in adults, (using adjusted self-reported height and weight)",E92000001,England,E08000016,Barnsley,Counties & UAs (from Apr 2023),Persons,18+ yrs,,,2018/19,64.57469,60.09174,69.0367,57.56881,71.55963,,436.0,,,Similar,Not compared,20180000,,,1y
93088,"Overweight (including obesity) prevalence in adults, (using adjusted self-reported height and weight)",E92000001,England,E08000017,Doncaster,Counties & UAs (from Apr 2023),Persons,18+ yrs,,,2018/19,69.06061,67.38526,70.72323,66.44645,71.73157,,2876.0,,,Worse,Not compared,20180000,,,1y
93088,"Overweight (including obesity) prevalence in adults, (using adjusted self-reported height and weight)",E92000001,England,E08000018,Rotherham,Counties & UAs (from Apr 2023),Persons,18+ yrs,,,2018/19,73.75098,69.47115,77.88462,67.06731,80.28846,,416.0,,,Worse,Not compared,20180000,,,1y
93088,"Overweight (including obesity) prevalence in adults, (using adjusted self-reported height and weight)",E92000001,England,E08000019,Sheffield,Counties & UAs (from Apr 2023),Persons,18+ yrs,,,2018/19,64.01165,61.57152,66.29834,60.09816,67.64893,,1629.0,,,Similar,Not compared,20180000,,,1y
93088,"Overweight (including obesity) prevalence in adults, (using adjusted self-reported height and weight)",E92000001,England,E08000021,Newcastle upon Tyne,Counties & UAs (from Apr 2023),Persons,18+ yrs,,,2018/19,60.95552,58.68815,63.2336,57.30725,64.72975,,1738.0,,,Similar,Not compared,20180000,,,1y
93088,"Overweight (including obesity) prevalence in adults, (using adjusted self-reported height and weight)",E92000001,England,E08000022,North Tyneside,Counties & UAs (from Apr 2023),Persons,18+ yrs,,,2018/19,64.45801,59.86395,68.93424,57.36961,71.20181,,441.0,,,Similar,Not compared,20180000,,,1y
93088,"Overweight (including obesity) prevalence in adults, (using adjusted self-reported height and weight)",E92000001,England,E08000023,South Tyneside,Counties & UAs (from Apr 2023),Persons,18+ yrs,,,2018/19,69.58054,65.17647,73.88235,62.82353,76.47059,,425.0,,,Worse,Not compared,20180000,,,1y
93088,"Overweight (including obesity) prevalence in adults, (using adjusted self-reported height and weight)",E92000001,England,E08000024,Sunderland,Counties & UAs (from Apr 2023),Persons,18+ yrs,,,2018/19,65.29439,60.81731,69.95192,57.93269,72.35577,,416.0,,,Similar,Not compared,20180000,,,1y
93088,"Overweight (including obesity) prevalence in adults, (using adjusted self-reported height and weight)",E92000001,England,E08000025,Birmingham,Counties & UAs (from Apr 2023),Persons,18+ yrs,,,2018/19,61.36447,58.92514,63.72361,57.45361,65.06718,,1563.0,,,Similar,Not compared,20180000,,,1y
93088,"Overweight (including obesity) prevalence in adults, (using adjusted self-reported height and weight)",E92000001,England,E08000026,Coventry,Counties & UAs (from Apr 2023),Persons,18+ yrs,,,2018/19,65.66762,61.07056,70.07299,58.63747,72.50633,,411.0,,,Similar,Not compared,20180000,,,1y
93088,"Overweight (including obesity) prevalence in adults, (using adjusted self-reported height and weight)",E92000001,England,E08000027,Dudley,Counties & UAs (from Apr 2023),Persons,18+ yrs,,,2018/19,69.94888,65.52567,74.32763,62.83594,76.77286,,409.0,,,Worse,Not compared,20180000,,,1y
93088,"Overweight (including obesity) prevalence in adults, (using adjusted self-reported height and weight)",E92000001,England,E08000028,Sandwell,Counties & UAs (from Apr 2023),Persons,18+ yrs,,,2018/19,70.96871,66.41221,75.31807,63.86768,77.8626,,393.0,,,Worse,Not compared,20180000,,,1y
93088,"Overweight (including obesity) prevalence in adults, (using adjusted self-reported height and weight)",E92000001,England,E08000029,Solihull,Counties & UAs (from Apr 2023),Persons,18+ yrs,,,2018/19,60.25452,55.55556,65.01182,52.95485,67.61229,,423.0,,,Similar,Not compared,20180000,,,1y
93088,"Overweight (including obesity) prevalence in adults, (using adjusted self-reported height and weight)",E92000001,England,E08000030,Walsall,Counties & UAs (from Apr 2023),Persons,18+ yrs,,,2018/19,73.35228,68.88298,77.65957,65.69149,80.31915,,376.0,,,Worse,Not compared,20180000,,,1y
93088,"Overweight (including obesity) prevalence in adults, (using adjusted self-reported height and weight)",E92000001,England,E08000031,Wolverhampton,Counties & UAs (from Apr 2023),Persons,18+ yrs,,,2018/19,65.96757,60.96257,70.58824,58.55588,73.79679,,374.0,,,Similar,Not compared,20180000,,,1y
93088,"Overweight (including obesity) prevalence in adults, (using adjusted self-reported height and weight)",E92000001,England,E08000032,Bradford,Counties & UAs (from Apr 2023),Persons,18+ yrs,,,2018/19,65.44458,62.1519,68.73418,60.25304,70.37975,,790.0,,,Worse,Not compared,20180000,,,1y
93088,"Overweight (including obesity) prevalence in adults, (using adjusted self-reported height and weight)",E92000001,England,E08000033,Calderdale,Counties & UAs (from Apr 2023),Persons,18+ yrs,,,2018/19,62.55146,57.97101,67.14976,55.55556,69.80676,,414.0,,,Similar,Not compared,20180000,,,1y
93088,"Overweight (including obesity) prevalence in adults, (using adjusted self-reported height and weight)",E92000001,England,E08000034,Kirklees,Counties & UAs (from Apr 2023),Persons,18+ yrs,,,2018/19,68.24744,63.72549,72.79412,61.27451,75.2451,,408.0,,,Worse,Not compared,20180000,,,1y
93088,"Overweight (including obesity) prevalence in adults, (using adjusted self-reported height and weight)",E92000001,England,E08000035,Leeds,Counties & UAs (from Apr 2023),Persons,18+ yrs,,,2018/19,62.25223,60.01168,64.56509,58.55219,65.73275,,1713.0,,,Similar,Not compared,20180000,,,1y
93088,"Overweight (including obesity) prevalence in adults, (using adjusted self-reported height and weight)",E92000001,England,E08000036,Wakefield,Counties & UAs (from Apr 2023),Persons,18+ yrs,,,2018/19,64.46951,59.80149,68.98263,57.3201,71.71216,,403.0,,,Similar,Not compared,20180000,,,1y
93088,"Overweight (including obesity) prevalence in adults, (using adjusted self-reported height and weight)",E92000001,England,E08000037,Gateshead,Counties & UAs (from Apr 2023),Persons,18+ yrs,,,2018/19,64.71154,60.18519,69.21296,57.63889,71.52801,,432.0,,,Similar,Not compared,20180000,,,1y
93088,"Overweight (including obesity) prevalence in adults, (using adjusted self-reported height and weight)",E92000001,England,E09000001,City of London,Counties & UAs (from Apr 2023),Persons,18+ yrs,,,2018/19,44.78898,38.52814,51.08225,34.63203,54.97835,,231.0,,,Better,Not compared,20180000,,,1y
93088,"Overweight (including obesity) prevalence in adults, (using adjusted self-reported height and weight)",E92000001,England,E09000002,Barking and Dagenham,Counties & UAs (from Apr 2023),Persons,18+ yrs,,,2018/19,69.88058,64.90683,74.84472,61.49068,77.63975,,322.0,,,Worse,Not compared,20180000,,,1y
93088,"Overweight (including obesity) prevalence in adults, (using adjusted self-reported height and weight)",E92000001,England,E09000003,Barnet,Counties & UAs (from Apr 2023),Persons,18+ yrs,,,2018/19,54.28449,49.05149,59.34959,46.34119,62.05962,,369.0,,,Better,Not compared,20180000,,,1y
93088,"Overweight (including obesity) prevalence in adults, (using adjusted self-reported height and weight)",E92000001,England,E09000004,Bexley,Counties & UAs (from Apr 2023),Persons,18+ yrs,,,2018/19,64.3185,59.47368,69.21053,56.84211,71.57895,,380.0,,,Similar,Not compared,20180000,,,1y
93088,"Overweight (including obesity) prevalence in adults, (using adjusted self-reported height and weight)",E92000001,England,E09000005,Brent,Counties & UAs (from Apr 2023),Persons,18+ yrs,,,2018/19,51.78858,46.8254,56.87831,43.91534,59.52381,,378.0,,,Better,Not compared,20180000,,,1y
93088,"Overweight (including obesity) prevalence in adults, (using adjusted self-reported height and weight)",E92000001,England,E09000006,Bromley,Counties & UAs (from Apr 2023),Persons,18+ yrs,,,2018/19,63.74066,59.10165,68.32151,56.50118,70.92199,,423.0,,,Similar,Not compared,20180000,,,1y
93088,"Overweight (including obesity) prevalence in adults, (using adjusted self-reported height and weight)",E92000001,England,E09000007,Camden,Counties & UAs (from Apr 2023),Persons,18+ yrs,,,2018/19,41.49301,36.66667,46.41026,33.84615,49.23103,,390.0,,,Better,Not compared,20180000,,,1y
93088,"Overweight (including obesity) prevalence in adults, (using adjusted self-reported height and weight)",E92000001,England,E09000008,Croydon,Counties & UAs (from Apr 2023),Persons,18+ yrs,,,2018/19,60.6655,55.72917,65.625,52.86458,67.96875,,384.0,,,Similar,Not compared,20180000,,,1y
93088,"Overweight (including obesity) prevalence in adults, (using adjusted self-reported height and weight)",E92000001,England,E09000009,Ealing,Counties & UAs (from Apr 2023),Persons,18+ yrs,,,2018/19,61.16196,56.37755,66.07143,53.06122,68.62245,,392.0,,,Similar,Not compared,20180000,,,1y
93088,"Overweight (including obesity) prevalence in adults, (using adjusted self-reported height and weight)",E92000001,England,E09000010,Enfield,Counties & UAs (from Apr 2023),Persons,18+ yrs,,,2018/19,65.94132,61.02151,70.69892,58.33333,73.3871,,372.0,,,Similar,Not compared,20180000,,,1y
93088,"Overweight (including obesity) prevalence in adults, (using adjusted self-reported height and weight)",E92000001,England,E09000011,Greenwich,Counties & UAs (from Apr 2023),Persons,18+ yrs,,,2018/19,57.28779,52.4173,62.08651,49.61832,65.3944,,393.0,,,Similar,Not compared,20180000,,,1y
93088,"Overweight (including obesity) prevalence in adults, (using adjusted self-reported height and weight)",E92000001,England,E09000012,Hackney,Counties & UAs (from Apr 2023),Persons,18+ yrs,,,2018/19,53.39695,48.36272,58.43829,45.34005,61.20932,,397.0,,,Better,Not compared,20180000,,,1y
93088,"Overweight (including obesity) prevalence in adults, (using adjusted self-reported height and weight)",E92000001,England,E09000013,Hammersmith and Fulham,Counties & UAs (from Apr 2023),Persons,18+ yrs,,,2018/19,48.33825,43.57143,53.09524,40.71429,55.47619,,420.0,,,Better,Not compared,20180000,,,1y
93088,"Overweight (including obesity) prevalence in adults, (using adjusted self-reported height and weight)",E92000001,England,E09000014,Haringey,Counties & UAs (from Apr 2023),Persons,18+ yrs,,,2018/19,50.15326,45.4321,55.06173,42.22222,57.53086,,405.0,,,Better,Not compared,20180000,,,1y
93088,"Overweight (including obesity) prevalence in adults, (using adjusted self-reported height and weight)",E92000001,England,E09000015,Harrow,Counties & UAs (from Apr 2023),Persons,18+ yrs,,,2018/19,57.02838,52.15054,62.09677,48.92446,64.78495,,372.0,,,Similar,Not compared,20180000,,,1y
93088,"Overweight (including obesity) prevalence in adults, (using adjusted self-reported height and weight)",E92000001,England,E09000016,Havering,Counties & UAs (from Apr 2023),Persons,18+ yrs,,,2018/19,63.2157,58.53659,67.80488,56.09732,70.73171,,410.0,,,Similar,Not compared,20180000,,,1y
93088,"Overweight (including obesity) prevalence in adults, (using adjusted self-reported height and weight)",E92000001,England,E09000017,Hillingdon,Counties & UAs (from Apr 2023),Persons,18+ yrs,,,2018/19,59.19806,54.52323,64.05868,51.58924,66.74817,,409.0,,,Similar,Not compared,20180000,,,1y
93088,"Overweight (including obesity) prevalence in adults, (using adjusted self-reported height and weight)",E92000001,England,E09000018,Hounslow,Counties & UAs (from Apr 2023),Persons,18+ yrs,,,2018/19,57.18769,52.40385,61.77885,49.51923,64.90385,,416.0,,,Better,Not compared,20180000,,,1y
93088,"Overweight (including obesity) prevalence in adults, (using adjusted self-reported height and weight)",E92000001,England,E09000019,Islington,Counties & UAs (from Apr 2023),Persons,18+ yrs,,,2018/19,56.51486,51.70732,61.21951,48.78049,64.14634,,410.0,,,Better,Not compared,20180000,,,1y
93088,"Overweight (including obesity) prevalence in adults, (using adjusted self-reported height and weight)",E92000001,England,E09000020,Kensington and Chelsea,Counties & UAs (from Apr 2023),Persons,18+ yrs,,,2018/19,51.00291,45.85492,55.96503,43.00518,59.06736,,386.0,,,Better,Not compared,20180000,,,1y
93088,"Overweight (including obesity) prevalence in adults, (using adjusted self-reported height and weight)",E92000001,England,E09000021,Kingston upon Thames,Counties & UAs (from Apr 2023),Persons,18+ yrs,,,2018/19,58.04391,53.39578,62.76347,50.81967,65.33958,,427.0,,,Similar,Not compared,20180000,,,1y
93088,"Overweight (including obesity) prevalence in adults, (using adjusted self-reported height and weight)",E92000001,England,E09000022,Lambeth,Counties & UAs (from Apr 2023),Persons,18+ yrs,,,2018/19,50.41872,45.64706,55.05882,42.58824,57.88259,,425.0,,,Better,Not compared,20180000,,,1y
93088,"Overweight (including obesity) prevalence in adults, (using adjusted self-reported height and weight)",E92000001,England,E09000023,Lewisham,Counties & UAs (from Apr 2023),Persons,18+ yrs,,,2018/19,58.44447,53.88235,63.05882,51.05882,65.64706,,425.0,,,Similar,Not compared,20180000,,,1y
93088,"Overweight (including obesity) prevalence in adults, (using adjusted self-reported height and weight)",E92000001,England,E09000024,Merton,Counties & UAs (from Apr 2023),Persons,18+ yrs,,,2018/19,56.96843,52.15311,61.48325,49.04282,64.11483,,418.0,,,Better,Not compared,20180000,,,1y
93088,"Overweight (including obesity) prevalence in adults, (using adjusted self-reported height and weight)",E92000001,England,E09000025,Newham,Counties & UAs (from Apr 2023),Persons,18+ yrs,,,2018/19,56.22625,50.90361,61.74699,48.19277,64.15663,,332.0,,,Better,Not compared,20180000,,,1y
93088,"Overweight (including obesity) prevalence in adults, (using adjusted self-reported height and weight)",E92000001,England,E09000026,Redbridge,Counties & UAs (from Apr 2023),Persons,18+ yrs,,,2018/19,58.70727,53.84615,63.66048,50.92838,66.313,,377.0,,,Similar,Not compared,20180000,,,1y
93088,"Overweight (including obesity) prevalence in adults, (using adjusted self-reported height and weight)",E92000001,England,E09000027,Richmond upon Thames,Counties & UAs (from Apr 2023),Persons,18+ yrs,,,2018/19,54.28305,49.77578,58.74439,47.0852,61.21076,,446.0,,,Better,Not compared,20180000,,,1y
93088,"Overweight (including obesity) prevalence in adults, (using adjusted self-reported height and weight)",E92000001,England,E09000028,Southwark,Counties & UAs (from Apr 2023),Persons,18+ yrs,,,2018/19,51.83378,47.04433,56.65025,43.84212,59.11355,,406.0,,,Better,Not compared,20180000,,,1y
93088,"Overweight (including obesity) prevalence in adults, (using adjusted self-reported height and weight)",E92000001,England,E09000029,Sutton,Counties & UAs (from Apr 2023),Persons,18+ yrs,,,2018/19,61.02956,56.30841,65.4264,53.97196,68.22453,,428.0,,,Similar,Not compared,20180000,,,1y
93088,"Overweight (including obesity) prevalence in adults, (using adjusted self-reported height and weight)",E92000001,England,E09000030,Tower Hamlets,Counties & UAs (from Apr 2023),Persons,18+ yrs,,,2018/19,57.19934,52.17391,62.14834,49.36061,64.96164,,391.0,,,Similar,Not compared,20180000,,,1y
93088,"Overweight (including obesity) prevalence in adults, (using adjusted self-reported height and weight)",E92000001,England,E09000031,Waltham Forest,Counties & UAs (from Apr 2023),Persons,18+ yrs,,,2018/19,55.26255,50.5102,60.20408,47.70408,62.7551,,392.0,,,Better,Not compared,20180000,,,1y
93088,"Overweight (including obesity) prevalence in adults, (using adjusted self-reported height and weight)",E92000001,England,E09000032,Wandsworth,Counties & UAs (from Apr 2023),Persons,18+ yrs,,,2018/19,50.93883,46.17169,55.45244,43.61949,58.23666,,431.0,,,Better,Not compared,20180000,,,1y
93088,"Overweight (including obesity) prevalence in adults, (using adjusted self-reported height and weight)",E92000001,England,E09000033,Westminster,Counties & UAs (from Apr 2023),Persons,18+ yrs,,,2018/19,48.51044,43.69159,53.27103,40.65421,55.84136,,428.0,,,Better,Not compared,20180000,,,1y
93088,"Overweight (including obesity) prevalence in adults, (using adjusted self-reported height and weight)",E92000001,England,E10000003,Cambridgeshire,Counties & UAs (from Apr 2023),Persons,18+ yrs,,,2018/19,61.84855,59.86452,63.8442,58.59441,65.07197,,2362.0,,,Similar,Not compared,20180000,,,1y
93088,"Overweight (including obesity) prevalence in adults, (using adjusted self-reported height and weight)",E92000001,England,E10000007,Derbyshire,Counties & UAs (from Apr 2023),Persons,18+ yrs,,,2018/19,65.24484,63.64439,66.82367,62.73179,67.79514,,3397.0,,,Worse,Not compared,20180000,,,1y
93088,"Overweight (including obesity) prevalence in adults, (using adjusted self-reported height and weight)",E92000001,England,E10000008,Devon,Counties & UAs (from Apr 2023),Persons,18+ yrs,,,2018/19,60.72779,59.09753,62.32897,58.1368,63.34792,,3435.0,,,Similar,Not compared,20180000,,,1y
93088,"Overweight (including obesity) prevalence in adults, (using adjusted self-reported height and weight)",E92000001,England,E10000011,East Sussex,Counties & UAs (from Apr 2023),Persons,18+ yrs,,,2018/19,61.79627,59.74695,63.87067,58.66917,65.08908,,2134.0,,,Similar,Not compared,20180000,,,1y
93088,"Overweight (including obesity) prevalence in adults, (using adjusted self-reported height and weight)",E92000001,England,E10000012,Essex,Counties & UAs (from Apr 2023),Persons,18+ yrs,,,2018/19,61.85827,60.52061,63.20252,59.75147,64.05048,,5071.0,,,Similar,Not compared,20180000,,,1y
93088,"Overweight (including obesity) prevalence in adults, (using adjusted self-reported height and weight)",E92000001,England,E10000013,Gloucestershire,Counties & UAs (from Apr 2023),Persons,18+ yrs,,,2018/19,59.54392,57.65523,61.43463,56.4597,62.59159,,2593.0,,,Better,Not compared,20180000,,,1y
93088,"Overweight (including obesity) prevalence in adults, (using adjusted self-reported height and weight)",E92000001,England,E10000014,Hampshire,Counties & UAs (from Apr 2023),Persons,18+ yrs,,,2018/19,61.23813,59.83747,62.61762,59.08892,63.47308,,4676.0,,,Similar,Not compared,20180000,,,1y
93088,"Overweight (including obesity) prevalence in adults, (using adjusted self-reported height and weight)",E92000001,England,E10000015,Hertfordshire,Counties & UAs (from Apr 2023),Persons,18+ yrs,,,2018/19,59.537,58.0728,61.0126,57.30282,61.92266,,4286.0,,,Better,Not compared,20180000,,,1y
93088,"Overweight (including obesity) prevalence in adults, (using adjusted self-reported height and weight)",E92000001,England,E10000016,Kent,Counties & UAs (from Apr 2023),Persons,18+ yrs,,,2018/19,63.68534,62.35502,65.04816,61.56868,65.8738,,5087.0,,,Worse,Not compared,20180000,,,1y
93088,"Overweight (including obesity) prevalence in adults, (using adjusted self-reported height and weight)",E92000001,England,E10000017,Lancashire,Counties & UAs (from Apr 2023),Persons,18+ yrs,,,2018/19,64.16713,62.82959,65.48603,62.10153,66.25344,,5082.0,,,Worse,Not compared,20180000,,,1y
93088,"Overweight (including obesity) prevalence in adults, (using adjusted self-reported height and weight)",E92000001,England,E10000018,Leicestershire,Counties & UAs (from Apr 2023),Persons,18+ yrs,,,2018/19,64.17082,62.44527,65.91445,61.43479,66.75648,,2969.0,,,Worse,Not compared,20180000,,,1y
93088,"Overweight (including obesity) prevalence in adults, (using adjusted self-reported height and weight)",E92000001,England,E10000019,Lincolnshire,Counties & UAs (from Apr 2023),Persons,18+ yrs,,,2018/19,65.63826,63.88985,67.33219,62.82262,68.36492,,2905.0,,,Worse,Not compared,20180000,,,1y
93088,"Overweight (including obesity) prevalence in adults, (using adjusted self-reported height and weight)",E92000001,England,E10000020,Norfolk,Counties & UAs (from Apr 2023),Persons,18+ yrs,,,2018/19,62.50995,60.83386,64.18193,59.98102,65.19267,,3166.0,,,Similar,Not compared,20180000,,,1y
93088,"Overweight (including obesity) prevalence in adults, (using adjusted self-reported height and weight)",E92000001,England,E10000024,Nottinghamshire,Counties & UAs (from Apr 2023),Persons,18+ yrs,,,2018/19,66.70143,65.01359,68.41033,64.02846,69.36141,,2944.0,,,Worse,Not compared,20180000,,,1y
93088,"Overweight (including obesity) prevalence in adults, (using adjusted self-reported height and weight)",E92000001,England,E10000025,Oxfordshire,Counties & UAs (from Apr 2023),Persons,18+ yrs,,,2018/19,55.24031,53.23861,57.16674,52.19377,58.42043,,2393.0,,,Better,Not compared,20180000,,,1y
93088,"Overweight (including obesity) prevalence in adults, (using adjusted self-reported height and weight)",E92000001,England,E10000028,Staffordshire,Counties & UAs (from Apr 2023),Persons,18+ yrs,,,2018/19,64.15863,62.54343,65.78327,61.57238,66.72559,,3396.0,,,Worse,Not compared,20180000,,,1y
93088,"Overweight (including obesity) prevalence in adults, (using adjusted self-reported height and weight)",E92000001,England,E10000029,Suffolk,Counties & UAs (from Apr 2023),Persons,18+ yrs,,,2018/19,65.47979,63.74787,67.1891,62.72569,68.17721,,2935.0,,,Worse,Not compared,20180000,,,1y
93088,"Overweight (including obesity) prevalence in adults, (using adjusted self-reported height and weight)",E92000001,England,E10000030,Surrey,Counties & UAs (from Apr 2023),Persons,18+ yrs,,,2018/19,57.48094,56.07935,58.89505,55.37543,59.791,,4688.0,,,Better,Not compared,20180000,,,1y
93088,"Overweight (including obesity) prevalence in adults, (using adjusted self-reported height and weight)",E92000001,England,E10000031,Warwickshire,Counties & UAs (from Apr 2023),Persons,18+ yrs,,,2018/19,63.73372,61.69703,65.81975,60.45048,66.82656,,2086.0,,,Similar,Not compared,20180000,,,1y
93088,"Overweight (including obesity) prevalence in adults, (using adjusted self-reported height and weight)",E92000001,England,E10000032,West Sussex,Counties & UAs (from Apr 2023),Persons,18+ yrs,,,2018/19,61.37649,59.61801,63.13097,58.59482,64.12005,,2932.0,,,Similar,Not compared,20180000,,,1y
93088,"Overweight (including obesity) prevalence in adults, (using adjusted self-reported height and weight)",E92000001,England,E10000034,Worcestershire,Counties & UAs (from Apr 2023),Persons,18+ yrs,,,2018/19,64.46437,62.61314,66.31248,61.58989,67.33573,,2541.0,,,Worse,Not compared,20180000,,,1y
93088,"Overweight (including obesity) prevalence in adults, (using adjusted self-reported height and weight)",,,E92000001,England,England,Male,18+ yrs,,,2019/20,68.37107,68.0293,68.71234,67.83953,68.92085,,69545.0,,,Not compared,Not compared,20190000,,,1y
93088,"Overweight (including obesity) prevalence in adults, (using adjusted self-reported height and weight)",,,E92000001,England,England,Female,18+ yrs,,,2019/20,56.80249,56.46617,57.14304,56.24475,57.33195,,79931.0,,,Not compared,Not compared,20190000,,,1y
93088,"Overweight (including obesity) prevalence in adults, (using adjusted self-reported height and weight)",,,E92000001,England,England,Persons,85+ yrs,,,2019/20,64.00292,62.13782,65.81832,61.11977,66.83634,,2554.0,,,Not compared,Not compared,20190000,,,1y
93088,"Overweight (including obesity) prevalence in adults, (using adjusted self-reported height and weight)",,,E92000001,England,England,Persons,25-34 yrs,,,2019/20,54.44854,53.73551,55.15806,53.34036,55.54795,,18980.0,,,Not compared,Not compared,20190000,,,1y
93088,"Overweight (including obesity) prevalence in adults, (using adjusted self-reported height and weight)",,,E92000001,England,England,Persons,35-44 yrs,,,2019/20,61.64233,61.02788,62.29175,60.67432,62.65854,,22629.0,,,Not compared,Not compared,20190000,,,1y
93088,"Overweight (including obesity) prevalence in adults, (using adjusted self-reported height and weight)",,,E92000001,England,England,Persons,45-54 yrs,,,2019/20,67.6662,67.08796,68.24587,66.77395,68.54418,,25477.0,,,Not compared,Not compared,20190000,,,1y
93088,"Overweight (including obesity) prevalence in adults, (using adjusted self-reported height and weight)",,,E92000001,England,England,Persons,55-64 yrs,,,2019/20,71.51393,71.00899,72.00674,70.69182,72.28427,,30268.0,,,Not compared,Not compared,20190000,,,1y
93088,"Overweight (including obesity) prevalence in adults, (using adjusted self-reported height and weight)",,,E92000001,England,England,Persons,65-74 yrs,,,2019/20,70.98881,70.47126,71.51662,70.11713,71.82988,,29368.0,,,Not compared,Not compared,20190000,,,1y
93088,"Overweight (including obesity) prevalence in adults, (using adjusted self-reported height and weight)",,,E92000001,England,England,Persons,75-84 yrs,,,2019/20,70.7283,69.96284,71.53276,69.52301,71.91932,,13187.0,,,Not compared,Not compared,20190000,,,1y
93088,"Overweight (including obesity) prevalence in adults, (using adjusted self-reported height and weight)",,,E92000001,England,England,Persons,18+ yrs,,,2019/20,62.62869,62.38527,62.87633,62.22604,62.99607,,149476.0,,,Not compared,Not compared,20190000,,,1y
93088,"Overweight (including obesity) prevalence in adults, (using adjusted self-reported height and weight)",,,E92000001,England,England,Persons,18+ yrs,Working status,Inactive,2019/20,63.05713,62.63818,63.47362,62.42687,63.73385,,51111.0,,,Worse,Not compared,20190000,,,1y
93088,"Overweight (including obesity) prevalence in adults, (using adjusted self-reported height and weight)",,,E92000001,England,England,Persons,18+ yrs,Working status,Unemployed,2019/20,65.99416,64.61971,67.39427,63.80171,68.21282,,4398.0,,,Worse,Not compared,20190000,,,1y
93088,"Overweight (including obesity) prevalence in adults, (using adjusted self-reported height and weight)",,,E92000001,England,England,Persons,18+ yrs,Working status,Working,2019/20,63.67854,63.35595,64.00211,63.17852,64.18313,,83416.0,,,Worse,Not compared,20190000,,,1y
93088,"Overweight (including obesity) prevalence in adults, (using adjusted self-reported height and weight)",,,E92000001,England,England,Persons,18+ yrs,Disability,Disabled,2019/20,72.14719,71.59218,72.69878,71.3252,73.0238,,25845.0,,,Worse,Not compared,20190000,,,1y
93088,"Overweight (including obesity) prevalence in adults, (using adjusted self-reported height and weight)",,,E92000001,England,England,Persons,18+ yrs,Disability,Not disabled,2019/20,60.70958,60.43341,60.98859,60.27247,61.12909,,117440.0,,,Better,Not compared,20190000,,,1y
93088,"Overweight (including obesity) prevalence in adults, (using adjusted self-reported height and weight)",,,E92000001,England,England,Persons,18+ yrs,Ethnic groups,White British,2019/20,63.45314,63.18943,63.7189,63.04941,63.87703,,127113.0,,,Worse,Not compared,20190000,,,1y
93088,"Overweight (including obesity) prevalence in adults, (using adjusted self-reported height and weight)",,,E92000001,England,England,Persons,18+ yrs,Ethnic groups,White Other,2019/20,57.60979,56.53907,58.66441,55.85074,59.25614,,8281.0,,,Better,Not compared,20190000,,,1y
93088,"Overweight (including obesity) prevalence in adults, (using adjusted self-reported height and weight)",,,E92000001,England,England,Persons,18+ yrs,Ethnic groups,Asian,2019/20,59.90395,58.64037,61.16589,58.00033,61.89241,,5781.0,,,Better,Not compared,20190000,,,1y
93088,"Overweight (including obesity) prevalence in adults, (using adjusted self-reported height and weight)",,,E92000001,England,England,Persons,18+ yrs,Ethnic groups,Black,2019/20,68.52779,66.35838,70.69509,65.08665,71.90751,,1730.0,,,Worse,Not compared,20190000,,,1y
93088,"Overweight (including obesity) prevalence in adults, (using adjusted self-reported height and weight)",,,E92000001,England,England,Persons,18+ yrs,Ethnic groups,Chinese,2019/20,31.16751,27.95699,34.28913,26.04528,36.20072,,837.0,,,Better,Not compared,20190000,,,1y
93088,"Overweight (including obesity) prevalence in adults, (using adjusted self-reported height and weight)",,,E92000001,England,England,Persons,18+ yrs,Ethnic groups,Mixed,2019/20,59.49522,57.20798,61.76638,56.01128,63.07698,,1755.0,,,Better,Not compared,20190000,,,1y
93088,"Overweight (including obesity) prevalence in adults, (using adjusted self-reported height and weight)",,,E92000001,England,England,Persons,18+ yrs,Ethnic groups,Other,2019/20,61.34728,58.49732,64.22182,56.79785,65.7424,,1118.0,,,Similar,Not compared,20190000,,,1y
93088,"Overweight (including obesity) prevalence in adults, (using adjusted self-reported height and weight)",,,E92000001,England,England,Persons,18+ yrs,LSOA11 deprivation deciles within area (IMD  trend),Most deprived decile,2019/20,68.81162,68.01795,69.60359,67.59162,70.07482,,13370.0,,,Worse,Not compared,20190000,,,1y
93088,"Overweight (including obesity) prevalence in adults, (using adjusted self-reported height and weight)",,,E92000001,England,England,Persons,18+ yrs,LSOA11 deprivation deciles within area (IMD  trend),Second most deprived decile,2019/20,65.67811,64.89284,66.4747,64.419,66.91938,,13718.0,,,Worse,Not compared,20190000,,,1y
93088,"Overweight (including obesity) prevalence in adults, (using adjusted self-reported height and weight)",,,E92000001,England,England,Persons,18+ yrs,LSOA11 deprivation deciles within area (IMD  trend),Third more deprived decile,2019/20,64.14745,63.35213,64.93977,62.85773,65.35062,,14361.0,,,Worse,Not compared,20190000,,,1y
93088,"Overweight (including obesity) prevalence in adults, (using adjusted self-reported height and weight)",,,E92000001,England,England,Persons,18+ yrs,LSOA11 deprivation deciles within area (IMD  trend),Fourth more deprived decile,2019/20,63.50572,62.71326,64.2749,62.16979,64.68768,,14536.0,,,Worse,Not compared,20190000,,,1y
93088,"Overweight (including obesity) prevalence in adults, (using adjusted self-reported height and weight)",,,E92000001,England,England,Persons,18+ yrs,LSOA11 deprivation deciles within area (IMD  trend),Fifth more deprived decile,2019/20,61.94923,61.22914,62.67071,60.8381,63.04425,,17134.0,,,Similar,Not compared,20190000,,,1y
93088,"Overweight (including obesity) prevalence in adults, (using adjusted self-reported height and weight)",,,E92000001,England,England,Persons,18+ yrs,LSOA11 deprivation deciles within area (IMD  trend),Fifth less deprived decile,2019/20,61.74604,60.91525,62.55522,60.46756,62.98011,,13174.0,,,Better,Not compared,20190000,,,1y
93088,"Overweight (including obesity) prevalence in adults, (using adjusted self-reported height and weight)",,,E92000001,England,England,Persons,18+ yrs,LSOA11 deprivation deciles within area (IMD  trend),Fourth less deprived decile,2019/20,62.27902,61.57275,62.98434,61.14412,63.41868,,17498.0,,,Similar,Not compared,20190000,,,1y
93088,"Overweight (including obesity) prevalence in adults, (using adjusted self-reported height and weight)",,,E92000001,England,England,Persons,18+ yrs,LSOA11 deprivation deciles within area (IMD  trend),Third less deprived decile,2019/20,61.27898,60.50369,62.08875,60.0772,62.56942,,14766.0,,,Better,Not compared,20190000,,,1y
93088,"Overweight (including obesity) prevalence in adults, (using adjusted self-reported height and weight)",,,E92000001,England,England,Persons,18+ yrs,LSOA11 deprivation deciles within area (IMD  trend),Second least deprived decile,2019/20,59.73354,58.9549,60.51443,58.4832,60.97245,,14623.0,,,Better,Not compared,20190000,,,1y
93088,"Overweight (including obesity) prevalence in adults, (using adjusted self-reported height and weight)",,,E92000001,England,England,Persons,18+ yrs,LSOA11 deprivation deciles within area (IMD  trend),Least deprived decile,2019/20,55.9731,55.20987,56.73171,54.74348,57.17355,,16296.0,,,Better,Not compared,20190000,,,1y
93088,"Overweight (including obesity) prevalence in adults, (using adjusted self-reported height and weight)",,,E92000001,England,England,Persons,18+ yrs,Level of education,No qualification,2019/20,71.53697,70.32967,72.73954,69.61625,73.49142,,5187.0,,,Worse,Not compared,20190000,,,1y
93088,"Overweight (including obesity) prevalence in adults, (using adjusted self-reported height and weight)",,,E92000001,England,England,Persons,18+ yrs,Level of education,Another type of qualification,2019/20,65.41535,64.03472,66.78662,63.27263,67.61219,,4724.0,,,Worse,Not compared,20190000,,,1y
93088,"Overweight (including obesity) prevalence in adults, (using adjusted self-reported height and weight)",,,E92000001,England,England,Persons,18+ yrs,Level of education,Level 1 and below,2019/20,68.83979,66.43159,71.22708,65.02109,72.49647,,1418.0,,,Worse,Not compared,20190000,,,1y
93088,"Overweight (including obesity) prevalence in adults, (using adjusted self-reported height and weight)",,,E92000001,England,England,Persons,18+ yrs,Level of education,Level 2 and equivalent,2019/20,67.92091,67.19129,68.6283,66.78692,69.06379,,16075.0,,,Worse,Not compared,20190000,,,1y
93088,"Overweight (including obesity) prevalence in adults, (using adjusted self-reported height and weight)",,,E92000001,England,England,Persons,18+ yrs,Level of education,Level 3 and equivalent,2019/20,66.06786,65.34799,66.79487,64.90231,67.21612,,16380.0,,,Worse,Not compared,20190000,,,1y
93088,"Overweight (including obesity) prevalence in adults, (using adjusted self-reported height and weight)",,,E92000001,England,England,Persons,18+ yrs,Level of education,Level 4 and above,2019/20,59.10671,58.70829,59.50014,58.4619,59.72781,,58852.0,,,Better,Not compared,20190000,,,1y
93088,"Overweight (including obesity) prevalence in adults, (using adjusted self-reported height and weight)",,,E92000001,England,England,Persons,18+ yrs,Socioeconomic class,"Managerial, administrative and professional occupations",2019/20,53.43612,53.08199,53.7911,52.87845,53.97889,,76152.0,People aged 75 and over are excluded from NS-SeC (National Statistics Socio-economic Classification) economic activity questions in the Active Lives Adult Survey,,Better,Not compared,20190000,,,1y
93088,"Overweight (including obesity) prevalence in adults, (using adjusted self-reported height and weight)",,,E92000001,England,England,Persons,18+ yrs,Socioeconomic class,Intermediate occupations,2019/20,54.62302,53.81903,55.41987,53.35897,55.85932,,14558.0,People aged 75 and over are excluded from NS-SeC (National Statistics Socio-economic Classification) economic activity questions in the Active Lives Adult Survey,,Better,Not compared,20190000,,,1y
93088,"Overweight (including obesity) prevalence in adults, (using adjusted self-reported height and weight)",,,E92000001,England,England,Persons,18+ yrs,Socioeconomic class,Self-employed and small employers,2019/20,58.28587,57.277,59.2672,56.63397,59.81835,,9798.0,People aged 75 and over are excluded from NS-SeC (National Statistics Socio-economic Classification) economic activity questions in the Active Lives Adult Survey,,Better,Not compared,20190000,,,1y
93088,"Overweight (including obesity) prevalence in adults, (using adjusted self-reported height and weight)",,,E92000001,England,England,Persons,18+ yrs,Socioeconomic class,Lower supervisory and technical occupations,2019/20,62.7018,61.77821,63.62482,61.2506,64.15242,,10235.0,People aged 75 and over are excluded from NS-SeC (National Statistics Socio-economic Classification) economic activity questions in the Active Lives Adult Survey,,Similar,Not compared,20190000,,,1y
93088,"Overweight (including obesity) prevalence in adults, (using adjusted self-reported height and weight)",,,E92000001,England,England,Persons,18+ yrs,Socioeconomic class,Semi-routine and routine occupations,2019/20,60.05114,59.22352,60.88956,58.78627,61.43989,,13265.0,People aged 75 and over are excluded from NS-SeC (National Statistics Socio-economic Classification) economic activity questions in the Active Lives Adult Survey,,Better,Not compared,20190000,,,1y
93088,"Overweight (including obesity) prevalence in adults, (using adjusted self-reported height and weight)",,,E92000001,England,England,Persons,18+ yrs,Socioeconomic class,Long term unemployed or never worked,2019/20,58.04536,56.15883,59.96759,54.94319,60.98055,,2468.0,People aged 75 and over are excluded from NS-SeC (National Statistics Socio-economic Classification) economic activity questions in the Active Lives Adult Survey,,Better,Not compared,20190000,,,1y
93088,"Overweight (including obesity) prevalence in adults, (using adjusted self-reported height and weight)",,,E92000001,England,England,Persons,18+ yrs,Socioeconomic class,Students,2019/20,50.65237,48.95249,52.31632,47.94925,53.29009,,3389.0,People aged 75 and over are excluded from NS-SeC (National Statistics Socio-economic Classification) economic activity questions in the Active Lives Adult Survey,,Better,Not compared,20190000,,,1y
93088,"Overweight (including obesity) prevalence in adults, (using adjusted self-reported height and weight)",,,E92000001,England,England,Persons,18+ yrs,Socioeconomic class,Other/unclassified,2019/20,53.33217,51.78295,54.9354,50.80096,55.7623,,3870.0,People aged 75 and over are excluded from NS-SeC (National Statistics Socio-economic Classification) economic activity questions in the Active Lives Adult Survey,,Better,Not compared,20190000,,,1y
93088,"Overweight (including obesity) prevalence in adults, (using adjusted self-reported height and weight)",,,E92000001,England,England,Persons,18-24 yrs,,,2019/20,37.76085,36.66049,38.88493,36.03305,39.55517,,7013.0,,,Not compared,Not compared,20190000,,,1y
93088,"Overweight (including obesity) prevalence in adults, (using adjusted self-reported height and weight)",E92000001,England,E92000001,England,England,Male,18+ yrs,,,2019/20,68.37107,68.0293,68.71234,67.83953,68.92085,,69545.0,,,Similar,Not compared,20190000,,,1y
93088,"Overweight (including obesity) prevalence in adults, (using adjusted self-reported height and weight)",E92000001,England,E92000001,England,England,Female,18+ yrs,,,2019/20,56.80249,56.46617,57.14304,56.24475,57.33195,,79931.0,,,Similar,Not compared,20190000,,,1y
93088,"Overweight (including obesity) prevalence in adults, (using adjusted self-reported height and weight)",E92000001,England,E92000001,England,England,Persons,85+ yrs,,,2019/20,64.00292,62.13782,65.81832,61.11977,66.83634,,2554.0,,,Similar,Not compared,20190000,,,1y
93088,"Overweight (including obesity) prevalence in adults, (using adjusted self-reported height and weight)",E92000001,England,E92000001,England,England,Persons,25-34 yrs,,,2019/20,54.44854,53.73551,55.15806,53.34036,55.54795,,18980.0,,,Similar,Not compared,20190000,,,1y
93088,"Overweight (including obesity) prevalence in adults, (using adjusted self-reported height and weight)",E92000001,England,E92000001,England,England,Persons,35-44 yrs,,,2019/20,61.64233,61.02788,62.29175,60.67432,62.65854,,22629.0,,,Similar,Not compared,20190000,,,1y
93088,"Overweight (including obesity) prevalence in adults, (using adjusted self-reported height and weight)",E92000001,England,E92000001,England,England,Persons,45-54 yrs,,,2019/20,67.6662,67.08796,68.24587,66.77395,68.54418,,25477.0,,,Similar,Not compared,20190000,,,1y
93088,"Overweight (including obesity) prevalence in adults, (using adjusted self-reported height and weight)",E92000001,England,E92000001,England,England,Persons,55-64 yrs,,,2019/20,71.51393,71.00899,72.00674,70.69182,72.28427,,30268.0,,,Similar,Not compared,20190000,,,1y
93088,"Overweight (including obesity) prevalence in adults, (using adjusted self-reported height and weight)",E92000001,England,E92000001,England,England,Persons,65-74 yrs,,,2019/20,70.98881,70.47126,71.51662,70.11713,71.82988,,29368.0,,,Similar,Not compared,20190000,,,1y
93088,"Overweight (including obesity) prevalence in adults, (using adjusted self-reported height and weight)",E92000001,England,E92000001,England,England,Persons,75-84 yrs,,,2019/20,70.7283,69.96284,71.53276,69.52301,71.91932,,13187.0,,,Similar,Not compared,20190000,,,1y
93088,"Overweight (including obesity) prevalence in adults, (using adjusted self-reported height and weight)",E92000001,England,E92000001,England,England,Persons,18+ yrs,,,2019/20,62.62869,62.38527,62.87633,62.22604,62.99607,,149476.0,,,Similar,Not compared,20190000,,,1y
93088,"Overweight (including obesity) prevalence in adults, (using adjusted self-reported height and weight)",E92000001,England,E92000001,England,England,Persons,18+ yrs,Working status,Inactive,2019/20,63.05713,62.63818,63.47362,62.42687,63.73385,,51111.0,,,Worse,Not compared,20190000,,,1y
93088,"Overweight (including obesity) prevalence in adults, (using adjusted self-reported height and weight)",E92000001,England,E92000001,England,England,Persons,18+ yrs,Working status,Unemployed,2019/20,65.99416,64.61971,67.39427,63.80171,68.21282,,4398.0,,,Worse,Not compared,20190000,,,1y
93088,"Overweight (including obesity) prevalence in adults, (using adjusted self-reported height and weight)",E92000001,England,E92000001,England,England,Persons,18+ yrs,Working status,Working,2019/20,63.67854,63.35595,64.00211,63.17852,64.18313,,83416.0,,,Worse,Not compared,20190000,,,1y
93088,"Overweight (including obesity) prevalence in adults, (using adjusted self-reported height and weight)",E92000001,England,E92000001,England,England,Persons,18+ yrs,Disability,Disabled,2019/20,72.14719,71.59218,72.69878,71.3252,73.0238,,25845.0,,,Worse,Not compared,20190000,,,1y
93088,"Overweight (including obesity) prevalence in adults, (using adjusted self-reported height and weight)",E92000001,England,E92000001,England,England,Persons,18+ yrs,Disability,Not disabled,2019/20,60.70958,60.43341,60.98859,60.27247,61.12909,,117440.0,,,Better,Not compared,20190000,,,1y
93088,"Overweight (including obesity) prevalence in adults, (using adjusted self-reported height and weight)",E92000001,England,E92000001,England,England,Persons,18+ yrs,Ethnic groups,White British,2019/20,63.45314,63.18943,63.7189,63.04941,63.87703,,127113.0,,,Worse,Not compared,20190000,,,1y
93088,"Overweight (including obesity) prevalence in adults, (using adjusted self-reported height and weight)",E92000001,England,E92000001,England,England,Persons,18+ yrs,Ethnic groups,White Other,2019/20,57.60979,56.53907,58.66441,55.85074,59.25614,,8281.0,,,Better,Not compared,20190000,,,1y
93088,"Overweight (including obesity) prevalence in adults, (using adjusted self-reported height and weight)",E92000001,England,E92000001,England,England,Persons,18+ yrs,Ethnic groups,Asian,2019/20,59.90395,58.64037,61.16589,58.00033,61.89241,,5781.0,,,Better,Not compared,20190000,,,1y
93088,"Overweight (including obesity) prevalence in adults, (using adjusted self-reported height and weight)",E92000001,England,E92000001,England,England,Persons,18+ yrs,Ethnic groups,Black,2019/20,68.52779,66.35838,70.69509,65.08665,71.90751,,1730.0,,,Worse,Not compared,20190000,,,1y
93088,"Overweight (including obesity) prevalence in adults, (using adjusted self-reported height and weight)",E92000001,England,E92000001,England,England,Persons,18+ yrs,Ethnic groups,Chinese,2019/20,31.16751,27.95699,34.28913,26.04528,36.20072,,837.0,,,Better,Not compared,20190000,,,1y
93088,"Overweight (including obesity) prevalence in adults, (using adjusted self-reported height and weight)",E92000001,England,E92000001,England,England,Persons,18+ yrs,Ethnic groups,Mixed,2019/20,59.49522,57.20798,61.76638,56.01128,63.07698,,1755.0,,,Better,Not compared,20190000,,,1y
93088,"Overweight (including obesity) prevalence in adults, (using adjusted self-reported height and weight)",E92000001,England,E92000001,England,England,Persons,18+ yrs,Ethnic groups,Other,2019/20,61.34728,58.49732,64.22182,56.79785,65.7424,,1118.0,,,Similar,Not compared,20190000,,,1y
93088,"Overweight (including obesity) prevalence in adults, (using adjusted self-reported height and weight)",E92000001,England,E92000001,England,England,Persons,18+ yrs,LSOA11 deprivation deciles within area (IMD  trend),Most deprived decile,2019/20,68.81162,68.01795,69.60359,67.59162,70.07482,,13370.0,,,Worse,Not compared,20190000,,,1y
93088,"Overweight (including obesity) prevalence in adults, (using adjusted self-reported height and weight)",E92000001,England,E92000001,England,England,Persons,18+ yrs,LSOA11 deprivation deciles within area (IMD  trend),Second most deprived decile,2019/20,65.67811,64.89284,66.4747,64.419,66.91938,,13718.0,,,Worse,Not compared,20190000,,,1y
93088,"Overweight (including obesity) prevalence in adults, (using adjusted self-reported height and weight)",E92000001,England,E92000001,England,England,Persons,18+ yrs,LSOA11 deprivation deciles within area (IMD  trend),Third more deprived decile,2019/20,64.14745,63.35213,64.93977,62.85773,65.35062,,14361.0,,,Worse,Not compared,20190000,,,1y
93088,"Overweight (including obesity) prevalence in adults, (using adjusted self-reported height and weight)",E92000001,England,E92000001,England,England,Persons,18+ yrs,LSOA11 deprivation deciles within area (IMD  trend),Fourth more deprived decile,2019/20,63.50572,62.71326,64.2749,62.16979,64.68768,,14536.0,,,Worse,Not compared,20190000,,,1y
93088,"Overweight (including obesity) prevalence in adults, (using adjusted self-reported height and weight)",E92000001,England,E92000001,England,England,Persons,18+ yrs,LSOA11 deprivation deciles within area (IMD  trend),Fifth more deprived decile,2019/20,61.94923,61.22914,62.67071,60.8381,63.04425,,17134.0,,,Similar,Not compared,20190000,,,1y
93088,"Overweight (including obesity) prevalence in adults, (using adjusted self-reported height and weight)",E92000001,England,E92000001,England,England,Persons,18+ yrs,LSOA11 deprivation deciles within area (IMD  trend),Fifth less deprived decile,2019/20,61.74604,60.91525,62.55522,60.46756,62.98011,,13174.0,,,Better,Not compared,20190000,,,1y
93088,"Overweight (including obesity) prevalence in adults, (using adjusted self-reported height and weight)",E92000001,England,E92000001,England,England,Persons,18+ yrs,LSOA11 deprivation deciles within area (IMD  trend),Fourth less deprived decile,2019/20,62.27902,61.57275,62.98434,61.14412,63.41868,,17498.0,,,Similar,Not compared,20190000,,,1y
93088,"Overweight (including obesity) prevalence in adults, (using adjusted self-reported height and weight)",E92000001,England,E92000001,England,England,Persons,18+ yrs,LSOA11 deprivation deciles within area (IMD  trend),Third less deprived decile,2019/20,61.27898,60.50369,62.08875,60.0772,62.56942,,14766.0,,,Better,Not compared,20190000,,,1y
93088,"Overweight (including obesity) prevalence in adults, (using adjusted self-reported height and weight)",E92000001,England,E92000001,England,England,Persons,18+ yrs,LSOA11 deprivation deciles within area (IMD  trend),Second least deprived decile,2019/20,59.73354,58.9549,60.51443,58.4832,60.97245,,14623.0,,,Better,Not compared,20190000,,,1y
93088,"Overweight (including obesity) prevalence in adults, (using adjusted self-reported height and weight)",E92000001,England,E92000001,England,England,Persons,18+ yrs,LSOA11 deprivation deciles within area (IMD  trend),Least deprived decile,2019/20,55.9731,55.20987,56.73171,54.74348,57.17355,,16296.0,,,Better,Not compared,20190000,,,1y
93088,"Overweight (including obesity) prevalence in adults, (using adjusted self-reported height and weight)",E92000001,England,E92000001,England,England,Persons,18+ yrs,Level of education,No qualification,2019/20,71.53697,70.32967,72.73954,69.61625,73.49142,,5187.0,,,Worse,Not compared,20190000,,,1y
93088,"Overweight (including obesity) prevalence in adults, (using adjusted self-reported height and weight)",E92000001,England,E92000001,England,England,Persons,18+ yrs,Level of education,Another type of qualification,2019/20,65.41535,64.03472,66.78662,63.27263,67.61219,,4724.0,,,Worse,Not compared,20190000,,,1y
93088,"Overweight (including obesity) prevalence in adults, (using adjusted self-reported height and weight)",E92000001,England,E92000001,England,England,Persons,18+ yrs,Level of education,Level 1 and below,2019/20,68.83979,66.43159,71.22708,65.02109,72.49647,,1418.0,,,Worse,Not compared,20190000,,,1y
93088,"Overweight (including obesity) prevalence in adults, (using adjusted self-reported height and weight)",E92000001,England,E92000001,England,England,Persons,18+ yrs,Level of education,Level 2 and equivalent,2019/20,67.92091,67.19129,68.6283,66.78692,69.06379,,16075.0,,,Worse,Not compared,20190000,,,1y
93088,"Overweight (including obesity) prevalence in adults, (using adjusted self-reported height and weight)",E92000001,England,E92000001,England,England,Persons,18+ yrs,Level of education,Level 3 and equivalent,2019/20,66.06786,65.34799,66.79487,64.90231,67.21612,,16380.0,,,Worse,Not compared,20190000,,,1y
93088,"Overweight (including obesity) prevalence in adults, (using adjusted self-reported height and weight)",E92000001,England,E92000001,England,England,Persons,18+ yrs,Level of education,Level 4 and above,2019/20,59.10671,58.70829,59.50014,58.4619,59.72781,,58852.0,,,Better,Not compared,20190000,,,1y
93088,"Overweight (including obesity) prevalence in adults, (using adjusted self-reported height and weight)",E92000001,England,E92000001,England,England,Persons,18+ yrs,Socioeconomic class,"Managerial, administrative and professional occupations",2019/20,53.43612,53.08199,53.7911,52.87845,53.97889,,76152.0,People aged 75 and over are excluded from NS-SeC (National Statistics Socio-economic Classification) economic activity questions in the Active Lives Adult Survey,,Better,Not compared,20190000,,,1y
93088,"Overweight (including obesity) prevalence in adults, (using adjusted self-reported height and weight)",E92000001,England,E92000001,England,England,Persons,18+ yrs,Socioeconomic class,Intermediate occupations,2019/20,54.62302,53.81903,55.41987,53.35897,55.85932,,14558.0,People aged 75 and over are excluded from NS-SeC (National Statistics Socio-economic Classification) economic activity questions in the Active Lives Adult Survey,,Better,Not compared,20190000,,,1y
93088,"Overweight (including obesity) prevalence in adults, (using adjusted self-reported height and weight)",E92000001,England,E92000001,England,England,Persons,18+ yrs,Socioeconomic class,Self-employed and small employers,2019/20,58.28587,57.277,59.2672,56.63397,59.81835,,9798.0,People aged 75 and over are excluded from NS-SeC (National Statistics Socio-economic Classification) economic activity questions in the Active Lives Adult Survey,,Better,Not compared,20190000,,,1y
93088,"Overweight (including obesity) prevalence in adults, (using adjusted self-reported height and weight)",E92000001,England,E92000001,England,England,Persons,18+ yrs,Socioeconomic class,Lower supervisory and technical occupations,2019/20,62.7018,61.77821,63.62482,61.2506,64.15242,,10235.0,People aged 75 and over are excluded from NS-SeC (National Statistics Socio-economic Classification) economic activity questions in the Active Lives Adult Survey,,Similar,Not compared,20190000,,,1y
93088,"Overweight (including obesity) prevalence in adults, (using adjusted self-reported height and weight)",E92000001,England,E92000001,England,England,Persons,18+ yrs,Socioeconomic class,Semi-routine and routine occupations,2019/20,60.05114,59.22352,60.88956,58.78627,61.43989,,13265.0,People aged 75 and over are excluded from NS-SeC (National Statistics Socio-economic Classification) economic activity questions in the Active Lives Adult Survey,,Better,Not compared,20190000,,,1y
93088,"Overweight (including obesity) prevalence in adults, (using adjusted self-reported height and weight)",E92000001,England,E92000001,England,England,Persons,18+ yrs,Socioeconomic class,Long term unemployed or never worked,2019/20,58.04536,56.15883,59.96759,54.94319,60.98055,,2468.0,People aged 75 and over are excluded from NS-SeC (National Statistics Socio-economic Classification) economic activity questions in the Active Lives Adult Survey,,Better,Not compared,20190000,,,1y
93088,"Overweight (including obesity) prevalence in adults, (using adjusted self-reported height and weight)",E92000001,England,E92000001,England,England,Persons,18+ yrs,Socioeconomic class,Students,2019/20,50.65237,48.95249,52.31632,47.94925,53.29009,,3389.0,People aged 75 and over are excluded from NS-SeC (National Statistics Socio-economic Classification) economic activity questions in the Active Lives Adult Survey,,Better,Not compared,20190000,,,1y
93088,"Overweight (including obesity) prevalence in adults, (using adjusted self-reported height and weight)",E92000001,England,E92000001,England,England,Persons,18+ yrs,Socioeconomic class,Other/unclassified,2019/20,53.33217,51.78295,54.9354,50.80096,55.7623,,3870.0,People aged 75 and over are excluded from NS-SeC (National Statistics Socio-economic Classification) economic activity questions in the Active Lives Adult Survey,,Better,Not compared,20190000,,,1y
93088,"Overweight (including obesity) prevalence in adults, (using adjusted self-reported height and weight)",E92000001,England,E92000001,England,England,Persons,18-24 yrs,,,2019/20,37.76085,36.66049,38.88493,36.03305,39.55517,,7013.0,,,Similar,Not compared,20190000,,,1y
93088,"Overweight (including obesity) prevalence in adults, (using adjusted self-reported height and weight)",E92000001,England,E06000001,Hartlepool,Counties & UAs (from Apr 2023),Persons,18+ yrs,,,2019/20,72.45591,68.18182,76.55502,65.07177,78.94737,,418.0,,,Worse,Not compared,20190000,,,1y
93088,"Overweight (including obesity) prevalence in adults, (using adjusted self-reported height and weight)",E92000001,England,E06000002,Middlesbrough,Counties & UAs (from Apr 2023),Persons,18+ yrs,,,2019/20,69.95033,65.45894,74.39614,63.04348,76.3285,,414.0,,,Worse,Not compared,20190000,,,1y
93088,"Overweight (including obesity) prevalence in adults, (using adjusted self-reported height and weight)",E92000001,England,E06000003,Redcar and Cleveland,Counties & UAs (from Apr 2023),Persons,18+ yrs,,,2019/20,72.53378,68.43318,76.72811,65.89862,79.26267,,434.0,,,Worse,Not compared,20190000,,,1y
93088,"Overweight (including obesity) prevalence in adults, (using adjusted self-reported height and weight)",E92000001,England,E06000004,Stockton-on-Tees,Counties & UAs (from Apr 2023),Persons,18+ yrs,,,2019/20,66.65342,62.23278,71.02138,59.61971,73.39691,,421.0,,,Similar,Not compared,20190000,,,1y
93088,"Overweight (including obesity) prevalence in adults, (using adjusted self-reported height and weight)",E92000001,England,E06000005,Darlington,Counties & UAs (from Apr 2023),Persons,18+ yrs,,,2019/20,65.42524,60.93023,70.0,58.60465,72.7907,,430.0,,,Similar,Not compared,20190000,,,1y
93088,"Overweight (including obesity) prevalence in adults, (using adjusted self-reported height and weight)",E92000001,England,E06000006,Halton,Counties & UAs (from Apr 2023),Persons,18+ yrs,,,2019/20,76.87228,72.94118,80.70588,70.58824,82.82353,,425.0,,,Worse,Not compared,20190000,,,1y
93088,"Overweight (including obesity) prevalence in adults, (using adjusted self-reported height and weight)",E92000001,England,E06000007,Warrington,Counties & UAs (from Apr 2023),Persons,18+ yrs,,,2019/20,62.97969,58.05627,67.77494,55.49872,70.33248,,391.0,,,Similar,Not compared,20190000,,,1y
93088,"Overweight (including obesity) prevalence in adults, (using adjusted self-reported height and weight)",E92000001,England,E06000008,Blackburn with Darwen,Counties & UAs (from Apr 2023),Persons,18+ yrs,,,2019/20,65.30481,60.51948,70.12987,57.66234,72.72727,,385.0,,,Similar,Not compared,20190000,,,1y
93088,"Overweight (including obesity) prevalence in adults, (using adjusted self-reported height and weight)",E92000001,England,E06000009,Blackpool,Counties & UAs (from Apr 2023),Persons,18+ yrs,,,2019/20,71.87924,67.6815,76.11241,65.33934,78.22014,,427.0,,,Worse,Not compared,20190000,,,1y
93088,"Overweight (including obesity) prevalence in adults, (using adjusted self-reported height and weight)",E92000001,England,E06000010,Kingston upon Hull,Counties & UAs (from Apr 2023),Persons,18+ yrs,,,2019/20,64.12695,59.51807,68.6747,56.3853,71.32554,,415.0,,,Similar,Not compared,20190000,,,1y
93088,"Overweight (including obesity) prevalence in adults, (using adjusted self-reported height and weight)",E92000001,England,E06000011,East Riding of Yorkshire,Counties & UAs (from Apr 2023),Persons,18+ yrs,,,2019/20,63.84467,59.18854,68.49642,56.32458,71.12196,,419.0,,,Similar,Not compared,20190000,,,1y
93088,"Overweight (including obesity) prevalence in adults, (using adjusted self-reported height and weight)",E92000001,England,E06000012,North East Lincolnshire,Counties & UAs (from Apr 2023),Persons,18+ yrs,,,2019/20,73.62965,69.37654,77.77778,66.41975,79.75333,,405.0,,,Worse,Not compared,20190000,,,1y
93088,"Overweight (including obesity) prevalence in adults, (using adjusted self-reported height and weight)",E92000001,England,E06000013,North Lincolnshire,Counties & UAs (from Apr 2023),Persons,18+ yrs,,,2019/20,70.75058,66.34845,75.179,63.96181,77.32697,,419.0,,,Worse,Not compared,20190000,,,1y
93088,"Overweight (including obesity) prevalence in adults, (using adjusted self-reported height and weight)",E92000001,England,E06000014,York,Counties & UAs (from Apr 2023),Persons,18+ yrs,,,2019/20,62.15187,57.38095,66.90476,54.7619,69.04786,,420.0,,,Similar,Not compared,20190000,,,1y
93088,"Overweight (including obesity) prevalence in adults, (using adjusted self-reported height and weight)",E92000001,England,E06000015,Derby,Counties & UAs (from Apr 2023),Persons,18+ yrs,,,2019/20,62.37618,57.54476,67.00767,54.73146,70.33274,,391.0,,,Similar,Not compared,20190000,,,1y
93088,"Overweight (including obesity) prevalence in adults, (using adjusted self-reported height and weight)",E92000001,England,E06000016,Leicester,Counties & UAs (from Apr 2023),Persons,18+ yrs,,,2019/20,65.96436,61.29032,70.69892,57.7957,73.925,,372.0,,,Similar,Not compared,20190000,,,1y
93088,"Overweight (including obesity) prevalence in adults, (using adjusted self-reported height and weight)",E92000001,England,E06000017,Rutland,Counties & UAs (from Apr 2023),Persons,18+ yrs,,,2019/20,66.50284,62.00466,70.86247,58.97436,73.42657,,429.0,,,Similar,Not compared,20190000,,,1y
93088,"Overweight (including obesity) prevalence in adults, (using adjusted self-reported height and weight)",E92000001,England,E06000018,Nottingham,Counties & UAs (from Apr 2023),Persons,18+ yrs,,,2019/20,66.80349,64.4623,69.03585,63.1644,70.2102,,1618.0,,,Worse,Not compared,20190000,,,1y
93088,"Overweight (including obesity) prevalence in adults, (using adjusted self-reported height and weight)",E92000001,England,E06000019,Herefordshire,Counties & UAs (from Apr 2023),Persons,18+ yrs,,,2019/20,60.6149,56.02837,65.01182,53.19149,67.37589,,423.0,,,Similar,Not compared,20190000,,,1y
93088,"Overweight (including obesity) prevalence in adults, (using adjusted self-reported height and weight)",E92000001,England,E06000020,Telford and Wrekin,Counties & UAs (from Apr 2023),Persons,18+ yrs,,,2019/20,71.8337,67.33668,76.13065,64.57286,78.89447,,398.0,,,Worse,Not compared,20190000,,,1y
93088,"Overweight (including obesity) prevalence in adults, (using adjusted self-reported height and weight)",E92000001,England,E06000021,Stoke-on-Trent,Counties & UAs (from Apr 2023),Persons,18+ yrs,,,2019/20,76.292,72.06573,80.28169,69.95305,82.39437,,426.0,,,Worse,Not compared,20190000,,,1y
93088,"Overweight (including obesity) prevalence in adults, (using adjusted self-reported height and weight)",E92000001,England,E06000022,Bath and North East Somerset,Counties & UAs (from Apr 2023),Persons,18+ yrs,,,2019/20,56.869,52.12528,61.52125,49.88814,63.98233,,447.0,,,Better,Not compared,20190000,,,1y
93088,"Overweight (including obesity) prevalence in adults, (using adjusted self-reported height and weight)",E92000001,England,E06000023,Bristol,Counties & UAs (from Apr 2023),Persons,18+ yrs,,,2019/20,56.98824,54.63952,59.36953,53.23987,60.47869,,1713.0,,,Better,Not compared,20190000,,,1y
93088,"Overweight (including obesity) prevalence in adults, (using adjusted self-reported height and weight)",E92000001,England,E06000024,North Somerset,Counties & UAs (from Apr 2023),Persons,18+ yrs,,,2019/20,62.20626,57.41627,66.74641,54.54522,69.61722,,418.0,,,Similar,Not compared,20190000,,,1y
93088,"Overweight (including obesity) prevalence in adults, (using adjusted self-reported height and weight)",E92000001,England,E06000025,South Gloucestershire,Counties & UAs (from Apr 2023),Persons,18+ yrs,,,2019/20,67.76088,63.36406,72.11982,60.82949,74.42396,,434.0,,,Worse,Not compared,20190000,,,1y
93088,"Overweight (including obesity) prevalence in adults, (using adjusted self-reported height and weight)",E92000001,England,E06000026,Plymouth,Counties & UAs (from Apr 2023),Persons,18+ yrs,,,2019/20,67.54532,62.98851,71.95402,60.45977,74.71287,,435.0,,,Worse,Not compared,20190000,,,1y
93088,"Overweight (including obesity) prevalence in adults, (using adjusted self-reported height and weight)",E92000001,England,E06000027,Torbay,Counties & UAs (from Apr 2023),Persons,18+ yrs,,,2019/20,65.46331,60.83744,70.19704,57.63522,72.9064,,406.0,,,Similar,Not compared,20190000,,,1y
93088,"Overweight (including obesity) prevalence in adults, (using adjusted self-reported height and weight)",E92000001,England,E06000030,Swindon,Counties & UAs (from Apr 2023),Persons,18+ yrs,,,2019/20,66.29402,61.68675,70.84337,59.27711,73.25325,,415.0,,,Similar,Not compared,20190000,,,1y
93088,"Overweight (including obesity) prevalence in adults, (using adjusted self-reported height and weight)",E92000001,England,E06000031,Peterborough,Counties & UAs (from Apr 2023),Persons,18+ yrs,,,2019/20,59.4041,54.6798,64.28571,51.72414,66.74877,,406.0,,,Similar,Not compared,20190000,,,1y
93088,"Overweight (including obesity) prevalence in adults, (using adjusted self-reported height and weight)",E92000001,England,E06000032,Luton,Counties & UAs (from Apr 2023),Persons,18+ yrs,,,2019/20,71.3222,66.75532,75.79787,63.82979,78.19149,,376.0,,,Worse,Not compared,20190000,,,1y
93088,"Overweight (including obesity) prevalence in adults, (using adjusted self-reported height and weight)",E92000001,England,E06000033,Southend-on-Sea,Counties & UAs (from Apr 2023),Persons,18+ yrs,,,2019/20,63.8622,59.26829,68.53659,56.82902,71.21951,,410.0,,,Similar,Not compared,20190000,,,1y
93088,"Overweight (including obesity) prevalence in adults, (using adjusted self-reported height and weight)",E92000001,England,E06000034,Thurrock,Counties & UAs (from Apr 2023),Persons,18+ yrs,,,2019/20,69.17861,64.95327,73.36449,62.14953,75.70093,,428.0,,,Worse,Not compared,20190000,,,1y
93088,"Overweight (including obesity) prevalence in adults, (using adjusted self-reported height and weight)",E92000001,England,E06000035,Medway,Counties & UAs (from Apr 2023),Persons,18+ yrs,,,2019/20,69.04493,64.37346,73.46437,62.16216,75.67568,,407.0,,,Worse,Not compared,20190000,,,1y
93088,"Overweight (including obesity) prevalence in adults, (using adjusted self-reported height and weight)",E92000001,England,E06000036,Bracknell Forest,Counties & UAs (from Apr 2023),Persons,18+ yrs,,,2019/20,64.90358,60.33254,69.35867,57.48219,71.73397,,421.0,,,Similar,Not compared,20190000,,,1y
93088,"Overweight (including obesity) prevalence in adults, (using adjusted self-reported height and weight)",E92000001,England,E06000037,West Berkshire,Counties & UAs (from Apr 2023),Persons,18+ yrs,,,2019/20,57.77391,53.03738,62.61682,49.76612,64.95327,,428.0,,,Better,Not compared,20190000,,,1y
93088,"Overweight (including obesity) prevalence in adults, (using adjusted self-reported height and weight)",E92000001,England,E06000038,Reading,Counties & UAs (from Apr 2023),Persons,18+ yrs,,,2019/20,61.57235,56.65025,66.25616,53.94089,68.71921,,406.0,,,Similar,Not compared,20190000,,,1y
93088,"Overweight (including obesity) prevalence in adults, (using adjusted self-reported height and weight)",E92000001,England,E06000039,Slough,Counties & UAs (from Apr 2023),Persons,18+ yrs,,,2019/20,58.68847,53.70844,63.68286,50.89488,66.49642,,391.0,,,Similar,Not compared,20190000,,,1y
93088,"Overweight (including obesity) prevalence in adults, (using adjusted self-reported height and weight)",E92000001,England,E06000040,Windsor and Maidenhead,Counties & UAs (from Apr 2023),Persons,18+ yrs,,,2019/20,62.34955,57.92812,66.59619,55.60254,69.13319,,473.0,,,Similar,Not compared,20190000,,,1y
93088,"Overweight (including obesity) prevalence in adults, (using adjusted self-reported height and weight)",E92000001,England,E06000041,Wokingham,Counties & UAs (from Apr 2023),Persons,18+ yrs,,,2019/20,57.76927,53.22383,62.3608,50.33408,64.81069,,449.0,,,Better,Not compared,20190000,,,1y
93088,"Overweight (including obesity) prevalence in adults, (using adjusted self-reported height and weight)",E92000001,England,E06000042,Milton Keynes,Counties & UAs (from Apr 2023),Persons,18+ yrs,,,2019/20,63.43004,58.88078,67.88321,56.20438,70.80292,,411.0,,,Similar,Not compared,20190000,,,1y
93088,"Overweight (including obesity) prevalence in adults, (using adjusted self-reported height and weight)",E92000001,England,E06000043,Brighton and Hove,Counties & UAs (from Apr 2023),Persons,18+ yrs,,,2019/20,49.86494,45.0,54.7619,42.14286,57.1431,,420.0,,,Better,Not compared,20190000,,,1y
93088,"Overweight (including obesity) prevalence in adults, (using adjusted self-reported height and weight)",E92000001,England,E06000044,Portsmouth,Counties & UAs (from Apr 2023),Persons,18+ yrs,,,2019/20,66.09891,61.40777,70.63107,58.49515,73.05825,,412.0,,,Similar,Not compared,20190000,,,1y
93088,"Overweight (including obesity) prevalence in adults, (using adjusted self-reported height and weight)",E92000001,England,E06000045,Southampton,Counties & UAs (from Apr 2023),Persons,18+ yrs,,,2019/20,57.90891,53.04569,62.69036,50.0,65.48223,,394.0,,,Similar,Not compared,20190000,,,1y
93088,"Overweight (including obesity) prevalence in adults, (using adjusted self-reported height and weight)",E92000001,England,E06000046,Isle of Wight,Counties & UAs (from Apr 2023),Persons,18+ yrs,,,2019/20,62.61941,58.15603,67.13948,55.31915,69.50378,,423.0,,,Similar,Not compared,20190000,,,1y
93088,"Overweight (including obesity) prevalence in adults, (using adjusted self-reported height and weight)",E92000001,England,E06000047,County Durham,Counties & UAs (from Apr 2023),Persons,18+ yrs,,,2019/20,63.21184,58.55422,67.95181,55.66265,70.60265,,415.0,,,Similar,Not compared,20190000,,,1y
93088,"Overweight (including obesity) prevalence in adults, (using adjusted self-reported height and weight)",E92000001,England,E06000049,Cheshire East,Counties & UAs (from Apr 2023),Persons,18+ yrs,,,2019/20,68.67694,64.25234,73.13084,61.21495,75.23364,,428.0,,,Worse,Not compared,20190000,,,1y
93088,"Overweight (including obesity) prevalence in adults, (using adjusted self-reported height and weight)",E92000001,England,E06000050,Cheshire West and Chester,Counties & UAs (from Apr 2023),Persons,18+ yrs,,,2019/20,69.83119,65.47619,74.28571,63.09524,76.90476,,420.0,,,Worse,Not compared,20190000,,,1y
93088,"Overweight (including obesity) prevalence in adults, (using adjusted self-reported height and weight)",E92000001,England,E06000051,Shropshire,Counties & UAs (from Apr 2023),Persons,18+ yrs,,,2019/20,64.97237,60.54422,69.38776,57.82313,71.4288,,441.0,,,Similar,Not compared,20190000,,,1y
93088,"Overweight (including obesity) prevalence in adults, (using adjusted self-reported height and weight)",E92000001,England,E06000052,Cornwall,Counties & UAs (from Apr 2023),Persons,18+ yrs,,,2019/20,63.30961,58.57143,67.85714,55.95214,70.47619,,420.0,,,Similar,Not compared,20190000,,,1y
93088,"Overweight (including obesity) prevalence in adults, (using adjusted self-reported height and weight)",E92000001,England,E06000053,Isles of Scilly,Counties & UAs (from Apr 2023),Persons,18+ yrs,,,2019/20,54.01831,46.58385,62.1118,41.61491,66.45963,,161.0,,,Better,Not compared,20190000,,,1y
93088,"Overweight (including obesity) prevalence in adults, (using adjusted self-reported height and weight)",E92000001,England,E06000054,Wiltshire,Counties & UAs (from Apr 2023),Persons,18+ yrs,,,2019/20,63.38778,58.64486,67.75701,55.84065,70.56075,,428.0,,,Similar,Not compared,20190000,,,1y
93088,"Overweight (including obesity) prevalence in adults, (using adjusted self-reported height and weight)",E92000001,England,E06000055,Bedford,Counties & UAs (from Apr 2023),Persons,18+ yrs,,,2019/20,62.24323,57.55396,66.66667,55.15564,69.54436,,417.0,,,Similar,Not compared,20190000,,,1y
93088,"Overweight (including obesity) prevalence in adults, (using adjusted self-reported height and weight)",E92000001,England,E06000056,Central Bedfordshire,Counties & UAs (from Apr 2023),Persons,18+ yrs,,,2019/20,58.0156,53.47222,62.96296,50.92593,65.50926,,432.0,,,Similar,Not compared,20190000,,,1y
93088,"Overweight (including obesity) prevalence in adults, (using adjusted self-reported height and weight)",E92000001,England,E06000057,Northumberland,Counties & UAs (from Apr 2023),Persons,18+ yrs,,,2019/20,70.46547,66.10577,74.75962,63.4613,77.40385,,416.0,,,Worse,Not compared,20190000,,,1y
93088,"Overweight (including obesity) prevalence in adults, (using adjusted self-reported height and weight)",E92000001,England,E06000058,"Bournemouth, Christchurch and Poole",Counties & UAs (from Apr 2023),Persons,18+ yrs,,,2019/20,60.20078,55.41872,65.02463,52.70936,67.48793,,406.0,,,Similar,Not compared,20190000,,,1y
93088,"Overweight (including obesity) prevalence in adults, (using adjusted self-reported height and weight)",E92000001,England,E06000059,Dorset,Counties & UAs (from Apr 2023),Persons,18+ yrs,,,2019/20,66.34945,61.61369,70.90465,59.1687,73.59413,,409.0,,,Similar,Not compared,20190000,,,1y
93088,"Overweight (including obesity) prevalence in adults, (using adjusted self-reported height and weight)",E92000001,England,E06000060,Buckinghamshire UA,Counties & UAs (from Apr 2023),Persons,18+ yrs,,,2019/20,62.63668,60.33584,64.91025,59.1198,66.24204,,1727.0,,,Similar,Not compared,20190000,,,1y
93088,"Overweight (including obesity) prevalence in adults, (using adjusted self-reported height and weight)",E92000001,England,E06000061,North Northamptonshire,Counties & UAs (from Apr 2023),Persons,18+ yrs,,,2019/20,68.161,65.90629,70.40691,64.61159,71.63995,,1622.0,,,Worse,Not compared,20190000,,,1y
93088,"Overweight (including obesity) prevalence in adults, (using adjusted self-reported height and weight)",E92000001,England,E06000062,West Northamptonshire,Counties & UAs (from Apr 2023),Persons,18+ yrs,,,2019/20,63.39591,60.71429,66.1526,59.25325,67.61372,,1232.0,,,Similar,Not compared,20190000,,,1y
93088,"Overweight (including obesity) prevalence in adults, (using adjusted self-reported height and weight)",E92000001,England,E06000063,Cumberland,Counties & UAs (from Apr 2023),Persons,18+ yrs,,,2019/20,62.47799,59.69429,65.16492,58.16573,66.61303,,1243.0,,,Similar,Not compared,20190000,,,1y
93088,"Overweight (including obesity) prevalence in adults, (using adjusted self-reported height and weight)",E92000001,England,E06000064,Westmorland and Furness,Counties & UAs (from Apr 2023),Persons,18+ yrs,,,2019/20,59.00617,56.26911,61.6208,54.66361,63.2263,,1308.0,,,Better,Not compared,20190000,,,1y
93088,"Overweight (including obesity) prevalence in adults, (using adjusted self-reported height and weight)",E92000001,England,E06000065,North Yorkshire UA,Counties & UAs (from Apr 2023),Persons,18+ yrs,,,2019/20,61.31079,59.59236,63.02168,58.7188,63.99227,,3091.0,,,Similar,Not compared,20190000,,,1y
93088,"Overweight (including obesity) prevalence in adults, (using adjusted self-reported height and weight)",E92000001,England,E06000066,Somerset UA,Counties & UAs (from Apr 2023),Persons,18+ yrs,,,2019/20,61.78649,59.44478,64.09173,57.99638,65.54019,,1657.0,,,Similar,Not compared,20190000,,,1y
93088,"Overweight (including obesity) prevalence in adults, (using adjusted self-reported height and weight)",E92000001,England,E08000001,Bolton,Counties & UAs (from Apr 2023),Persons,18+ yrs,,,2019/20,67.75134,64.42186,71.02922,62.64282,72.80813,,787.0,,,Worse,Not compared,20190000,,,1y
93088,"Overweight (including obesity) prevalence in adults, (using adjusted self-reported height and weight)",E92000001,England,E08000002,Bury,Counties & UAs (from Apr 2023),Persons,18+ yrs,,,2019/20,62.69675,59.43728,66.00234,57.32708,67.76096,,853.0,,,Similar,Not compared,20190000,,,1y
93088,"Overweight (including obesity) prevalence in adults, (using adjusted self-reported height and weight)",E92000001,England,E08000003,Manchester,Counties & UAs (from Apr 2023),Persons,18+ yrs,,,2019/20,60.98296,58.59173,63.43669,57.29968,64.79335,,1548.0,,,Similar,Not compared,20190000,,,1y
93088,"Overweight (including obesity) prevalence in adults, (using adjusted self-reported height and weight)",E92000001,England,E08000004,Oldham,Counties & UAs (from Apr 2023),Persons,18+ yrs,,,2019/20,69.08048,65.8377,72.3822,63.87421,74.21466,,764.0,,,Worse,Not compared,20190000,,,1y
93088,"Overweight (including obesity) prevalence in adults, (using adjusted self-reported height and weight)",E92000001,England,E08000005,Rochdale,Counties & UAs (from Apr 2023),Persons,18+ yrs,,,2019/20,70.20419,67.00508,73.35025,64.97449,74.87322,,788.0,,,Worse,Not compared,20190000,,,1y
93088,"Overweight (including obesity) prevalence in adults, (using adjusted self-reported height and weight)",E92000001,England,E08000006,Salford,Counties & UAs (from Apr 2023),Persons,18+ yrs,,,2019/20,65.27479,62.0776,68.58573,60.32528,70.33792,,799.0,,,Similar,Not compared,20190000,,,1y
93088,"Overweight (including obesity) prevalence in adults, (using adjusted self-reported height and weight)",E92000001,England,E08000007,Stockport,Counties & UAs (from Apr 2023),Persons,18+ yrs,,,2019/20,64.28746,60.9697,67.51515,59.15152,69.45455,,825.0,,,Similar,Not compared,20190000,,,1y
93088,"Overweight (including obesity) prevalence in adults, (using adjusted self-reported height and weight)",E92000001,England,E08000008,Tameside,Counties & UAs (from Apr 2023),Persons,18+ yrs,,,2019/20,70.69883,67.58045,73.77831,65.79261,75.44696,,839.0,,,Worse,Not compared,20190000,,,1y
93088,"Overweight (including obesity) prevalence in adults, (using adjusted self-reported height and weight)",E92000001,England,E08000009,Trafford,Counties & UAs (from Apr 2023),Persons,18+ yrs,,,2019/20,59.12222,55.74913,62.36934,54.00685,63.99547,,861.0,,,Better,Not compared,20190000,,,1y
93088,"Overweight (including obesity) prevalence in adults, (using adjusted self-reported height and weight)",E92000001,England,E08000010,Wigan,Counties & UAs (from Apr 2023),Persons,18+ yrs,,,2019/20,72.42649,69.49352,75.3828,67.84452,77.03192,,849.0,,,Worse,Not compared,20190000,,,1y
93088,"Overweight (including obesity) prevalence in adults, (using adjusted self-reported height and weight)",E92000001,England,E08000011,Knowsley,Counties & UAs (from Apr 2023),Persons,18+ yrs,,,2019/20,64.91624,60.15424,69.66581,57.06941,72.2365,,389.0,,,Similar,Not compared,20190000,,,1y
93088,"Overweight (including obesity) prevalence in adults, (using adjusted self-reported height and weight)",E92000001,England,E08000012,Liverpool,Counties & UAs (from Apr 2023),Persons,18+ yrs,,,2019/20,64.10958,61.72914,66.38452,60.51995,67.77515,,1654.0,,,Similar,Not compared,20190000,,,1y
93088,"Overweight (including obesity) prevalence in adults, (using adjusted self-reported height and weight)",E92000001,England,E08000013,St. Helens,Counties & UAs (from Apr 2023),Persons,18+ yrs,,,2019/20,65.04166,60.33254,69.5962,57.71948,71.97173,,421.0,,,Similar,Not compared,20190000,,,1y
93088,"Overweight (including obesity) prevalence in adults, (using adjusted self-reported height and weight)",E92000001,England,E08000014,Sefton,Counties & UAs (from Apr 2023),Persons,18+ yrs,,,2019/20,66.29642,61.79245,70.75472,59.19811,73.11321,,424.0,,,Similar,Not compared,20190000,,,1y
93088,"Overweight (including obesity) prevalence in adults, (using adjusted self-reported height and weight)",E92000001,England,E08000015,Wirral,Counties & UAs (from Apr 2023),Persons,18+ yrs,,,2019/20,67.72195,63.31096,72.03579,60.85011,74.27315,,447.0,,,Worse,Not compared,20190000,,,1y
93088,"Overweight (including obesity) prevalence in adults, (using adjusted self-reported height and weight)",E92000001,England,E08000016,Barnsley,Counties & UAs (from Apr 2023),Persons,18+ yrs,,,2019/20,73.17643,68.78049,77.31707,66.58537,79.5122,,410.0,,,Worse,Not compared,20190000,,,1y
93088,"Overweight (including obesity) prevalence in adults, (using adjusted self-reported height and weight)",E92000001,England,E08000017,Doncaster,Counties & UAs (from Apr 2023),Persons,18+ yrs,,,2019/20,69.12233,67.43375,70.7819,66.56203,71.75739,,2868.0,,,Worse,Not compared,20190000,,,1y
93088,"Overweight (including obesity) prevalence in adults, (using adjusted self-reported height and weight)",E92000001,England,E08000018,Rotherham,Counties & UAs (from Apr 2023),Persons,18+ yrs,,,2019/20,73.04808,68.9038,77.18121,66.44295,79.19463,,447.0,,,Worse,Not compared,20190000,,,1y
93088,"Overweight (including obesity) prevalence in adults, (using adjusted self-reported height and weight)",E92000001,England,E08000019,Sheffield,Counties & UAs (from Apr 2023),Persons,18+ yrs,,,2019/20,61.62366,59.2818,63.90901,57.94279,65.12483,,1643.0,,,Similar,Not compared,20190000,,,1y
93088,"Overweight (including obesity) prevalence in adults, (using adjusted self-reported height and weight)",E92000001,England,E08000021,Newcastle upon Tyne,Counties & UAs (from Apr 2023),Persons,18+ yrs,,,2019/20,60.15499,57.8356,62.44826,56.53459,63.69018,,1691.0,,,Better,Not compared,20190000,,,1y
93088,"Overweight (including obesity) prevalence in adults, (using adjusted self-reported height and weight)",E92000001,England,E08000022,North Tyneside,Counties & UAs (from Apr 2023),Persons,18+ yrs,,,2019/20,65.33409,61.00917,69.72477,58.71537,72.24771,,436.0,,,Similar,Not compared,20190000,,,1y
93088,"Overweight (including obesity) prevalence in adults, (using adjusted self-reported height and weight)",E92000001,England,E08000023,South Tyneside,Counties & UAs (from Apr 2023),Persons,18+ yrs,,,2019/20,71.58011,67.14976,75.84541,64.49275,78.01932,,414.0,,,Worse,Not compared,20190000,,,1y
93088,"Overweight (including obesity) prevalence in adults, (using adjusted self-reported height and weight)",E92000001,England,E08000024,Sunderland,Counties & UAs (from Apr 2023),Persons,18+ yrs,,,2019/20,72.44443,67.90123,76.54321,65.18519,79.01235,,405.0,,,Worse,Not compared,20190000,,,1y
93088,"Overweight (including obesity) prevalence in adults, (using adjusted self-reported height and weight)",E92000001,England,E08000025,Birmingham,Counties & UAs (from Apr 2023),Persons,18+ yrs,,,2019/20,65.74506,63.34661,68.19389,62.01853,69.45558,,1506.0,,,Worse,Not compared,20190000,,,1y
93088,"Overweight (including obesity) prevalence in adults, (using adjusted self-reported height and weight)",E92000001,England,E08000026,Coventry,Counties & UAs (from Apr 2023),Persons,18+ yrs,,,2019/20,65.67034,61.09785,70.16706,58.47255,72.5537,,419.0,,,Similar,Not compared,20190000,,,1y
93088,"Overweight (including obesity) prevalence in adults, (using adjusted self-reported height and weight)",E92000001,England,E08000027,Dudley,Counties & UAs (from Apr 2023),Persons,18+ yrs,,,2019/20,73.20628,68.88889,77.53086,66.41975,79.75309,,405.0,,,Worse,Not compared,20190000,,,1y
93088,"Overweight (including obesity) prevalence in adults, (using adjusted self-reported height and weight)",E92000001,England,E08000028,Sandwell,Counties & UAs (from Apr 2023),Persons,18+ yrs,,,2019/20,76.56512,72.2365,80.71979,69.92288,83.03342,,389.0,,,Worse,Not compared,20190000,,,1y
93088,"Overweight (including obesity) prevalence in adults, (using adjusted self-reported height and weight)",E92000001,England,E08000029,Solihull,Counties & UAs (from Apr 2023),Persons,18+ yrs,,,2019/20,69.31409,65.12702,73.67206,63.0485,75.98152,,433.0,,,Worse,Not compared,20190000,,,1y
93088,"Overweight (including obesity) prevalence in adults, (using adjusted self-reported height and weight)",E92000001,England,E08000030,Walsall,Counties & UAs (from Apr 2023),Persons,18+ yrs,,,2019/20,67.4547,62.7907,72.09302,60.46512,74.67726,,387.0,,,Worse,Not compared,20190000,,,1y
93088,"Overweight (including obesity) prevalence in adults, (using adjusted self-reported height and weight)",E92000001,England,E08000031,Wolverhampton,Counties & UAs (from Apr 2023),Persons,18+ yrs,,,2019/20,67.48757,62.86408,72.08738,60.43689,74.51456,,412.0,,,Worse,Not compared,20190000,,,1y
93088,"Overweight (including obesity) prevalence in adults, (using adjusted self-reported height and weight)",E92000001,England,E08000032,Bradford,Counties & UAs (from Apr 2023),Persons,18+ yrs,,,2019/20,65.99961,62.76202,69.17694,60.54254,70.90012,,811.0,,,Worse,Not compared,20190000,,,1y
93088,"Overweight (including obesity) prevalence in adults, (using adjusted self-reported height and weight)",E92000001,England,E08000033,Calderdale,Counties & UAs (from Apr 2023),Persons,18+ yrs,,,2019/20,65.35067,60.93023,69.76744,58.37209,72.32558,,430.0,,,Similar,Not compared,20190000,,,1y
93088,"Overweight (including obesity) prevalence in adults, (using adjusted self-reported height and weight)",E92000001,England,E08000034,Kirklees,Counties & UAs (from Apr 2023),Persons,18+ yrs,,,2019/20,67.68618,63.40326,72.02797,60.37296,74.82517,,429.0,,,Worse,Not compared,20190000,,,1y
93088,"Overweight (including obesity) prevalence in adults, (using adjusted self-reported height and weight)",E92000001,England,E08000035,Leeds,Counties & UAs (from Apr 2023),Persons,18+ yrs,,,2019/20,59.67128,57.28039,62.03369,56.13706,63.53791,,1662.0,,,Better,Not compared,20190000,,,1y
93088,"Overweight (including obesity) prevalence in adults, (using adjusted self-reported height and weight)",E92000001,England,E08000036,Wakefield,Counties & UAs (from Apr 2023),Persons,18+ yrs,,,2019/20,62.97684,58.41346,67.54808,55.28822,70.19231,,416.0,,,Similar,Not compared,20190000,,,1y
93088,"Overweight (including obesity) prevalence in adults, (using adjusted self-reported height and weight)",E92000001,England,E08000037,Gateshead,Counties & UAs (from Apr 2023),Persons,18+ yrs,,,2019/20,68.98234,64.51613,73.27189,61.75115,75.34562,,434.0,,,Worse,Not compared,20190000,,,1y
93088,"Overweight (including obesity) prevalence in adults, (using adjusted self-reported height and weight)",E92000001,England,E09000001,City of London,Counties & UAs (from Apr 2023),Persons,18+ yrs,,,2019/20,54.40539,48.33333,60.83333,44.58333,64.16667,,240.0,,,Better,Not compared,20190000,,,1y
93088,"Overweight (including obesity) prevalence in adults, (using adjusted self-reported height and weight)",E92000001,England,E09000002,Barking and Dagenham,Counties & UAs (from Apr 2023),Persons,18+ yrs,,,2019/20,62.65311,57.44681,68.08511,54.40699,70.82067,,329.0,,,Similar,Not compared,20190000,,,1y
93088,"Overweight (including obesity) prevalence in adults, (using adjusted self-reported height and weight)",E92000001,England,E09000003,Barnet,Counties & UAs (from Apr 2023),Persons,18+ yrs,,,2019/20,57.69683,52.88221,62.40602,50.37594,65.66416,,399.0,,,Better,Not compared,20190000,,,1y
93088,"Overweight (including obesity) prevalence in adults, (using adjusted self-reported height and weight)",E92000001,England,E09000004,Bexley,Counties & UAs (from Apr 2023),Persons,18+ yrs,,,2019/20,68.29731,63.81418,72.86064,60.8802,75.06112,,409.0,,,Worse,Not compared,20190000,,,1y
93088,"Overweight (including obesity) prevalence in adults, (using adjusted self-reported height and weight)",E92000001,England,E09000005,Brent,Counties & UAs (from Apr 2023),Persons,18+ yrs,,,2019/20,62.1204,57.02703,67.02703,54.32405,69.72973,,370.0,,,Similar,Not compared,20190000,,,1y
93088,"Overweight (including obesity) prevalence in adults, (using adjusted self-reported height and weight)",E92000001,England,E09000006,Bromley,Counties & UAs (from Apr 2023),Persons,18+ yrs,,,2019/20,57.04483,52.22772,61.88119,49.75248,64.60396,,404.0,,,Better,Not compared,20190000,,,1y
93088,"Overweight (including obesity) prevalence in adults, (using adjusted self-reported height and weight)",E92000001,England,E09000007,Camden,Counties & UAs (from Apr 2023),Persons,18+ yrs,,,2019/20,49.2142,44.39024,54.14634,41.21927,57.07317,,410.0,,,Better,Not compared,20190000,,,1y
93088,"Overweight (including obesity) prevalence in adults, (using adjusted self-reported height and weight)",E92000001,England,E09000008,Croydon,Counties & UAs (from Apr 2023),Persons,18+ yrs,,,2019/20,58.23233,53.26371,63.18538,50.65248,65.79634,,383.0,,,Similar,Not compared,20190000,,,1y
93088,"Overweight (including obesity) prevalence in adults, (using adjusted self-reported height and weight)",E92000001,England,E09000009,Ealing,Counties & UAs (from Apr 2023),Persons,18+ yrs,,,2019/20,60.6368,55.72139,65.42289,53.48259,67.91045,,402.0,,,Similar,Not compared,20190000,,,1y
93088,"Overweight (including obesity) prevalence in adults, (using adjusted self-reported height and weight)",E92000001,England,E09000010,Enfield,Counties & UAs (from Apr 2023),Persons,18+ yrs,,,2019/20,57.57891,52.57732,62.37113,49.48454,64.94871,,388.0,,,Better,Not compared,20190000,,,1y
93088,"Overweight (including obesity) prevalence in adults, (using adjusted self-reported height and weight)",E92000001,England,E09000011,Greenwich,Counties & UAs (from Apr 2023),Persons,18+ yrs,,,2019/20,55.12666,50.2451,60.04902,47.30368,62.7451,,408.0,,,Better,Not compared,20190000,,,1y
93088,"Overweight (including obesity) prevalence in adults, (using adjusted self-reported height and weight)",E92000001,England,E09000012,Hackney,Counties & UAs (from Apr 2023),Persons,18+ yrs,,,2019/20,52.13665,47.54098,56.90867,44.96464,59.7192,,427.0,,,Better,Not compared,20190000,,,1y
93088,"Overweight (including obesity) prevalence in adults, (using adjusted self-reported height and weight)",E92000001,England,E09000013,Hammersmith and Fulham,Counties & UAs (from Apr 2023),Persons,18+ yrs,,,2019/20,41.74564,36.98297,46.47202,34.30657,49.39173,,411.0,,,Better,Not compared,20190000,,,1y
93088,"Overweight (including obesity) prevalence in adults, (using adjusted self-reported height and weight)",E92000001,England,E09000014,Haringey,Counties & UAs (from Apr 2023),Persons,18+ yrs,,,2019/20,50.42787,45.54707,55.21628,42.74784,58.52417,,393.0,,,Better,Not compared,20190000,,,1y
93088,"Overweight (including obesity) prevalence in adults, (using adjusted self-reported height and weight)",E92000001,England,E09000015,Harrow,Counties & UAs (from Apr 2023),Persons,18+ yrs,,,2019/20,58.11503,53.16456,63.03797,50.63291,65.31671,,395.0,,,Similar,Not compared,20190000,,,1y
93088,"Overweight (including obesity) prevalence in adults, (using adjusted self-reported height and weight)",E92000001,England,E09000016,Havering,Counties & UAs (from Apr 2023),Persons,18+ yrs,,,2019/20,67.13044,62.34097,71.75573,59.79618,74.0458,,393.0,,,Similar,Not compared,20190000,,,1y
93088,"Overweight (including obesity) prevalence in adults, (using adjusted self-reported height and weight)",E92000001,England,E09000017,Hillingdon,Counties & UAs (from Apr 2023),Persons,18+ yrs,,,2019/20,65.26453,60.5598,69.97455,58.01501,72.51908,,393.0,,,Similar,Not compared,20190000,,,1y
93088,"Overweight (including obesity) prevalence in adults, (using adjusted self-reported height and weight)",E92000001,England,E09000018,Hounslow,Counties & UAs (from Apr 2023),Persons,18+ yrs,,,2019/20,61.28654,56.28272,66.23037,53.66492,68.58639,,382.0,,,Similar,Not compared,20190000,,,1y
93088,"Overweight (including obesity) prevalence in adults, (using adjusted self-reported height and weight)",E92000001,England,E09000019,Islington,Counties & UAs (from Apr 2023),Persons,18+ yrs,,,2019/20,47.60038,42.92453,52.35849,40.33019,55.18868,,424.0,,,Better,Not compared,20190000,,,1y
93088,"Overweight (including obesity) prevalence in adults, (using adjusted self-reported height and weight)",E92000001,England,E09000020,Kensington and Chelsea,Counties & UAs (from Apr 2023),Persons,18+ yrs,,,2019/20,44.96129,40.28436,49.52607,37.44052,52.36967,,422.0,,,Better,Not compared,20190000,,,1y
93088,"Overweight (including obesity) prevalence in adults, (using adjusted self-reported height and weight)",E92000001,England,E09000021,Kingston upon Thames,Counties & UAs (from Apr 2023),Persons,18+ yrs,,,2019/20,49.3379,44.70588,54.11765,41.64706,56.47059,,425.0,,,Better,Not compared,20190000,,,1y
93088,"Overweight (including obesity) prevalence in adults, (using adjusted self-reported height and weight)",E92000001,England,E09000022,Lambeth,Counties & UAs (from Apr 2023),Persons,18+ yrs,,,2019/20,45.62054,40.79602,50.49751,37.8107,53.48259,,402.0,,,Better,Not compared,20190000,,,1y
93088,"Overweight (including obesity) prevalence in adults, (using adjusted self-reported height and weight)",E92000001,England,E09000023,Lewisham,Counties & UAs (from Apr 2023),Persons,18+ yrs,,,2019/20,53.71859,48.99329,58.38926,46.30872,60.85011,,447.0,,,Better,Not compared,20190000,,,1y
93088,"Overweight (including obesity) prevalence in adults, (using adjusted self-reported height and weight)",E92000001,England,E09000024,Merton,Counties & UAs (from Apr 2023),Persons,18+ yrs,,,2019/20,52.0715,47.26027,56.62671,44.74886,59.36073,,438.0,,,Better,Not compared,20190000,,,1y
93088,"Overweight (including obesity) prevalence in adults, (using adjusted self-reported height and weight)",E92000001,England,E09000025,Newham,Counties & UAs (from Apr 2023),Persons,18+ yrs,,,2019/20,68.12982,63.21839,72.98851,60.63218,75.57471,,348.0,,,Worse,Not compared,20190000,,,1y
93088,"Overweight (including obesity) prevalence in adults, (using adjusted self-reported height and weight)",E92000001,England,E09000026,Redbridge,Counties & UAs (from Apr 2023),Persons,18+ yrs,,,2019/20,60.75357,55.86035,65.58603,53.11696,68.57855,,401.0,,,Similar,Not compared,20190000,,,1y
93088,"Overweight (including obesity) prevalence in adults, (using adjusted self-reported height and weight)",E92000001,England,E09000027,Richmond upon Thames,Counties & UAs (from Apr 2023),Persons,18+ yrs,,,2019/20,52.03876,47.50542,56.61605,44.90239,59.21909,,461.0,,,Better,Not compared,20190000,,,1y
93088,"Overweight (including obesity) prevalence in adults, (using adjusted self-reported height and weight)",E92000001,England,E09000028,Southwark,Counties & UAs (from Apr 2023),Persons,18+ yrs,,,2019/20,48.9985,44.41964,53.57143,41.51786,56.02701,,448.0,,,Better,Not compared,20190000,,,1y
93088,"Overweight (including obesity) prevalence in adults, (using adjusted self-reported height and weight)",E92000001,England,E09000029,Sutton,Counties & UAs (from Apr 2023),Persons,18+ yrs,,,2019/20,59.42315,54.72155,63.92252,52.05787,66.82833,,413.0,,,Similar,Not compared,20190000,,,1y
93088,"Overweight (including obesity) prevalence in adults, (using adjusted self-reported height and weight)",E92000001,England,E09000030,Tower Hamlets,Counties & UAs (from Apr 2023),Persons,18+ yrs,,,2019/20,51.91764,46.77419,56.98925,44.08602,59.94624,,372.0,,,Better,Not compared,20190000,,,1y
93088,"Overweight (including obesity) prevalence in adults, (using adjusted self-reported height and weight)",E92000001,England,E09000031,Waltham Forest,Counties & UAs (from Apr 2023),Persons,18+ yrs,,,2019/20,56.82858,51.87032,61.60224,48.87781,64.58853,,401.0,,,Better,Not compared,20190000,,,1y
93088,"Overweight (including obesity) prevalence in adults, (using adjusted self-reported height and weight)",E92000001,England,E09000032,Wandsworth,Counties & UAs (from Apr 2023),Persons,18+ yrs,,,2019/20,48.12868,43.19809,52.98329,40.81146,55.60859,,419.0,,,Better,Not compared,20190000,,,1y
93088,"Overweight (including obesity) prevalence in adults, (using adjusted self-reported height and weight)",E92000001,England,E09000033,Westminster,Counties & UAs (from Apr 2023),Persons,18+ yrs,,,2019/20,44.72762,39.89637,49.74093,37.04663,52.59067,,386.0,,,Better,Not compared,20190000,,,1y
93088,"Overweight (including obesity) prevalence in adults, (using adjusted self-reported height and weight)",E92000001,England,E10000003,Cambridgeshire,Counties & UAs (from Apr 2023),Persons,18+ yrs,,,2019/20,60.88032,58.94011,62.90392,57.77678,64.02413,,2321.0,,,Similar,Not compared,20190000,,,1y
93088,"Overweight (including obesity) prevalence in adults, (using adjusted self-reported height and weight)",E92000001,England,E10000007,Derbyshire,Counties & UAs (from Apr 2023),Persons,18+ yrs,,,2019/20,66.65247,65.03848,68.26525,64.20956,69.09423,,3378.0,,,Worse,Not compared,20190000,,,1y
93088,"Overweight (including obesity) prevalence in adults, (using adjusted self-reported height and weight)",E92000001,England,E10000008,Devon,Counties & UAs (from Apr 2023),Persons,18+ yrs,,,2019/20,59.87787,58.20324,61.50221,57.34901,62.47423,,3395.0,,,Better,Not compared,20190000,,,1y
93088,"Overweight (including obesity) prevalence in adults, (using adjusted self-reported height and weight)",E92000001,England,E10000011,East Sussex,Counties & UAs (from Apr 2023),Persons,18+ yrs,,,2019/20,63.05886,60.98612,65.10292,59.78937,66.1561,,2089.0,,,Similar,Not compared,20190000,,,1y
93088,"Overweight (including obesity) prevalence in adults, (using adjusted self-reported height and weight)",E92000001,England,E10000012,Essex,Counties & UAs (from Apr 2023),Persons,18+ yrs,,,2019/20,63.73905,62.40719,65.0254,61.66471,65.80698,,5118.0,,,Similar,Not compared,20190000,,,1y
93088,"Overweight (including obesity) prevalence in adults, (using adjusted self-reported height and weight)",E92000001,England,E10000013,Gloucestershire,Counties & UAs (from Apr 2023),Persons,18+ yrs,,,2019/20,61.24877,59.32136,63.11377,58.28343,64.15174,,2505.0,,,Similar,Not compared,20190000,,,1y
93088,"Overweight (including obesity) prevalence in adults, (using adjusted self-reported height and weight)",E92000001,England,E10000014,Hampshire,Counties & UAs (from Apr 2023),Persons,18+ yrs,,,2019/20,62.6832,61.31264,64.03858,60.45293,64.68861,,4769.0,,,Similar,Not compared,20190000,,,1y
93088,"Overweight (including obesity) prevalence in adults, (using adjusted self-reported height and weight)",E92000001,England,E10000015,Hertfordshire,Counties & UAs (from Apr 2023),Persons,18+ yrs,,,2019/20,59.64243,58.11103,61.11512,57.31793,61.88419,,4161.0,,,Better,Not compared,20190000,,,1y
93088,"Overweight (including obesity) prevalence in adults, (using adjusted self-reported height and weight)",E92000001,England,E10000016,Kent,Counties & UAs (from Apr 2023),Persons,18+ yrs,,,2019/20,64.48292,63.18497,65.77646,62.31452,66.50843,,5055.0,,,Worse,Not compared,20190000,,,1y
93088,"Overweight (including obesity) prevalence in adults, (using adjusted self-reported height and weight)",E92000001,England,E10000017,Lancashire,Counties & UAs (from Apr 2023),Persons,18+ yrs,,,2019/20,67.22929,65.95369,68.52433,65.28646,69.1719,,5096.0,,,Worse,Not compared,20190000,,,1y
93088,"Overweight (including obesity) prevalence in adults, (using adjusted self-reported height and weight)",E92000001,England,E10000018,Leicestershire,Counties & UAs (from Apr 2023),Persons,18+ yrs,,,2019/20,62.15254,60.40678,63.86441,59.3898,64.88136,,2950.0,,,Similar,Not compared,20190000,,,1y
93088,"Overweight (including obesity) prevalence in adults, (using adjusted self-reported height and weight)",E92000001,England,E10000019,Lincolnshire,Counties & UAs (from Apr 2023),Persons,18+ yrs,,,2019/20,66.12216,64.42142,67.84111,63.48874,68.73921,,2895.0,,,Worse,Not compared,20190000,,,1y
93088,"Overweight (including obesity) prevalence in adults, (using adjusted self-reported height and weight)",E92000001,England,E10000020,Norfolk,Counties & UAs (from Apr 2023),Persons,18+ yrs,,,2019/20,62.01412,60.30681,63.72643,59.31601,64.62132,,3129.0,,,Similar,Not compared,20190000,,,1y
93088,"Overweight (including obesity) prevalence in adults, (using adjusted self-reported height and weight)",E92000001,England,E10000024,Nottinghamshire,Counties & UAs (from Apr 2023),Persons,18+ yrs,,,2019/20,65.50341,63.78396,67.16368,62.85616,68.19089,,3018.0,,,Worse,Not compared,20190000,,,1y
93088,"Overweight (including obesity) prevalence in adults, (using adjusted self-reported height and weight)",E92000001,England,E10000025,Oxfordshire,Counties & UAs (from Apr 2023),Persons,18+ yrs,,,2019/20,56.50754,54.49299,58.53256,53.33875,59.56307,,2426.0,,,Better,Not compared,20190000,,,1y
93088,"Overweight (including obesity) prevalence in adults, (using adjusted self-reported height and weight)",E92000001,England,E10000028,Staffordshire,Counties & UAs (from Apr 2023),Persons,18+ yrs,,,2019/20,66.14937,64.56224,67.71888,63.60926,68.58252,,3358.0,,,Worse,Not compared,20190000,,,1y
93088,"Overweight (including obesity) prevalence in adults, (using adjusted self-reported height and weight)",E92000001,England,E10000029,Suffolk,Counties & UAs (from Apr 2023),Persons,18+ yrs,,,2019/20,62.20419,60.12506,64.26166,59.16301,65.51236,,2079.0,,,Similar,Not compared,20190000,,,1y
93088,"Overweight (including obesity) prevalence in adults, (using adjusted self-reported height and weight)",E92000001,England,E10000030,Surrey,Counties & UAs (from Apr 2023),Persons,18+ yrs,,,2019/20,57.81308,56.4,59.22105,55.57895,60.04213,,4750.0,,,Better,Not compared,20190000,,,1y
93088,"Overweight (including obesity) prevalence in adults, (using adjusted self-reported height and weight)",E92000001,England,E10000031,Warwickshire,Counties & UAs (from Apr 2023),Persons,18+ yrs,,,2019/20,63.20738,61.10586,65.26465,60.06616,66.44612,,2116.0,,,Similar,Not compared,20190000,,,1y
93088,"Overweight (including obesity) prevalence in adults, (using adjusted self-reported height and weight)",E92000001,England,E10000032,West Sussex,Counties & UAs (from Apr 2023),Persons,18+ yrs,,,2019/20,61.18376,59.46755,62.92845,58.40256,63.89354,,3005.0,,,Similar,Not compared,20190000,,,1y
93088,"Overweight (including obesity) prevalence in adults, (using adjusted self-reported height and weight)",E92000001,England,E10000034,Worcestershire,Counties & UAs (from Apr 2023),Persons,18+ yrs,,,2019/20,64.66791,62.80894,66.49667,61.82817,67.32056,,2549.0,,,Worse,Not compared,20190000,,,1y
93088,"Overweight (including obesity) prevalence in adults, (using adjusted self-reported height and weight)",,,E92000001,England,England,Male,18+ yrs,,,2020/21,68.25732,67.90803,68.59724,67.70531,68.79128,,69064.0,,,Not compared,Not compared,20200000,,,1y
93088,"Overweight (including obesity) prevalence in adults, (using adjusted self-reported height and weight)",,,E92000001,England,England,Female,18+ yrs,,,2020/21,58.27937,57.94176,58.62558,57.75606,58.80124,,79699.0,,,Not compared,Not compared,20200000,,,1y
93088,"Overweight (including obesity) prevalence in adults, (using adjusted self-reported height and weight)",,,E92000001,England,England,Persons,85+ yrs,,,2020/21,66.02955,64.32612,67.75374,63.4608,68.75208,,3005.0,,,Not compared,Not compared,20200000,,,1y
93088,"Overweight (including obesity) prevalence in adults, (using adjusted self-reported height and weight)",,,E92000001,England,England,Persons,25-34 yrs,,,2020/21,54.99843,54.27252,55.72968,53.83262,56.13659,,18186.0,,,Not compared,Not compared,20200000,,,1y
93088,"Overweight (including obesity) prevalence in adults, (using adjusted self-reported height and weight)",,,E92000001,England,England,Persons,35-44 yrs,,,2020/21,63.1283,62.51167,63.75028,62.18871,64.14054,,22287.0,,,Not compared,Not compared,20200000,,,1y
93088,"Overweight (including obesity) prevalence in adults, (using adjusted self-reported height and weight)",,,E92000001,England,England,Persons,45-54 yrs,,,2020/21,69.20506,68.636,69.78,68.348,70.144,,25000.0,,,Not compared,Not compared,20200000,,,1y
93088,"Overweight (including obesity) prevalence in adults, (using adjusted self-reported height and weight)",,,E92000001,England,England,Persons,55-64 yrs,,,2020/21,72.0049,71.48382,72.51392,71.21379,72.80395,,29997.0,,,Not compared,Not compared,20200000,,,1y
93088,"Overweight (including obesity) prevalence in adults, (using adjusted self-reported height and weight)",,,E92000001,England,England,Persons,65-74 yrs,,,2020/21,71.45327,70.9464,71.964,70.6475,72.23271,,29776.0,,,Not compared,Not compared,20200000,,,1y
93088,"Overweight (including obesity) prevalence in adults, (using adjusted self-reported height and weight)",,,E92000001,England,England,Persons,75-84 yrs,,,2020/21,70.80281,70.0508,71.54489,69.59785,71.92015,,14124.0,,,Not compared,Not compared,20200000,,,1y
93088,"Overweight (including obesity) prevalence in adults, (using adjusted self-reported height and weight)",,,E92000001,England,England,Persons,18+ yrs,,,2020/21,63.31274,63.07213,63.55344,62.92021,63.66301,,148763.0,,,Not compared,Not compared,20200000,,,1y
93088,"Overweight (including obesity) prevalence in adults, (using adjusted self-reported height and weight)",,,E92000001,England,England,Persons,18+ yrs,Working status,Inactive,2020/21,65.87629,65.46998,66.27073,65.22264,66.50489,,52954.0,,,Worse,Not compared,20200000,,,1y
93088,"Overweight (including obesity) prevalence in adults, (using adjusted self-reported height and weight)",,,E92000001,England,England,Persons,18+ yrs,Working status,Unemployed,2020/21,64.54847,63.11993,65.93778,62.30836,66.72678,,4436.0,,,Similar,Not compared,20200000,,,1y
93088,"Overweight (including obesity) prevalence in adults, (using adjusted self-reported height and weight)",,,E92000001,England,England,Persons,18+ yrs,Working status,Working,2020/21,64.71893,64.39487,65.04477,64.18109,65.23535,,81859.0,,,Worse,Not compared,20200000,,,1y
93088,"Overweight (including obesity) prevalence in adults, (using adjusted self-reported height and weight)",,,E92000001,England,England,Persons,18+ yrs,Disability,Disabled,2020/21,72.50255,71.95858,73.04003,71.67351,73.37703,,27003.0,,,Worse,Not compared,20200000,,,1y
93088,"Overweight (including obesity) prevalence in adults, (using adjusted self-reported height and weight)",,,E92000001,England,England,Persons,18+ yrs,Disability,Not disabled,2020/21,61.1123,60.82155,61.39319,60.66957,61.55208,,115806.0,,,Better,Not compared,20200000,,,1y
93088,"Overweight (including obesity) prevalence in adults, (using adjusted self-reported height and weight)",,,E92000001,England,England,Persons,18+ yrs,Ethnic groups,White British,2020/21,64.32586,64.05956,64.59426,63.9239,64.74341,,126053.0,,,Worse,Not compared,20200000,,,1y
93088,"Overweight (including obesity) prevalence in adults, (using adjusted self-reported height and weight)",,,E92000001,England,England,Persons,18+ yrs,Ethnic groups,White Other,2020/21,57.6999,56.66628,58.72814,56.02918,59.36523,,8633.0,,,Better,Not compared,20200000,,,1y
93088,"Overweight (including obesity) prevalence in adults, (using adjusted self-reported height and weight)",,,E92000001,England,England,Persons,18+ yrs,Ethnic groups,Asian,2020/21,56.9379,55.68595,58.19835,54.94213,58.97529,,6050.0,,,Better,Not compared,20200000,,,1y
93088,"Overweight (including obesity) prevalence in adults, (using adjusted self-reported height and weight)",,,E92000001,England,England,Persons,18+ yrs,Ethnic groups,Black,2020/21,71.9085,69.83088,73.92253,68.68522,75.17736,,1833.0,,,Worse,Not compared,20200000,,,1y
93088,"Overweight (including obesity) prevalence in adults, (using adjusted self-reported height and weight)",,,E92000001,England,England,Persons,18+ yrs,Ethnic groups,Chinese,2020/21,37.47385,34.46215,40.43825,32.66932,41.93237,,1004.0,,,Better,Not compared,20200000,,,1y
93088,"Overweight (including obesity) prevalence in adults, (using adjusted self-reported height and weight)",,,E92000001,England,England,Persons,18+ yrs,Ethnic groups,Mixed,2020/21,59.36612,57.10441,61.57158,55.81265,62.75571,,1858.0,,,Better,Not compared,20200000,,,1y
93088,"Overweight (including obesity) prevalence in adults, (using adjusted self-reported height and weight)",,,E92000001,England,England,Persons,18+ yrs,Ethnic groups,Other,2020/21,65.84383,63.12826,68.6087,61.47817,70.00009,,1150.0,,,Similar,Not compared,20200000,,,1y
93088,"Overweight (including obesity) prevalence in adults, (using adjusted self-reported height and weight)",,,E92000001,England,England,Persons,18+ yrs,LSOA11 deprivation deciles within area (IMD  trend),Most deprived decile,2020/21,71.75269,70.81898,72.66363,70.35225,73.14147,,8999.0,,,Worse,Not compared,20200000,,,1y
93088,"Overweight (including obesity) prevalence in adults, (using adjusted self-reported height and weight)",,,E92000001,England,England,Persons,18+ yrs,LSOA11 deprivation deciles within area (IMD  trend),Second most deprived decile,2020/21,67.43204,66.50939,68.34759,66.01786,68.83909,,10173.0,,,Worse,Not compared,20200000,,,1y
93088,"Overweight (including obesity) prevalence in adults, (using adjusted self-reported height and weight)",,,E92000001,England,England,Persons,18+ yrs,LSOA11 deprivation deciles within area (IMD  trend),Third more deprived decile,2020/21,64.69437,63.8194,65.57055,63.25588,66.12573,,11708.0,,,Worse,Not compared,20200000,,,1y
93088,"Overweight (including obesity) prevalence in adults, (using adjusted self-reported height and weight)",,,E92000001,England,England,Persons,18+ yrs,LSOA11 deprivation deciles within area (IMD  trend),Fourth more deprived decile,2020/21,64.59153,63.77746,65.41951,63.29756,65.89192,,13337.0,,,Worse,Not compared,20200000,,,1y
93088,"Overweight (including obesity) prevalence in adults, (using adjusted self-reported height and weight)",,,E92000001,England,England,Persons,18+ yrs,LSOA11 deprivation deciles within area (IMD  trend),Fifth more deprived decile,2020/21,64.50425,63.73282,65.2876,63.27905,65.66796,,14986.0,,,Worse,Not compared,20200000,,,1y
93088,"Overweight (including obesity) prevalence in adults, (using adjusted self-reported height and weight)",,,E92000001,England,England,Persons,18+ yrs,LSOA11 deprivation deciles within area (IMD  trend),Fifth less deprived decile,2020/21,62.77308,62.02486,63.51514,61.58441,63.9918,,16574.0,,,Similar,Not compared,20200000,,,1y
93088,"Overweight (including obesity) prevalence in adults, (using adjusted self-reported height and weight)",,,E92000001,England,England,Persons,18+ yrs,LSOA11 deprivation deciles within area (IMD  trend),Fourth less deprived decile,2020/21,62.46902,61.74568,63.19199,61.28881,63.61428,,17287.0,,,Better,Not compared,20200000,,,1y
93088,"Overweight (including obesity) prevalence in adults, (using adjusted self-reported height and weight)",,,E92000001,England,England,Persons,18+ yrs,LSOA11 deprivation deciles within area (IMD  trend),Third less deprived decile,2020/21,61.45582,60.75591,62.17671,60.33964,62.55967,,18018.0,,,Better,Not compared,20200000,,,1y
93088,"Overweight (including obesity) prevalence in adults, (using adjusted self-reported height and weight)",,,E92000001,England,England,Persons,18+ yrs,LSOA11 deprivation deciles within area (IMD  trend),Second least deprived decile,2020/21,60.73976,60.04603,61.44295,59.67673,61.87113,,18684.0,,,Better,Not compared,20200000,,,1y
93088,"Overweight (including obesity) prevalence in adults, (using adjusted self-reported height and weight)",,,E92000001,England,England,Persons,18+ yrs,LSOA11 deprivation deciles within area (IMD  trend),Least deprived decile,2020/21,57.98792,57.28799,58.69348,56.89846,59.09881,,18997.0,,,Better,Not compared,20200000,,,1y
93088,"Overweight (including obesity) prevalence in adults, (using adjusted self-reported height and weight)",,,E92000001,England,England,Persons,18+ yrs,Level of education,No qualification,2020/21,71.03258,70.19856,71.85908,69.70654,72.31596,,11382.0,,,Worse,Not compared,20200000,,,1y
93088,"Overweight (including obesity) prevalence in adults, (using adjusted self-reported height and weight)",,,E92000001,England,England,Persons,18+ yrs,Level of education,Another type of qualification,2020/21,68.0025,66.93148,69.102,66.27888,69.71202,,7049.0,,,Worse,Not compared,20200000,,,1y
93088,"Overweight (including obesity) prevalence in adults, (using adjusted self-reported height and weight)",,,E92000001,England,England,Persons,18+ yrs,Level of education,Level 1 and below,2020/21,69.39008,67.73062,71.09786,66.8537,72.0449,,2851.0,,,Worse,Not compared,20200000,,,1y
93088,"Overweight (including obesity) prevalence in adults, (using adjusted self-reported height and weight)",,,E92000001,England,England,Persons,18+ yrs,Level of education,Level 2 and equivalent,2020/21,68.24118,67.66484,68.8169,67.35843,69.11922,,24478.0,,,Worse,Not compared,20200000,,,1y
93088,"Overweight (including obesity) prevalence in adults, (using adjusted self-reported height and weight)",,,E92000001,England,England,Persons,18+ yrs,Level of education,Level 3 and equivalent,2020/21,67.19337,66.57046,67.81369,66.17972,68.12896,,22522.0,,,Worse,Not compared,20200000,,,1y
93088,"Overweight (including obesity) prevalence in adults, (using adjusted self-reported height and weight)",,,E92000001,England,England,Persons,18+ yrs,Level of education,Level 4 and above,2020/21,59.18766,58.84591,59.53363,58.62866,59.70075,,77793.0,,,Better,Not compared,20200000,,,1y
93088,"Overweight (including obesity) prevalence in adults, (using adjusted self-reported height and weight)",,,E92000001,England,England,Persons,18+ yrs,Socioeconomic class,"Managerial, administrative and professional occupations",2020/21,54.61611,54.2596,54.96821,54.05563,55.16822,,75500.0,People aged 75 and over are excluded from NS-SeC (National Statistics Socio-economic Classification) economic activity questions in the Active Lives Adult Survey,,Better,Not compared,20200000,,,1y
93088,"Overweight (including obesity) prevalence in adults, (using adjusted self-reported height and weight)",,,E92000001,England,England,Persons,18+ yrs,Socioeconomic class,Intermediate occupations,2020/21,55.67136,54.86082,56.48127,54.41074,56.9381,,14442.0,People aged 75 and over are excluded from NS-SeC (National Statistics Socio-economic Classification) economic activity questions in the Active Lives Adult Survey,,Better,Not compared,20200000,,,1y
93088,"Overweight (including obesity) prevalence in adults, (using adjusted self-reported height and weight)",,,E92000001,England,England,Persons,18+ yrs,Socioeconomic class,Self-employed and small employers,2020/21,57.75434,56.75763,58.73944,56.18367,59.37838,,9234.0,People aged 75 and over are excluded from NS-SeC (National Statistics Socio-economic Classification) economic activity questions in the Active Lives Adult Survey,,Better,Not compared,20200000,,,1y
93088,"Overweight (including obesity) prevalence in adults, (using adjusted self-reported height and weight)",,,E92000001,England,England,Persons,18+ yrs,Socioeconomic class,Lower supervisory and technical occupations,2020/21,62.10067,61.10406,63.07107,60.57529,63.64215,,9456.0,People aged 75 and over are excluded from NS-SeC (National Statistics Socio-economic Classification) economic activity questions in the Active Lives Adult Survey,,Better,Not compared,20200000,,,1y
93088,"Overweight (including obesity) prevalence in adults, (using adjusted self-reported height and weight)",,,E92000001,England,England,Persons,18+ yrs,Socioeconomic class,Semi-routine and routine occupations,2020/21,59.36032,58.53677,60.20709,58.02283,60.64546,,13231.0,People aged 75 and over are excluded from NS-SeC (National Statistics Socio-economic Classification) economic activity questions in the Active Lives Adult Survey,,Better,Not compared,20200000,,,1y
93088,"Overweight (including obesity) prevalence in adults, (using adjusted self-reported height and weight)",,,E92000001,England,England,Persons,18+ yrs,Socioeconomic class,Long term unemployed or never worked,2020/21,58.11504,56.25439,59.90864,55.23538,61.06817,,2846.0,People aged 75 and over are excluded from NS-SeC (National Statistics Socio-economic Classification) economic activity questions in the Active Lives Adult Survey,,Better,Not compared,20200000,,,1y
93088,"Overweight (including obesity) prevalence in adults, (using adjusted self-reported height and weight)",,,E92000001,England,England,Persons,18+ yrs,Socioeconomic class,Students,2020/21,52.68985,50.98761,54.43991,50.01569,55.34986,,3187.0,People aged 75 and over are excluded from NS-SeC (National Statistics Socio-economic Classification) economic activity questions in the Active Lives Adult Survey,,Better,Not compared,20200000,,,1y
93088,"Overweight (including obesity) prevalence in adults, (using adjusted self-reported height and weight)",,,E92000001,England,England,Persons,18+ yrs,Socioeconomic class,Other/unclassified,2020/21,56.85858,55.29695,58.48047,54.44085,59.44355,,3738.0,People aged 75 and over are excluded from NS-SeC (National Statistics Socio-economic Classification) economic activity questions in the Active Lives Adult Survey,,Better,Not compared,20200000,,,1y
93088,"Overweight (including obesity) prevalence in adults, (using adjusted self-reported height and weight)",,,E92000001,England,England,Persons,18-24 yrs,,,2020/21,36.64413,35.44145,37.83657,34.75265,38.54101,,6388.0,,,Not compared,Not compared,20200000,,,1y
93088,"Overweight (including obesity) prevalence in adults, (using adjusted self-reported height and weight)",E92000001,England,E92000001,England,England,Male,18+ yrs,,,2020/21,68.25732,67.90803,68.59724,67.70531,68.79128,,69064.0,,,Similar,Not compared,20200000,,,1y
93088,"Overweight (including obesity) prevalence in adults, (using adjusted self-reported height and weight)",E92000001,England,E92000001,England,England,Female,18+ yrs,,,2020/21,58.27937,57.94176,58.62558,57.75606,58.80124,,79699.0,,,Similar,Not compared,20200000,,,1y
93088,"Overweight (including obesity) prevalence in adults, (using adjusted self-reported height and weight)",E92000001,England,E92000001,England,England,Persons,85+ yrs,,,2020/21,66.02955,64.32612,67.75374,63.4608,68.75208,,3005.0,,,Similar,Not compared,20200000,,,1y
93088,"Overweight (including obesity) prevalence in adults, (using adjusted self-reported height and weight)",E92000001,England,E92000001,England,England,Persons,25-34 yrs,,,2020/21,54.99843,54.27252,55.72968,53.83262,56.13659,,18186.0,,,Similar,Not compared,20200000,,,1y
93088,"Overweight (including obesity) prevalence in adults, (using adjusted self-reported height and weight)",E92000001,England,E92000001,England,England,Persons,35-44 yrs,,,2020/21,63.1283,62.51167,63.75028,62.18871,64.14054,,22287.0,,,Similar,Not compared,20200000,,,1y
93088,"Overweight (including obesity) prevalence in adults, (using adjusted self-reported height and weight)",E92000001,England,E92000001,England,England,Persons,45-54 yrs,,,2020/21,69.20506,68.636,69.78,68.348,70.144,,25000.0,,,Similar,Not compared,20200000,,,1y
93088,"Overweight (including obesity) prevalence in adults, (using adjusted self-reported height and weight)",E92000001,England,E92000001,England,England,Persons,55-64 yrs,,,2020/21,72.0049,71.48382,72.51392,71.21379,72.80395,,29997.0,,,Similar,Not compared,20200000,,,1y
93088,"Overweight (including obesity) prevalence in adults, (using adjusted self-reported height and weight)",E92000001,England,E92000001,England,England,Persons,65-74 yrs,,,2020/21,71.45327,70.9464,71.964,70.6475,72.23271,,29776.0,,,Similar,Not compared,20200000,,,1y
93088,"Overweight (including obesity) prevalence in adults, (using adjusted self-reported height and weight)",E92000001,England,E92000001,England,England,Persons,75-84 yrs,,,2020/21,70.80281,70.0508,71.54489,69.59785,71.92015,,14124.0,,,Similar,Not compared,20200000,,,1y
93088,"Overweight (including obesity) prevalence in adults, (using adjusted self-reported height and weight)",E92000001,England,E92000001,England,England,Persons,18+ yrs,,,2020/21,63.31274,63.07213,63.55344,62.92021,63.66301,,148763.0,,,Similar,Not compared,20200000,,,1y
93088,"Overweight (including obesity) prevalence in adults, (using adjusted self-reported height and weight)",E92000001,England,E92000001,England,England,Persons,18+ yrs,Working status,Inactive,2020/21,65.87629,65.46998,66.27073,65.22264,66.50489,,52954.0,,,Worse,Not compared,20200000,,,1y
93088,"Overweight (including obesity) prevalence in adults, (using adjusted self-reported height and weight)",E92000001,England,E92000001,England,England,Persons,18+ yrs,Working status,Unemployed,2020/21,64.54847,63.11993,65.93778,62.30836,66.72678,,4436.0,,,Similar,Not compared,20200000,,,1y
93088,"Overweight (including obesity) prevalence in adults, (using adjusted self-reported height and weight)",E92000001,England,E92000001,England,England,Persons,18+ yrs,Working status,Working,2020/21,64.71893,64.39487,65.04477,64.18109,65.23535,,81859.0,,,Worse,Not compared,20200000,,,1y
93088,"Overweight (including obesity) prevalence in adults, (using adjusted self-reported height and weight)",E92000001,England,E92000001,England,England,Persons,18+ yrs,Disability,Disabled,2020/21,72.50255,71.95858,73.04003,71.67351,73.37703,,27003.0,,,Worse,Not compared,20200000,,,1y
93088,"Overweight (including obesity) prevalence in adults, (using adjusted self-reported height and weight)",E92000001,England,E92000001,England,England,Persons,18+ yrs,Disability,Not disabled,2020/21,61.1123,60.82155,61.39319,60.66957,61.55208,,115806.0,,,Better,Not compared,20200000,,,1y
93088,"Overweight (including obesity) prevalence in adults, (using adjusted self-reported height and weight)",E92000001,England,E92000001,England,England,Persons,18+ yrs,Ethnic groups,White British,2020/21,64.32586,64.05956,64.59426,63.9239,64.74341,,126053.0,,,Worse,Not compared,20200000,,,1y
93088,"Overweight (including obesity) prevalence in adults, (using adjusted self-reported height and weight)",E92000001,England,E92000001,England,England,Persons,18+ yrs,Ethnic groups,White Other,2020/21,57.6999,56.66628,58.72814,56.02918,59.36523,,8633.0,,,Better,Not compared,20200000,,,1y
93088,"Overweight (including obesity) prevalence in adults, (using adjusted self-reported height and weight)",E92000001,England,E92000001,England,England,Persons,18+ yrs,Ethnic groups,Asian,2020/21,56.9379,55.68595,58.19835,54.94213,58.97529,,6050.0,,,Better,Not compared,20200000,,,1y
93088,"Overweight (including obesity) prevalence in adults, (using adjusted self-reported height and weight)",E92000001,England,E92000001,England,England,Persons,18+ yrs,Ethnic groups,Black,2020/21,71.9085,69.83088,73.92253,68.68522,75.17736,,1833.0,,,Worse,Not compared,20200000,,,1y
93088,"Overweight (including obesity) prevalence in adults, (using adjusted self-reported height and weight)",E92000001,England,E92000001,England,England,Persons,18+ yrs,Ethnic groups,Chinese,2020/21,37.47385,34.46215,40.43825,32.66932,41.93237,,1004.0,,,Better,Not compared,20200000,,,1y
93088,"Overweight (including obesity) prevalence in adults, (using adjusted self-reported height and weight)",E92000001,England,E92000001,England,England,Persons,18+ yrs,Ethnic groups,Mixed,2020/21,59.36612,57.10441,61.57158,55.81265,62.75571,,1858.0,,,Better,Not compared,20200000,,,1y
93088,"Overweight (including obesity) prevalence in adults, (using adjusted self-reported height and weight)",E92000001,England,E92000001,England,England,Persons,18+ yrs,Ethnic groups,Other,2020/21,65.84383,63.12826,68.6087,61.47817,70.00009,,1150.0,,,Similar,Not compared,20200000,,,1y
93088,"Overweight (including obesity) prevalence in adults, (using adjusted self-reported height and weight)",E92000001,England,E92000001,England,England,Persons,18+ yrs,LSOA11 deprivation deciles within area (IMD  trend),Most deprived decile,2020/21,71.75269,70.81898,72.66363,70.35225,73.14147,,8999.0,,,Worse,Not compared,20200000,,,1y
93088,"Overweight (including obesity) prevalence in adults, (using adjusted self-reported height and weight)",E92000001,England,E92000001,England,England,Persons,18+ yrs,LSOA11 deprivation deciles within area (IMD  trend),Second most deprived decile,2020/21,67.43204,66.50939,68.34759,66.01786,68.83909,,10173.0,,,Worse,Not compared,20200000,,,1y
93088,"Overweight (including obesity) prevalence in adults, (using adjusted self-reported height and weight)",E92000001,England,E92000001,England,England,Persons,18+ yrs,LSOA11 deprivation deciles within area (IMD  trend),Third more deprived decile,2020/21,64.69437,63.8194,65.57055,63.25588,66.12573,,11708.0,,,Worse,Not compared,20200000,,,1y
93088,"Overweight (including obesity) prevalence in adults, (using adjusted self-reported height and weight)",E92000001,England,E92000001,England,England,Persons,18+ yrs,LSOA11 deprivation deciles within area (IMD  trend),Fourth more deprived decile,2020/21,64.59153,63.77746,65.41951,63.29756,65.89192,,13337.0,,,Worse,Not compared,20200000,,,1y
93088,"Overweight (including obesity) prevalence in adults, (using adjusted self-reported height and weight)",E92000001,England,E92000001,England,England,Persons,18+ yrs,LSOA11 deprivation deciles within area (IMD  trend),Fifth more deprived decile,2020/21,64.50425,63.73282,65.2876,63.27905,65.66796,,14986.0,,,Worse,Not compared,20200000,,,1y
93088,"Overweight (including obesity) prevalence in adults, (using adjusted self-reported height and weight)",E92000001,England,E92000001,England,England,Persons,18+ yrs,LSOA11 deprivation deciles within area (IMD  trend),Fifth less deprived decile,2020/21,62.77308,62.02486,63.51514,61.58441,63.9918,,16574.0,,,Similar,Not compared,20200000,,,1y
93088,"Overweight (including obesity) prevalence in adults, (using adjusted self-reported height and weight)",E92000001,England,E92000001,England,England,Persons,18+ yrs,LSOA11 deprivation deciles within area (IMD  trend),Fourth less deprived decile,2020/21,62.46902,61.74568,63.19199,61.28881,63.61428,,17287.0,,,Better,Not compared,20200000,,,1y
93088,"Overweight (including obesity) prevalence in adults, (using adjusted self-reported height and weight)",E92000001,England,E92000001,England,England,Persons,18+ yrs,LSOA11 deprivation deciles within area (IMD  trend),Third less deprived decile,2020/21,61.45582,60.75591,62.17671,60.33964,62.55967,,18018.0,,,Better,Not compared,20200000,,,1y
93088,"Overweight (including obesity) prevalence in adults, (using adjusted self-reported height and weight)",E92000001,England,E92000001,England,England,Persons,18+ yrs,LSOA11 deprivation deciles within area (IMD  trend),Second least deprived decile,2020/21,60.73976,60.04603,61.44295,59.67673,61.87113,,18684.0,,,Better,Not compared,20200000,,,1y
93088,"Overweight (including obesity) prevalence in adults, (using adjusted self-reported height and weight)",E92000001,England,E92000001,England,England,Persons,18+ yrs,LSOA11 deprivation deciles within area (IMD  trend),Least deprived decile,2020/21,57.98792,57.28799,58.69348,56.89846,59.09881,,18997.0,,,Better,Not compared,20200000,,,1y
93088,"Overweight (including obesity) prevalence in adults, (using adjusted self-reported height and weight)",E92000001,England,E92000001,England,England,Persons,18+ yrs,Level of education,No qualification,2020/21,71.03258,70.19856,71.85908,69.70654,72.31596,,11382.0,,,Worse,Not compared,20200000,,,1y
93088,"Overweight (including obesity) prevalence in adults, (using adjusted self-reported height and weight)",E92000001,England,E92000001,England,England,Persons,18+ yrs,Level of education,Another type of qualification,2020/21,68.0025,66.93148,69.102,66.27888,69.71202,,7049.0,,,Worse,Not compared,20200000,,,1y
93088,"Overweight (including obesity) prevalence in adults, (using adjusted self-reported height and weight)",E92000001,England,E92000001,England,England,Persons,18+ yrs,Level of education,Level 1 and below,2020/21,69.39008,67.73062,71.09786,66.8537,72.0449,,2851.0,,,Worse,Not compared,20200000,,,1y
93088,"Overweight (including obesity) prevalence in adults, (using adjusted self-reported height and weight)",E92000001,England,E92000001,England,England,Persons,18+ yrs,Level of education,Level 2 and equivalent,2020/21,68.24118,67.66484,68.8169,67.35843,69.11922,,24478.0,,,Worse,Not compared,20200000,,,1y
93088,"Overweight (including obesity) prevalence in adults, (using adjusted self-reported height and weight)",E92000001,England,E92000001,England,England,Persons,18+ yrs,Level of education,Level 3 and equivalent,2020/21,67.19337,66.57046,67.81369,66.17972,68.12896,,22522.0,,,Worse,Not compared,20200000,,,1y
93088,"Overweight (including obesity) prevalence in adults, (using adjusted self-reported height and weight)",E92000001,England,E92000001,England,England,Persons,18+ yrs,Level of education,Level 4 and above,2020/21,59.18766,58.84591,59.53363,58.62866,59.70075,,77793.0,,,Better,Not compared,20200000,,,1y
93088,"Overweight (including obesity) prevalence in adults, (using adjusted self-reported height and weight)",E92000001,England,E92000001,England,England,Persons,18+ yrs,Socioeconomic class,"Managerial, administrative and professional occupations",2020/21,54.61611,54.2596,54.96821,54.05563,55.16822,,75500.0,People aged 75 and over are excluded from NS-SeC (National Statistics Socio-economic Classification) economic activity questions in the Active Lives Adult Survey,,Better,Not compared,20200000,,,1y
93088,"Overweight (including obesity) prevalence in adults, (using adjusted self-reported height and weight)",E92000001,England,E92000001,England,England,Persons,18+ yrs,Socioeconomic class,Intermediate occupations,2020/21,55.67136,54.86082,56.48127,54.41074,56.9381,,14442.0,People aged 75 and over are excluded from NS-SeC (National Statistics Socio-economic Classification) economic activity questions in the Active Lives Adult Survey,,Better,Not compared,20200000,,,1y
93088,"Overweight (including obesity) prevalence in adults, (using adjusted self-reported height and weight)",E92000001,England,E92000001,England,England,Persons,18+ yrs,Socioeconomic class,Self-employed and small employers,2020/21,57.75434,56.75763,58.73944,56.18367,59.37838,,9234.0,People aged 75 and over are excluded from NS-SeC (National Statistics Socio-economic Classification) economic activity questions in the Active Lives Adult Survey,,Better,Not compared,20200000,,,1y
93088,"Overweight (including obesity) prevalence in adults, (using adjusted self-reported height and weight)",E92000001,England,E92000001,England,England,Persons,18+ yrs,Socioeconomic class,Lower supervisory and technical occupations,2020/21,62.10067,61.10406,63.07107,60.57529,63.64215,,9456.0,People aged 75 and over are excluded from NS-SeC (National Statistics Socio-economic Classification) economic activity questions in the Active Lives Adult Survey,,Better,Not compared,20200000,,,1y
93088,"Overweight (including obesity) prevalence in adults, (using adjusted self-reported height and weight)",E92000001,England,E92000001,England,England,Persons,18+ yrs,Socioeconomic class,Semi-routine and routine occupations,2020/21,59.36032,58.53677,60.20709,58.02283,60.64546,,13231.0,People aged 75 and over are excluded from NS-SeC (National Statistics Socio-economic Classification) economic activity questions in the Active Lives Adult Survey,,Better,Not compared,20200000,,,1y
93088,"Overweight (including obesity) prevalence in adults, (using adjusted self-reported height and weight)",E92000001,England,E92000001,England,England,Persons,18+ yrs,Socioeconomic class,Long term unemployed or never worked,2020/21,58.11504,56.25439,59.90864,55.23538,61.06817,,2846.0,People aged 75 and over are excluded from NS-SeC (National Statistics Socio-economic Classification) economic activity questions in the Active Lives Adult Survey,,Better,Not compared,20200000,,,1y
93088,"Overweight (including obesity) prevalence in adults, (using adjusted self-reported height and weight)",E92000001,England,E92000001,England,England,Persons,18+ yrs,Socioeconomic class,Students,2020/21,52.68985,50.98761,54.43991,50.01569,55.34986,,3187.0,People aged 75 and over are excluded from NS-SeC (National Statistics Socio-economic Classification) economic activity questions in the Active Lives Adult Survey,,Better,Not compared,20200000,,,1y
93088,"Overweight (including obesity) prevalence in adults, (using adjusted self-reported height and weight)",E92000001,England,E92000001,England,England,Persons,18+ yrs,Socioeconomic class,Other/unclassified,2020/21,56.85858,55.29695,58.48047,54.44085,59.44355,,3738.0,People aged 75 and over are excluded from NS-SeC (National Statistics Socio-economic Classification) economic activity questions in the Active Lives Adult Survey,,Better,Not compared,20200000,,,1y
93088,"Overweight (including obesity) prevalence in adults, (using adjusted self-reported height and weight)",E92000001,England,E92000001,England,England,Persons,18-24 yrs,,,2020/21,36.64413,35.44145,37.83657,34.75265,38.54101,,6388.0,,,Similar,Not compared,20200000,,,1y
93088,"Overweight (including obesity) prevalence in adults, (using adjusted self-reported height and weight)",E92000001,England,E06000001,Hartlepool,Counties & UAs (from Apr 2023),Persons,18+ yrs,,,2020/21,74.00384,69.61722,78.22967,67.22488,80.38278,,418.0,,,Worse,Not compared,20200000,,,1y
93088,"Overweight (including obesity) prevalence in adults, (using adjusted self-reported height and weight)",E92000001,England,E06000002,Middlesbrough,Counties & UAs (from Apr 2023),Persons,18+ yrs,,,2020/21,70.49679,66.00496,74.93797,63.77146,77.17122,,403.0,,,Worse,Not compared,20200000,,,1y
93088,"Overweight (including obesity) prevalence in adults, (using adjusted self-reported height and weight)",E92000001,England,E06000003,Redcar and Cleveland,Counties & UAs (from Apr 2023),Persons,18+ yrs,,,2020/21,68.49472,63.89549,72.92162,61.28266,75.29691,,421.0,,,Worse,Not compared,20200000,,,1y
93088,"Overweight (including obesity) prevalence in adults, (using adjusted self-reported height and weight)",E92000001,England,E06000004,Stockton-on-Tees,Counties & UAs (from Apr 2023),Persons,18+ yrs,,,2020/21,75.62893,71.6895,79.45205,69.17808,81.73516,,438.0,,,Worse,Not compared,20200000,,,1y
93088,"Overweight (including obesity) prevalence in adults, (using adjusted self-reported height and weight)",E92000001,England,E06000005,Darlington,Counties & UAs (from Apr 2023),Persons,18+ yrs,,,2020/21,72.53049,68.01909,76.84964,65.63222,79.23628,,419.0,,,Worse,Not compared,20200000,,,1y
93088,"Overweight (including obesity) prevalence in adults, (using adjusted self-reported height and weight)",E92000001,England,E06000006,Halton,Counties & UAs (from Apr 2023),Persons,18+ yrs,,,2020/21,65.04049,60.34483,69.70443,57.88177,72.16773,,406.0,,,Similar,Not compared,20200000,,,1y
93088,"Overweight (including obesity) prevalence in adults, (using adjusted self-reported height and weight)",E92000001,England,E06000007,Warrington,Counties & UAs (from Apr 2023),Persons,18+ yrs,,,2020/21,64.17707,59.55335,68.98263,56.82382,71.46402,,403.0,,,Similar,Not compared,20200000,,,1y
93088,"Overweight (including obesity) prevalence in adults, (using adjusted self-reported height and weight)",E92000001,England,E06000008,Blackburn with Darwen,Counties & UAs (from Apr 2023),Persons,18+ yrs,,,2020/21,63.23143,58.49515,67.96117,55.825,70.14563,,412.0,,,Similar,Not compared,20200000,,,1y
93088,"Overweight (including obesity) prevalence in adults, (using adjusted self-reported height and weight)",E92000001,England,E06000009,Blackpool,Counties & UAs (from Apr 2023),Persons,18+ yrs,,,2020/21,70.2313,65.59406,74.75248,63.11856,76.9802,,404.0,,,Worse,Not compared,20200000,,,1y
93088,"Overweight (including obesity) prevalence in adults, (using adjusted self-reported height and weight)",E92000001,England,E06000010,Kingston upon Hull,Counties & UAs (from Apr 2023),Persons,18+ yrs,,,2020/21,70.70917,66.15776,75.06361,63.35878,77.09949,,393.0,,,Worse,Not compared,20200000,,,1y
93088,"Overweight (including obesity) prevalence in adults, (using adjusted self-reported height and weight)",E92000001,England,E06000011,East Riding of Yorkshire,Counties & UAs (from Apr 2023),Persons,18+ yrs,,,2020/21,67.57754,63.16964,71.875,60.71429,74.10714,,448.0,,,Similar,Not compared,20200000,,,1y
93088,"Overweight (including obesity) prevalence in adults, (using adjusted self-reported height and weight)",E92000001,England,E06000012,North East Lincolnshire,Counties & UAs (from Apr 2023),Persons,18+ yrs,,,2020/21,67.636,63.0,72.25,60.24975,74.50025,,400.0,,,Similar,Not compared,20200000,,,1y
93088,"Overweight (including obesity) prevalence in adults, (using adjusted self-reported height and weight)",E92000001,England,E06000013,North Lincolnshire,Counties & UAs (from Apr 2023),Persons,18+ yrs,,,2020/21,67.62154,63.11881,72.0297,60.39579,74.75272,,404.0,,,Similar,Not compared,20200000,,,1y
93088,"Overweight (including obesity) prevalence in adults, (using adjusted self-reported height and weight)",E92000001,England,E06000014,York,Counties & UAs (from Apr 2023),Persons,18+ yrs,,,2020/21,63.59347,59.10112,68.08989,56.62899,70.5618,,445.0,,,Similar,Not compared,20200000,,,1y
93088,"Overweight (including obesity) prevalence in adults, (using adjusted self-reported height and weight)",E92000001,England,E06000015,Derby,Counties & UAs (from Apr 2023),Persons,18+ yrs,,,2020/21,65.4227,60.58201,70.10582,57.67196,72.75132,,378.0,,,Similar,Not compared,20200000,,,1y
93088,"Overweight (including obesity) prevalence in adults, (using adjusted self-reported height and weight)",E92000001,England,E06000016,Leicester,Counties & UAs (from Apr 2023),Persons,18+ yrs,,,2020/21,60.22125,55.19126,65.30055,52.45902,68.03279,,366.0,,,Similar,Not compared,20200000,,,1y
93088,"Overweight (including obesity) prevalence in adults, (using adjusted self-reported height and weight)",E92000001,England,E06000017,Rutland,Counties & UAs (from Apr 2023),Persons,18+ yrs,,,2020/21,59.52599,54.98891,63.86364,52.54989,66.29734,,451.0,,,Similar,Not compared,20200000,,,1y
93088,"Overweight (including obesity) prevalence in adults, (using adjusted self-reported height and weight)",E92000001,England,E06000018,Nottingham,Counties & UAs (from Apr 2023),Persons,18+ yrs,,,2020/21,66.77405,64.46541,69.1195,63.14459,70.2517,,1590.0,,,Worse,Not compared,20200000,,,1y
93088,"Overweight (including obesity) prevalence in adults, (using adjusted self-reported height and weight)",E92000001,England,E06000019,Herefordshire,Counties & UAs (from Apr 2023),Persons,18+ yrs,,,2020/21,66.78567,62.23278,71.25891,60.09501,73.6342,,421.0,,,Similar,Not compared,20200000,,,1y
93088,"Overweight (including obesity) prevalence in adults, (using adjusted self-reported height and weight)",E92000001,England,E06000020,Telford and Wrekin,Counties & UAs (from Apr 2023),Persons,18+ yrs,,,2020/21,70.30755,65.93674,74.69586,63.01703,76.88564,,411.0,,,Worse,Not compared,20200000,,,1y
93088,"Overweight (including obesity) prevalence in adults, (using adjusted self-reported height and weight)",E92000001,England,E06000021,Stoke-on-Trent,Counties & UAs (from Apr 2023),Persons,18+ yrs,,,2020/21,68.72947,64.05405,73.24324,60.81081,75.94622,,370.0,,,Worse,Not compared,20200000,,,1y
93088,"Overweight (including obesity) prevalence in adults, (using adjusted self-reported height and weight)",E92000001,England,E06000022,Bath and North East Somerset,Counties & UAs (from Apr 2023),Persons,18+ yrs,,,2020/21,56.02321,51.27021,60.73903,48.96074,63.51039,,433.0,,,Better,Not compared,20200000,,,1y
93088,"Overweight (including obesity) prevalence in adults, (using adjusted self-reported height and weight)",E92000001,England,E06000023,Bristol,Counties & UAs (from Apr 2023),Persons,18+ yrs,,,2020/21,55.24436,52.93782,57.50143,51.56868,58.87051,,1753.0,,,Better,Not compared,20200000,,,1y
93088,"Overweight (including obesity) prevalence in adults, (using adjusted self-reported height and weight)",E92000001,England,E06000024,North Somerset,Counties & UAs (from Apr 2023),Persons,18+ yrs,,,2020/21,64.21038,59.46602,68.93204,57.03883,71.84466,,412.0,,,Similar,Not compared,20200000,,,1y
93088,"Overweight (including obesity) prevalence in adults, (using adjusted self-reported height and weight)",E92000001,England,E06000025,South Gloucestershire,Counties & UAs (from Apr 2023),Persons,18+ yrs,,,2020/21,62.57226,57.67327,67.32673,54.9505,69.80198,,404.0,,,Similar,Not compared,20200000,,,1y
93088,"Overweight (including obesity) prevalence in adults, (using adjusted self-reported height and weight)",E92000001,England,E06000026,Plymouth,Counties & UAs (from Apr 2023),Persons,18+ yrs,,,2020/21,68.7993,64.33566,73.19347,61.77133,75.75758,,429.0,,,Worse,Not compared,20200000,,,1y
93088,"Overweight (including obesity) prevalence in adults, (using adjusted self-reported height and weight)",E92000001,England,E06000027,Torbay,Counties & UAs (from Apr 2023),Persons,18+ yrs,,,2020/21,59.33949,54.78261,63.69565,51.95652,66.08696,,460.0,,,Similar,Not compared,20200000,,,1y
93088,"Overweight (including obesity) prevalence in adults, (using adjusted self-reported height and weight)",E92000001,England,E06000030,Swindon,Counties & UAs (from Apr 2023),Persons,18+ yrs,,,2020/21,64.61629,60.14151,69.10377,57.07524,72.16981,,424.0,,,Similar,Not compared,20200000,,,1y
93088,"Overweight (including obesity) prevalence in adults, (using adjusted self-reported height and weight)",E92000001,England,E06000031,Peterborough,Counties & UAs (from Apr 2023),Persons,18+ yrs,,,2020/21,60.44202,55.66502,65.27094,52.95567,67.9803,,406.0,,,Similar,Not compared,20200000,,,1y
93088,"Overweight (including obesity) prevalence in adults, (using adjusted self-reported height and weight)",E92000001,England,E06000032,Luton,Counties & UAs (from Apr 2023),Persons,18+ yrs,,,2020/21,67.51032,62.73458,72.11796,59.78525,74.5311,,373.0,,,Similar,Not compared,20200000,,,1y
93088,"Overweight (including obesity) prevalence in adults, (using adjusted self-reported height and weight)",E92000001,England,E06000033,Southend-on-Sea,Counties & UAs (from Apr 2023),Persons,18+ yrs,,,2020/21,68.60498,63.93035,73.13433,61.69154,75.37313,,402.0,,,Worse,Not compared,20200000,,,1y
93088,"Overweight (including obesity) prevalence in adults, (using adjusted self-reported height and weight)",E92000001,England,E06000034,Thurrock,Counties & UAs (from Apr 2023),Persons,18+ yrs,,,2020/21,76.34524,72.18045,80.45113,69.67419,82.70677,,399.0,,,Worse,Not compared,20200000,,,1y
93088,"Overweight (including obesity) prevalence in adults, (using adjusted self-reported height and weight)",E92000001,England,E06000035,Medway,Counties & UAs (from Apr 2023),Persons,18+ yrs,,,2020/21,69.3741,64.97462,73.85787,62.18274,76.14213,,394.0,,,Worse,Not compared,20200000,,,1y
93088,"Overweight (including obesity) prevalence in adults, (using adjusted self-reported height and weight)",E92000001,England,E06000036,Bracknell Forest,Counties & UAs (from Apr 2023),Persons,18+ yrs,,,2020/21,63.44743,58.92019,68.07512,56.10329,70.65751,,426.0,,,Similar,Not compared,20200000,,,1y
93088,"Overweight (including obesity) prevalence in adults, (using adjusted self-reported height and weight)",E92000001,England,E06000037,West Berkshire,Counties & UAs (from Apr 2023),Persons,18+ yrs,,,2020/21,60.99339,56.36792,65.56604,54.0092,68.16061,,424.0,,,Similar,Not compared,20200000,,,1y
93088,"Overweight (including obesity) prevalence in adults, (using adjusted self-reported height and weight)",E92000001,England,E06000038,Reading,Counties & UAs (from Apr 2023),Persons,18+ yrs,,,2020/21,62.91278,58.33333,67.59259,55.55556,69.90741,,432.0,,,Similar,Not compared,20200000,,,1y
93088,"Overweight (including obesity) prevalence in adults, (using adjusted self-reported height and weight)",E92000001,England,E06000039,Slough,Counties & UAs (from Apr 2023),Persons,18+ yrs,,,2020/21,61.94904,56.94051,67.13881,53.54079,69.97167,,353.0,,,Similar,Not compared,20200000,,,1y
93088,"Overweight (including obesity) prevalence in adults, (using adjusted self-reported height and weight)",E92000001,England,E06000040,Windsor and Maidenhead,Counties & UAs (from Apr 2023),Persons,18+ yrs,,,2020/21,56.98292,52.31481,61.57407,49.76852,64.12037,,432.0,,,Better,Not compared,20200000,,,1y
93088,"Overweight (including obesity) prevalence in adults, (using adjusted self-reported height and weight)",E92000001,England,E06000041,Wokingham,Counties & UAs (from Apr 2023),Persons,18+ yrs,,,2020/21,59.75412,55.08274,64.3026,52.24563,67.13948,,423.0,,,Similar,Not compared,20200000,,,1y
93088,"Overweight (including obesity) prevalence in adults, (using adjusted self-reported height and weight)",E92000001,England,E06000042,Milton Keynes,Counties & UAs (from Apr 2023),Persons,18+ yrs,,,2020/21,69.13576,65.0,73.26087,62.3913,75.86957,,460.0,,,Worse,Not compared,20200000,,,1y
93088,"Overweight (including obesity) prevalence in adults, (using adjusted self-reported height and weight)",E92000001,England,E06000043,Brighton and Hove,Counties & UAs (from Apr 2023),Persons,18+ yrs,,,2020/21,58.80948,54.25287,63.21839,51.49425,65.97701,,435.0,,,Better,Not compared,20200000,,,1y
93088,"Overweight (including obesity) prevalence in adults, (using adjusted self-reported height and weight)",E92000001,England,E06000044,Portsmouth,Counties & UAs (from Apr 2023),Persons,18+ yrs,,,2020/21,64.71981,60.19417,69.17476,57.52427,71.35947,,412.0,,,Similar,Not compared,20200000,,,1y
93088,"Overweight (including obesity) prevalence in adults, (using adjusted self-reported height and weight)",E92000001,England,E06000045,Southampton,Counties & UAs (from Apr 2023),Persons,18+ yrs,,,2020/21,64.99493,60.59908,69.35484,57.8341,72.35023,,434.0,,,Similar,Not compared,20200000,,,1y
93088,"Overweight (including obesity) prevalence in adults, (using adjusted self-reported height and weight)",E92000001,England,E06000046,Isle of Wight,Counties & UAs (from Apr 2023),Persons,18+ yrs,,,2020/21,61.72617,56.97674,66.27907,53.95349,68.60465,,430.0,,,Similar,Not compared,20200000,,,1y
93088,"Overweight (including obesity) prevalence in adults, (using adjusted self-reported height and weight)",E92000001,England,E06000047,County Durham,Counties & UAs (from Apr 2023),Persons,18+ yrs,,,2020/21,70.62048,66.19718,74.88263,63.84953,77.23028,,426.0,,,Worse,Not compared,20200000,,,1y
93088,"Overweight (including obesity) prevalence in adults, (using adjusted self-reported height and weight)",E92000001,England,E06000049,Cheshire East,Counties & UAs (from Apr 2023),Persons,18+ yrs,,,2020/21,68.30427,63.84439,72.54005,61.32723,75.28604,,437.0,,,Worse,Not compared,20200000,,,1y
93088,"Overweight (including obesity) prevalence in adults, (using adjusted self-reported height and weight)",E92000001,England,E06000050,Cheshire West and Chester,Counties & UAs (from Apr 2023),Persons,18+ yrs,,,2020/21,60.24013,55.80866,64.69248,52.84738,67.42597,,439.0,,,Similar,Not compared,20200000,,,1y
93088,"Overweight (including obesity) prevalence in adults, (using adjusted self-reported height and weight)",E92000001,England,E06000051,Shropshire,Counties & UAs (from Apr 2023),Persons,18+ yrs,,,2020/21,67.56717,63.33333,71.77778,60.66644,74.00022,,450.0,,,Worse,Not compared,20200000,,,1y
93088,"Overweight (including obesity) prevalence in adults, (using adjusted self-reported height and weight)",E92000001,England,E06000052,Cornwall,Counties & UAs (from Apr 2023),Persons,18+ yrs,,,2020/21,62.70672,58.10185,67.36111,55.55556,70.13889,,432.0,,,Similar,Not compared,20200000,,,1y
93088,"Overweight (including obesity) prevalence in adults, (using adjusted self-reported height and weight)",E92000001,England,E06000053,Isles of Scilly,Counties & UAs (from Apr 2023),Persons,18+ yrs,,,2020/21,57.30931,50.0,64.88095,45.2381,69.04762,,168.0,,,Similar,Not compared,20200000,,,1y
93088,"Overweight (including obesity) prevalence in adults, (using adjusted self-reported height and weight)",E92000001,England,E06000054,Wiltshire,Counties & UAs (from Apr 2023),Persons,18+ yrs,,,2020/21,61.78711,57.10956,66.43357,54.54545,68.76457,,429.0,,,Similar,Not compared,20200000,,,1y
93088,"Overweight (including obesity) prevalence in adults, (using adjusted self-reported height and weight)",E92000001,England,E06000055,Bedford,Counties & UAs (from Apr 2023),Persons,18+ yrs,,,2020/21,62.81817,58.29493,67.28111,55.52995,69.58525,,434.0,,,Similar,Not compared,20200000,,,1y
93088,"Overweight (including obesity) prevalence in adults, (using adjusted self-reported height and weight)",E92000001,England,E06000056,Central Bedfordshire,Counties & UAs (from Apr 2023),Persons,18+ yrs,,,2020/21,65.34863,60.92715,69.75717,58.27815,72.40618,,453.0,,,Similar,Not compared,20200000,,,1y
93088,"Overweight (including obesity) prevalence in adults, (using adjusted self-reported height and weight)",E92000001,England,E06000057,Northumberland,Counties & UAs (from Apr 2023),Persons,18+ yrs,,,2020/21,65.88753,61.46993,70.1559,58.7971,72.60601,,449.0,,,Similar,Not compared,20200000,,,1y
93088,"Overweight (including obesity) prevalence in adults, (using adjusted self-reported height and weight)",E92000001,England,E06000058,"Bournemouth, Christchurch and Poole",Counties & UAs (from Apr 2023),Persons,18+ yrs,,,2020/21,63.50217,58.83777,68.03874,56.41622,70.70242,,413.0,,,Similar,Not compared,20200000,,,1y
93088,"Overweight (including obesity) prevalence in adults, (using adjusted self-reported height and weight)",E92000001,England,E06000059,Dorset,Counties & UAs (from Apr 2023),Persons,18+ yrs,,,2020/21,59.0403,54.5657,63.6971,51.67038,65.9245,,449.0,,,Similar,Not compared,20200000,,,1y
93088,"Overweight (including obesity) prevalence in adults, (using adjusted self-reported height and weight)",E92000001,England,E06000060,Buckinghamshire UA,Counties & UAs (from Apr 2023),Persons,18+ yrs,,,2020/21,60.95462,56.49351,65.36797,53.67944,67.96537,,462.0,,,Similar,Not compared,20200000,,,1y
93088,"Overweight (including obesity) prevalence in adults, (using adjusted self-reported height and weight)",E92000001,England,E06000061,North Northamptonshire,Counties & UAs (from Apr 2023),Persons,18+ yrs,,,2020/21,69.21061,66.99365,71.43681,65.66642,72.70629,,1733.0,,,Worse,Not compared,20200000,,,1y
93088,"Overweight (including obesity) prevalence in adults, (using adjusted self-reported height and weight)",E92000001,England,E06000062,West Northamptonshire,Counties & UAs (from Apr 2023),Persons,18+ yrs,,,2020/21,68.90611,66.40747,71.38414,65.00778,72.70614,,1286.0,,,Worse,Not compared,20200000,,,1y
93088,"Overweight (including obesity) prevalence in adults, (using adjusted self-reported height and weight)",E92000001,England,E06000063,Cumberland,Counties & UAs (from Apr 2023),Persons,18+ yrs,,,2020/21,64.56275,62.00743,67.13755,60.4461,68.40149,,1345.0,,,Similar,Not compared,20200000,,,1y
93088,"Overweight (including obesity) prevalence in adults, (using adjusted self-reported height and weight)",E92000001,England,E06000064,Westmorland and Furness,Counties & UAs (from Apr 2023),Persons,18+ yrs,,,2020/21,61.78934,59.1594,64.47264,57.81118,66.05876,,1261.0,,,Similar,Not compared,20200000,,,1y
93088,"Overweight (including obesity) prevalence in adults, (using adjusted self-reported height and weight)",E92000001,England,E06000065,North Yorkshire UA,Counties & UAs (from Apr 2023),Persons,18+ yrs,,,2020/21,61.29788,59.55383,63.01326,58.61623,63.88626,,3093.0,,,Better,Not compared,20200000,,,1y
93088,"Overweight (including obesity) prevalence in adults, (using adjusted self-reported height and weight)",E92000001,England,E06000066,Somerset UA,Counties & UAs (from Apr 2023),Persons,18+ yrs,,,2020/21,62.12852,59.79021,64.39394,58.44988,65.61777,,1716.0,,,Similar,Not compared,20200000,,,1y
93088,"Overweight (including obesity) prevalence in adults, (using adjusted self-reported height and weight)",E92000001,England,E08000001,Bolton,Counties & UAs (from Apr 2023),Persons,18+ yrs,,,2020/21,63.33139,59.97506,66.70823,57.85524,68.70324,,802.0,,,Similar,Not compared,20200000,,,1y
93088,"Overweight (including obesity) prevalence in adults, (using adjusted self-reported height and weight)",E92000001,England,E08000002,Bury,Counties & UAs (from Apr 2023),Persons,18+ yrs,,,2020/21,61.55757,58.31382,64.7541,56.44028,66.74485,,854.0,,,Similar,Not compared,20200000,,,1y
93088,"Overweight (including obesity) prevalence in adults, (using adjusted self-reported height and weight)",E92000001,England,E08000003,Manchester,Counties & UAs (from Apr 2023),Persons,18+ yrs,,,2020/21,61.49403,59.11169,63.87982,57.54402,65.38217,,1531.0,,,Similar,Not compared,20200000,,,1y
93088,"Overweight (including obesity) prevalence in adults, (using adjusted self-reported height and weight)",E92000001,England,E08000004,Oldham,Counties & UAs (from Apr 2023),Persons,18+ yrs,,,2020/21,70.04239,66.79587,73.25581,64.72868,74.9354,,774.0,,,Worse,Not compared,20200000,,,1y
93088,"Overweight (including obesity) prevalence in adults, (using adjusted self-reported height and weight)",E92000001,England,E08000005,Rochdale,Counties & UAs (from Apr 2023),Persons,18+ yrs,,,2020/21,69.72973,66.66667,72.78177,64.74796,74.58046,,834.0,,,Worse,Not compared,20200000,,,1y
93088,"Overweight (including obesity) prevalence in adults, (using adjusted self-reported height and weight)",E92000001,England,E08000006,Salford,Counties & UAs (from Apr 2023),Persons,18+ yrs,,,2020/21,66.15803,62.96729,69.2757,61.33178,71.14486,,856.0,,,Similar,Not compared,20200000,,,1y
93088,"Overweight (including obesity) prevalence in adults, (using adjusted self-reported height and weight)",E92000001,England,E08000007,Stockport,Counties & UAs (from Apr 2023),Persons,18+ yrs,,,2020/21,62.86017,59.61995,66.27078,57.95724,67.93349,,842.0,,,Similar,Not compared,20200000,,,1y
93088,"Overweight (including obesity) prevalence in adults, (using adjusted self-reported height and weight)",E92000001,England,E08000008,Tameside,Counties & UAs (from Apr 2023),Persons,18+ yrs,,,2020/21,70.34522,67.2209,73.39667,65.43943,75.05938,,842.0,,,Worse,Not compared,20200000,,,1y
93088,"Overweight (including obesity) prevalence in adults, (using adjusted self-reported height and weight)",E92000001,England,E08000009,Trafford,Counties & UAs (from Apr 2023),Persons,18+ yrs,,,2020/21,60.38223,57.02765,63.59447,55.18422,65.4379,,868.0,,,Similar,Not compared,20200000,,,1y
93088,"Overweight (including obesity) prevalence in adults, (using adjusted self-reported height and weight)",E92000001,England,E08000010,Wigan,Counties & UAs (from Apr 2023),Persons,18+ yrs,,,2020/21,73.54722,70.47841,76.4294,68.84481,78.29638,,857.0,,,Worse,Not compared,20200000,,,1y
93088,"Overweight (including obesity) prevalence in adults, (using adjusted self-reported height and weight)",E92000001,England,E08000011,Knowsley,Counties & UAs (from Apr 2023),Persons,18+ yrs,,,2020/21,73.80951,69.35065,78.18182,66.49351,80.51948,,385.0,,,Worse,Not compared,20200000,,,1y
93088,"Overweight (including obesity) prevalence in adults, (using adjusted self-reported height and weight)",E92000001,England,E08000012,Liverpool,Counties & UAs (from Apr 2023),Persons,18+ yrs,,,2020/21,65.83175,63.40732,68.08638,62.26755,69.2862,,1667.0,,,Worse,Not compared,20200000,,,1y
93088,"Overweight (including obesity) prevalence in adults, (using adjusted self-reported height and weight)",E92000001,England,E08000013,St. Helens,Counties & UAs (from Apr 2023),Persons,18+ yrs,,,2020/21,66.99146,62.49399,71.39423,59.61538,73.79808,,416.0,,,Similar,Not compared,20200000,,,1y
93088,"Overweight (including obesity) prevalence in adults, (using adjusted self-reported height and weight)",E92000001,England,E08000014,Sefton,Counties & UAs (from Apr 2023),Persons,18+ yrs,,,2020/21,71.47699,67.15686,75.73529,64.46054,78.18652,,408.0,,,Worse,Not compared,20200000,,,1y
93088,"Overweight (including obesity) prevalence in adults, (using adjusted self-reported height and weight)",E92000001,England,E08000015,Wirral,Counties & UAs (from Apr 2023),Persons,18+ yrs,,,2020/21,71.72008,67.44731,75.87822,64.87119,78.22014,,427.0,,,Worse,Not compared,20200000,,,1y
93088,"Overweight (including obesity) prevalence in adults, (using adjusted self-reported height and weight)",E92000001,England,E08000016,Barnsley,Counties & UAs (from Apr 2023),Persons,18+ yrs,,,2020/21,70.43861,66.10979,74.70167,63.24558,77.32697,,419.0,,,Worse,Not compared,20200000,,,1y
93088,"Overweight (including obesity) prevalence in adults, (using adjusted self-reported height and weight)",E92000001,England,E08000017,Doncaster,Counties & UAs (from Apr 2023),Persons,18+ yrs,,,2020/21,70.97247,69.33008,72.67969,68.35307,73.5171,,2866.0,,,Worse,Not compared,20200000,,,1y
93088,"Overweight (including obesity) prevalence in adults, (using adjusted self-reported height and weight)",E92000001,England,E08000018,Rotherham,Counties & UAs (from Apr 2023),Persons,18+ yrs,,,2020/21,68.20518,63.59102,73.06733,60.84763,75.31172,,401.0,,,Worse,Not compared,20200000,,,1y
93088,"Overweight (including obesity) prevalence in adults, (using adjusted self-reported height and weight)",E92000001,England,E08000019,Sheffield,Counties & UAs (from Apr 2023),Persons,18+ yrs,,,2020/21,63.85963,61.56584,66.13286,60.14229,67.43772,,1686.0,,,Similar,Not compared,20200000,,,1y
93088,"Overweight (including obesity) prevalence in adults, (using adjusted self-reported height and weight)",E92000001,England,E08000021,Newcastle upon Tyne,Counties & UAs (from Apr 2023),Persons,18+ yrs,,,2020/21,66.42891,64.1997,68.69822,62.95858,70.11834,,1690.0,,,Worse,Not compared,20200000,,,1y
93088,"Overweight (including obesity) prevalence in adults, (using adjusted self-reported height and weight)",E92000001,England,E08000022,North Tyneside,Counties & UAs (from Apr 2023),Persons,18+ yrs,,,2020/21,65.86183,61.35831,70.25761,58.31358,72.83372,,427.0,,,Similar,Not compared,20200000,,,1y
93088,"Overweight (including obesity) prevalence in adults, (using adjusted self-reported height and weight)",E92000001,England,E08000023,South Tyneside,Counties & UAs (from Apr 2023),Persons,18+ yrs,,,2020/21,65.90019,61.11111,70.70707,58.08081,73.4851,,396.0,,,Similar,Not compared,20200000,,,1y
93088,"Overweight (including obesity) prevalence in adults, (using adjusted self-reported height and weight)",E92000001,England,E08000024,Sunderland,Counties & UAs (from Apr 2023),Persons,18+ yrs,,,2020/21,69.14693,64.73318,73.31787,62.18097,75.87007,,431.0,,,Worse,Not compared,20200000,,,1y
93088,"Overweight (including obesity) prevalence in adults, (using adjusted self-reported height and weight)",E92000001,England,E08000025,Birmingham,Counties & UAs (from Apr 2023),Persons,18+ yrs,,,2020/21,63.4662,61.03316,65.81633,59.69388,67.28323,,1568.0,,,Similar,Not compared,20200000,,,1y
93088,"Overweight (including obesity) prevalence in adults, (using adjusted self-reported height and weight)",E92000001,England,E08000026,Coventry,Counties & UAs (from Apr 2023),Persons,18+ yrs,,,2020/21,68.36599,65.09554,71.71975,63.05732,73.24841,,785.0,,,Worse,Not compared,20200000,,,1y
93088,"Overweight (including obesity) prevalence in adults, (using adjusted self-reported height and weight)",E92000001,England,E08000027,Dudley,Counties & UAs (from Apr 2023),Persons,18+ yrs,,,2020/21,66.49095,61.97531,71.11111,59.01235,73.58025,,405.0,,,Similar,Not compared,20200000,,,1y
93088,"Overweight (including obesity) prevalence in adults, (using adjusted self-reported height and weight)",E92000001,England,E08000028,Sandwell,Counties & UAs (from Apr 2023),Persons,18+ yrs,,,2020/21,70.8247,66.33416,75.31172,64.08978,77.80549,,401.0,,,Worse,Not compared,20200000,,,1y
93088,"Overweight (including obesity) prevalence in adults, (using adjusted self-reported height and weight)",E92000001,England,E08000029,Solihull,Counties & UAs (from Apr 2023),Persons,18+ yrs,,,2020/21,62.75094,58.15085,67.39659,55.2309,69.82968,,411.0,,,Similar,Not compared,20200000,,,1y
93088,"Overweight (including obesity) prevalence in adults, (using adjusted self-reported height and weight)",E92000001,England,E08000030,Walsall,Counties & UAs (from Apr 2023),Persons,18+ yrs,,,2020/21,71.52771,67.37089,75.8216,64.7885,78.40376,,426.0,,,Worse,Not compared,20200000,,,1y
93088,"Overweight (including obesity) prevalence in adults, (using adjusted self-reported height and weight)",E92000001,England,E08000031,Wolverhampton,Counties & UAs (from Apr 2023),Persons,18+ yrs,,,2020/21,67.47896,62.92683,71.95122,60.0,74.39024,,410.0,,,Similar,Not compared,20200000,,,1y
93088,"Overweight (including obesity) prevalence in adults, (using adjusted self-reported height and weight)",E92000001,England,E08000032,Bradford,Counties & UAs (from Apr 2023),Persons,18+ yrs,,,2020/21,63.22333,58.35411,67.83042,55.8601,70.82294,,401.0,,,Similar,Not compared,20200000,,,1y
93088,"Overweight (including obesity) prevalence in adults, (using adjusted self-reported height and weight)",E92000001,England,E08000033,Calderdale,Counties & UAs (from Apr 2023),Persons,18+ yrs,,,2020/21,63.25513,60.06985,66.47264,58.32363,68.21886,,859.0,,,Similar,Not compared,20200000,,,1y
93088,"Overweight (including obesity) prevalence in adults, (using adjusted self-reported height and weight)",E92000001,England,E08000034,Kirklees,Counties & UAs (from Apr 2023),Persons,18+ yrs,,,2020/21,69.67284,64.87179,74.10256,62.30744,76.41051,,390.0,,,Worse,Not compared,20200000,,,1y
93088,"Overweight (including obesity) prevalence in adults, (using adjusted self-reported height and weight)",E92000001,England,E08000035,Leeds,Counties & UAs (from Apr 2023),Persons,18+ yrs,,,2020/21,63.37708,61.10794,65.67676,60.0799,66.87613,,1751.0,,,Similar,Not compared,20200000,,,1y
93088,"Overweight (including obesity) prevalence in adults, (using adjusted self-reported height and weight)",E92000001,England,E08000036,Wakefield,Counties & UAs (from Apr 2023),Persons,18+ yrs,,,2020/21,70.74031,66.16541,75.18797,63.65915,77.94486,,399.0,,,Worse,Not compared,20200000,,,1y
93088,"Overweight (including obesity) prevalence in adults, (using adjusted self-reported height and weight)",E92000001,England,E08000037,Gateshead,Counties & UAs (from Apr 2023),Persons,18+ yrs,,,2020/21,73.34094,69.10755,77.34554,66.81922,79.40503,,437.0,,,Worse,Not compared,20200000,,,1y
93088,"Overweight (including obesity) prevalence in adults, (using adjusted self-reported height and weight)",E92000001,England,E09000001,City of London,Counties & UAs (from Apr 2023),Persons,18+ yrs,,,2020/21,51.10147,44.73684,57.46711,40.35088,60.96491,,228.0,,,Better,Not compared,20200000,,,1y
93088,"Overweight (including obesity) prevalence in adults, (using adjusted self-reported height and weight)",E92000001,England,E09000002,Barking and Dagenham,Counties & UAs (from Apr 2023),Persons,18+ yrs,,,2020/21,64.12096,59.06593,68.95604,56.04396,71.42857,,364.0,,,Similar,Not compared,20200000,,,1y
93088,"Overweight (including obesity) prevalence in adults, (using adjusted self-reported height and weight)",E92000001,England,E09000003,Barnet,Counties & UAs (from Apr 2023),Persons,18+ yrs,,,2020/21,61.12333,56.44769,65.93674,53.52774,68.85645,,411.0,,,Similar,Not compared,20200000,,,1y
93088,"Overweight (including obesity) prevalence in adults, (using adjusted self-reported height and weight)",E92000001,England,E09000004,Bexley,Counties & UAs (from Apr 2023),Persons,18+ yrs,,,2020/21,64.60953,59.79899,69.34673,57.28643,71.60829,,398.0,,,Similar,Not compared,20200000,,,1y
93088,"Overweight (including obesity) prevalence in adults, (using adjusted self-reported height and weight)",E92000001,England,E09000005,Brent,Counties & UAs (from Apr 2023),Persons,18+ yrs,,,2020/21,55.78522,50.5618,60.95506,47.75281,63.76404,,356.0,,,Better,Not compared,20200000,,,1y
93088,"Overweight (including obesity) prevalence in adults, (using adjusted self-reported height and weight)",E92000001,England,E09000006,Bromley,Counties & UAs (from Apr 2023),Persons,18+ yrs,,,2020/21,58.02917,53.22196,62.7685,50.59666,65.39379,,419.0,,,Better,Not compared,20200000,,,1y
93088,"Overweight (including obesity) prevalence in adults, (using adjusted self-reported height and weight)",E92000001,England,E09000007,Camden,Counties & UAs (from Apr 2023),Persons,18+ yrs,,,2020/21,50.16364,45.41063,55.07246,42.51208,57.48792,,414.0,,,Better,Not compared,20200000,,,1y
93088,"Overweight (including obesity) prevalence in adults, (using adjusted self-reported height and weight)",E92000001,England,E09000008,Croydon,Counties & UAs (from Apr 2023),Persons,18+ yrs,,,2020/21,61.68063,56.70103,66.49485,54.12345,68.81443,,388.0,,,Similar,Not compared,20200000,,,1y
93088,"Overweight (including obesity) prevalence in adults, (using adjusted self-reported height and weight)",E92000001,England,E09000009,Ealing,Counties & UAs (from Apr 2023),Persons,18+ yrs,,,2020/21,52.95884,48.0916,57.76081,45.03791,60.8145,,393.0,,,Better,Not compared,20200000,,,1y
93088,"Overweight (including obesity) prevalence in adults, (using adjusted self-reported height and weight)",E92000001,England,E09000010,Enfield,Counties & UAs (from Apr 2023),Persons,18+ yrs,,,2020/21,60.89361,55.98958,65.63151,53.125,68.75,,384.0,,,Similar,Not compared,20200000,,,1y
93088,"Overweight (including obesity) prevalence in adults, (using adjusted self-reported height and weight)",E92000001,England,E09000011,Greenwich,Counties & UAs (from Apr 2023),Persons,18+ yrs,,,2020/21,61.9036,56.99482,66.83938,54.14508,69.17098,,386.0,,,Similar,Not compared,20200000,,,1y
93088,"Overweight (including obesity) prevalence in adults, (using adjusted self-reported height and weight)",E92000001,England,E09000012,Hackney,Counties & UAs (from Apr 2023),Persons,18+ yrs,,,2020/21,52.36684,47.4934,57.51979,44.85488,60.15831,,379.0,,,Better,Not compared,20200000,,,1y
93088,"Overweight (including obesity) prevalence in adults, (using adjusted self-reported height and weight)",E92000001,England,E09000013,Hammersmith and Fulham,Counties & UAs (from Apr 2023),Persons,18+ yrs,,,2020/21,46.43554,41.54229,51.49254,38.80597,53.9801,,402.0,,,Better,Not compared,20200000,,,1y
93088,"Overweight (including obesity) prevalence in adults, (using adjusted self-reported height and weight)",E92000001,England,E09000014,Haringey,Counties & UAs (from Apr 2023),Persons,18+ yrs,,,2020/21,49.09718,44.21594,53.98458,41.38817,56.81234,,389.0,,,Better,Not compared,20200000,,,1y
93088,"Overweight (including obesity) prevalence in adults, (using adjusted self-reported height and weight)",E92000001,England,E09000015,Harrow,Counties & UAs (from Apr 2023),Persons,18+ yrs,,,2020/21,52.96188,47.83715,58.01527,45.29237,60.5598,,393.0,,,Better,Not compared,20200000,,,1y
93088,"Overweight (including obesity) prevalence in adults, (using adjusted self-reported height and weight)",E92000001,England,E09000016,Havering,Counties & UAs (from Apr 2023),Persons,18+ yrs,,,2020/21,68.81589,64.11609,73.35092,61.47757,75.98945,,379.0,,,Worse,Not compared,20200000,,,1y
93088,"Overweight (including obesity) prevalence in adults, (using adjusted self-reported height and weight)",E92000001,England,E09000017,Hillingdon,Counties & UAs (from Apr 2023),Persons,18+ yrs,,,2020/21,55.73756,50.78125,60.67708,47.65599,63.54167,,384.0,,,Better,Not compared,20200000,,,1y
93088,"Overweight (including obesity) prevalence in adults, (using adjusted self-reported height and weight)",E92000001,England,E09000018,Hounslow,Counties & UAs (from Apr 2023),Persons,18+ yrs,,,2020/21,63.1756,58.56079,67.74194,55.83127,70.22333,,403.0,,,Similar,Not compared,20200000,,,1y
93088,"Overweight (including obesity) prevalence in adults, (using adjusted self-reported height and weight)",E92000001,England,E09000019,Islington,Counties & UAs (from Apr 2023),Persons,18+ yrs,,,2020/21,43.51638,38.91403,48.19005,36.65158,50.90498,,442.0,,,Better,Not compared,20200000,,,1y
93088,"Overweight (including obesity) prevalence in adults, (using adjusted self-reported height and weight)",E92000001,England,E09000020,Kensington and Chelsea,Counties & UAs (from Apr 2023),Persons,18+ yrs,,,2020/21,46.25466,41.46341,51.21951,38.78049,53.90268,,410.0,,,Better,Not compared,20200000,,,1y
93088,"Overweight (including obesity) prevalence in adults, (using adjusted self-reported height and weight)",E92000001,England,E09000021,Kingston upon Thames,Counties & UAs (from Apr 2023),Persons,18+ yrs,,,2020/21,57.22628,52.47525,61.88119,49.50495,64.60396,,404.0,,,Better,Not compared,20200000,,,1y
93088,"Overweight (including obesity) prevalence in adults, (using adjusted self-reported height and weight)",E92000001,England,E09000022,Lambeth,Counties & UAs (from Apr 2023),Persons,18+ yrs,,,2020/21,57.66151,52.83019,62.26415,50.70755,64.85849,,424.0,,,Better,Not compared,20200000,,,1y
93088,"Overweight (including obesity) prevalence in adults, (using adjusted self-reported height and weight)",E92000001,England,E09000023,Lewisham,Counties & UAs (from Apr 2023),Persons,18+ yrs,,,2020/21,51.01852,45.81152,56.02094,42.93141,59.1623,,382.0,,,Better,Not compared,20200000,,,1y
93088,"Overweight (including obesity) prevalence in adults, (using adjusted self-reported height and weight)",E92000001,England,E09000024,Merton,Counties & UAs (from Apr 2023),Persons,18+ yrs,,,2020/21,50.3728,45.21964,55.55556,42.37726,58.13953,,387.0,,,Better,Not compared,20200000,,,1y
93088,"Overweight (including obesity) prevalence in adults, (using adjusted self-reported height and weight)",E92000001,England,E09000025,Newham,Counties & UAs (from Apr 2023),Persons,18+ yrs,,,2020/21,61.24938,56.30252,66.38655,53.22129,68.90784,,357.0,,,Similar,Not compared,20200000,,,1y
93088,"Overweight (including obesity) prevalence in adults, (using adjusted self-reported height and weight)",E92000001,England,E09000026,Redbridge,Counties & UAs (from Apr 2023),Persons,18+ yrs,,,2020/21,57.4482,52.67176,62.34097,50.12697,65.13995,,393.0,,,Better,Not compared,20200000,,,1y
93088,"Overweight (including obesity) prevalence in adults, (using adjusted self-reported height and weight)",E92000001,England,E09000027,Richmond upon Thames,Counties & UAs (from Apr 2023),Persons,18+ yrs,,,2020/21,44.32103,39.67136,49.06103,36.85446,52.34765,,426.0,,,Better,Not compared,20200000,,,1y
93088,"Overweight (including obesity) prevalence in adults, (using adjusted self-reported height and weight)",E92000001,England,E09000028,Southwark,Counties & UAs (from Apr 2023),Persons,18+ yrs,,,2020/21,47.92158,43.10777,52.88221,40.35063,55.38847,,399.0,,,Better,Not compared,20200000,,,1y
93088,"Overweight (including obesity) prevalence in adults, (using adjusted self-reported height and weight)",E92000001,England,E09000029,Sutton,Counties & UAs (from Apr 2023),Persons,18+ yrs,,,2020/21,62.78525,57.98122,67.37089,55.39906,69.71831,,426.0,,,Similar,Not compared,20200000,,,1y
93088,"Overweight (including obesity) prevalence in adults, (using adjusted self-reported height and weight)",E92000001,England,E09000030,Tower Hamlets,Counties & UAs (from Apr 2023),Persons,18+ yrs,,,2020/21,53.47071,48.51752,58.49057,45.28302,61.45553,,371.0,,,Better,Not compared,20200000,,,1y
93088,"Overweight (including obesity) prevalence in adults, (using adjusted self-reported height and weight)",E92000001,England,E09000031,Waltham Forest,Counties & UAs (from Apr 2023),Persons,18+ yrs,,,2020/21,54.68428,49.86504,59.6401,47.0437,62.46787,,389.0,,,Better,Not compared,20200000,,,1y
93088,"Overweight (including obesity) prevalence in adults, (using adjusted self-reported height and weight)",E92000001,England,E09000032,Wandsworth,Counties & UAs (from Apr 2023),Persons,18+ yrs,,,2020/21,49.66695,44.94382,54.38202,42.24719,57.30337,,445.0,,,Better,Not compared,20200000,,,1y
93088,"Overweight (including obesity) prevalence in adults, (using adjusted self-reported height and weight)",E92000001,England,E09000033,Westminster,Counties & UAs (from Apr 2023),Persons,18+ yrs,,,2020/21,44.61158,39.70944,49.6368,37.046,52.54262,,413.0,,,Better,Not compared,20200000,,,1y
93088,"Overweight (including obesity) prevalence in adults, (using adjusted self-reported height and weight)",E92000001,England,E10000003,Cambridgeshire,Counties & UAs (from Apr 2023),Persons,18+ yrs,,,2020/21,60.74968,58.73383,62.80037,57.62472,63.90966,,2164.0,,,Better,Not compared,20200000,,,1y
93088,"Overweight (including obesity) prevalence in adults, (using adjusted self-reported height and weight)",E92000001,England,E10000007,Derbyshire,Counties & UAs (from Apr 2023),Persons,18+ yrs,,,2020/21,69.10532,67.56678,70.6446,66.66664,71.51568,,3444.0,,,Worse,Not compared,20200000,,,1y
93088,"Overweight (including obesity) prevalence in adults, (using adjusted self-reported height and weight)",E92000001,England,E10000008,Devon,Counties & UAs (from Apr 2023),Persons,18+ yrs,,,2020/21,61.93272,60.34134,63.58114,59.32884,64.5068,,3457.0,,,Similar,Not compared,20200000,,,1y
93088,"Overweight (including obesity) prevalence in adults, (using adjusted self-reported height and weight)",E92000001,England,E10000011,East Sussex,Counties & UAs (from Apr 2023),Persons,18+ yrs,,,2020/21,64.87313,62.93419,66.86472,61.74589,67.9159,,2188.0,,,Similar,Not compared,20200000,,,1y
93088,"Overweight (including obesity) prevalence in adults, (using adjusted self-reported height and weight)",E92000001,England,E10000012,Essex,Counties & UAs (from Apr 2023),Persons,18+ yrs,,,2020/21,65.70519,64.41406,67.03125,63.69137,67.91016,,5120.0,,,Worse,Not compared,20200000,,,1y
93088,"Overweight (including obesity) prevalence in adults, (using adjusted self-reported height and weight)",E92000001,England,E10000013,Gloucestershire,Counties & UAs (from Apr 2023),Persons,18+ yrs,,,2020/21,64.84066,62.94678,66.71962,61.95389,67.71251,,2518.0,,,Similar,Not compared,20200000,,,1y
93088,"Overweight (including obesity) prevalence in adults, (using adjusted self-reported height and weight)",E92000001,England,E10000014,Hampshire,Counties & UAs (from Apr 2023),Persons,18+ yrs,,,2020/21,63.16119,61.80599,64.53017,61.0727,65.32583,,4773.0,,,Similar,Not compared,20200000,,,1y
93088,"Overweight (including obesity) prevalence in adults, (using adjusted self-reported height and weight)",E92000001,England,E10000015,Hertfordshire,Counties & UAs (from Apr 2023),Persons,18+ yrs,,,2020/21,61.7849,60.30879,63.25416,59.45368,64.03803,,4210.0,,,Better,Not compared,20200000,,,1y
93088,"Overweight (including obesity) prevalence in adults, (using adjusted self-reported height and weight)",E92000001,England,E10000016,Kent,Counties & UAs (from Apr 2023),Persons,18+ yrs,,,2020/21,63.10152,61.7618,64.40895,61.03099,65.11949,,5063.0,,,Similar,Not compared,20200000,,,1y
93088,"Overweight (including obesity) prevalence in adults, (using adjusted self-reported height and weight)",E92000001,England,E10000017,Lancashire,Counties & UAs (from Apr 2023),Persons,18+ yrs,,,2020/21,66.38276,65.0641,67.6883,64.36296,68.48958,,4992.0,,,Worse,Not compared,20200000,,,1y
93088,"Overweight (including obesity) prevalence in adults, (using adjusted self-reported height and weight)",E92000001,England,E10000018,Leicestershire,Counties & UAs (from Apr 2023),Persons,18+ yrs,,,2020/21,64.76926,63.05836,66.41669,62.08018,67.42749,,3067.0,,,Similar,Not compared,20200000,,,1y
93088,"Overweight (including obesity) prevalence in adults, (using adjusted self-reported height and weight)",E92000001,England,E10000019,Lincolnshire,Counties & UAs (from Apr 2023),Persons,18+ yrs,,,2020/21,67.47575,65.78411,69.17855,64.86758,70.12902,,2946.0,,,Worse,Not compared,20200000,,,1y
93088,"Overweight (including obesity) prevalence in adults, (using adjusted self-reported height and weight)",E92000001,England,E10000020,Norfolk,Counties & UAs (from Apr 2023),Persons,18+ yrs,,,2020/21,64.10537,62.40452,65.82531,61.40817,66.85487,,3011.0,,,Similar,Not compared,20200000,,,1y
93088,"Overweight (including obesity) prevalence in adults, (using adjusted self-reported height and weight)",E92000001,England,E10000024,Nottinghamshire,Counties & UAs (from Apr 2023),Persons,18+ yrs,,,2020/21,64.82642,63.11561,66.64338,62.06776,67.69127,,2863.0,,,Similar,Not compared,20200000,,,1y
93088,"Overweight (including obesity) prevalence in adults, (using adjusted self-reported height and weight)",E92000001,England,E10000025,Oxfordshire,Counties & UAs (from Apr 2023),Persons,18+ yrs,,,2020/21,57.86637,55.74766,60.0,54.5793,61.07477,,2140.0,,,Better,Not compared,20200000,,,1y
93088,"Overweight (including obesity) prevalence in adults, (using adjusted self-reported height and weight)",E92000001,England,E10000028,Staffordshire,Counties & UAs (from Apr 2023),Persons,18+ yrs,,,2020/21,68.61087,67.05744,70.16413,66.17817,71.10199,,3412.0,,,Worse,Not compared,20200000,,,1y
93088,"Overweight (including obesity) prevalence in adults, (using adjusted self-reported height and weight)",E92000001,England,E10000029,Suffolk,Counties & UAs (from Apr 2023),Persons,18+ yrs,,,2020/21,62.89765,60.82863,64.92467,59.51036,66.14878,,2124.0,,,Similar,Not compared,20200000,,,1y
93088,"Overweight (including obesity) prevalence in adults, (using adjusted self-reported height and weight)",E92000001,England,E10000030,Surrey,Counties & UAs (from Apr 2023),Persons,18+ yrs,,,2020/21,59.07115,57.64957,60.49145,56.92303,61.34622,,4680.0,,,Better,Not compared,20200000,,,1y
93088,"Overweight (including obesity) prevalence in adults, (using adjusted self-reported height and weight)",E92000001,England,E10000031,Warwickshire,Counties & UAs (from Apr 2023),Persons,18+ yrs,,,2020/21,65.51804,63.43356,67.55577,62.1241,68.6227,,2062.0,,,Worse,Not compared,20200000,,,1y
93088,"Overweight (including obesity) prevalence in adults, (using adjusted self-reported height and weight)",E92000001,England,E10000032,West Sussex,Counties & UAs (from Apr 2023),Persons,18+ yrs,,,2020/21,63.64504,61.92661,65.36697,60.87805,66.2844,,3052.0,,,Similar,Not compared,20200000,,,1y
93088,"Overweight (including obesity) prevalence in adults, (using adjusted self-reported height and weight)",E92000001,England,E10000034,Worcestershire,Counties & UAs (from Apr 2023),Persons,18+ yrs,,,2020/21,63.84932,62.02142,65.68892,60.78734,66.73103,,2591.0,,,Similar,Not compared,20200000,,,1y
93088,"Overweight (including obesity) prevalence in adults, (using adjusted self-reported height and weight)",,,E92000001,England,England,Male,18+ yrs,,,2021/22,69.07716,68.73839,69.41652,68.54969,69.6288,,67834.0,,,Not compared,Not compared,20210000,,,1y
93088,"Overweight (including obesity) prevalence in adults, (using adjusted self-reported height and weight)",,,E92000001,England,England,Female,18+ yrs,,,2021/22,58.42092,58.08379,58.76724,57.88887,58.95837,,79010.0,,,Not compared,Not compared,20210000,,,1y
93088,"Overweight (including obesity) prevalence in adults, (using adjusted self-reported height and weight)",,,E92000001,England,England,Persons,85+ yrs,,,2021/22,65.25532,63.5218,66.96185,62.39782,67.98369,,2936.0,,,Not compared,Not compared,20210000,,,1y
93088,"Overweight (including obesity) prevalence in adults, (using adjusted self-reported height and weight)",,,E92000001,England,England,Persons,25-34 yrs,,,2021/22,56.17067,55.4411,56.89315,55.03562,57.34796,,18250.0,,,Not compared,Not compared,20210000,,,1y
93088,"Overweight (including obesity) prevalence in adults, (using adjusted self-reported height and weight)",,,E92000001,England,England,Persons,35-44 yrs,,,2021/22,64.29739,63.68543,64.92551,63.32411,65.26009,,22418.0,,,Not compared,Not compared,20210000,,,1y
93088,"Overweight (including obesity) prevalence in adults, (using adjusted self-reported height and weight)",,,E92000001,England,England,Persons,45-54 yrs,,,2021/22,69.57376,68.99443,70.15132,68.64231,70.44474,,23857.0,,,Not compared,Not compared,20210000,,,1y
93088,"Overweight (including obesity) prevalence in adults, (using adjusted self-reported height and weight)",,,E92000001,England,England,Persons,55-64 yrs,,,2021/22,72.75471,72.23921,73.26198,71.95379,73.544,,29430.0,,,Not compared,Not compared,20210000,,,1y
93088,"Overweight (including obesity) prevalence in adults, (using adjusted self-reported height and weight)",,,E92000001,England,England,Persons,65-74 yrs,,,2021/22,70.80394,70.28732,71.3262,69.98217,71.6108,,29166.0,,,Not compared,Not compared,20210000,,,1y
93088,"Overweight (including obesity) prevalence in adults, (using adjusted self-reported height and weight)",,,E92000001,England,England,Persons,75-84 yrs,,,2021/22,71.3543,70.61043,72.07923,70.2129,72.52393,,14842.0,,,Not compared,Not compared,20210000,,,1y
93088,"Overweight (including obesity) prevalence in adults, (using adjusted self-reported height and weight)",,,E92000001,England,England,Persons,18+ yrs,,,2021/22,63.80687,63.55656,64.05846,63.40538,64.21646,,146844.0,,,Not compared,Not compared,20210000,,,1y
93088,"Overweight (including obesity) prevalence in adults, (using adjusted self-reported height and weight)",,,E92000001,England,England,Persons,18+ yrs,Working status,Inactive,2021/22,66.78117,66.38689,67.18108,66.16915,67.41951,,53265.0,,,Worse,Not compared,20210000,,,1y
93088,"Overweight (including obesity) prevalence in adults, (using adjusted self-reported height and weight)",,,E92000001,England,England,Persons,18+ yrs,Working status,Unemployed,2021/22,65.77541,64.17346,67.37485,63.30032,68.24799,,3436.0,,,Worse,Not compared,20210000,,,1y
93088,"Overweight (including obesity) prevalence in adults, (using adjusted self-reported height and weight)",,,E92000001,England,England,Persons,18+ yrs,Working status,Working,2021/22,65.27435,64.94321,65.60349,64.7702,65.79616,,81485.0,,,Worse,Not compared,20210000,,,1y
93088,"Overweight (including obesity) prevalence in adults, (using adjusted self-reported height and weight)",,,E92000001,England,England,Persons,18+ yrs,Disability,Disabled,2021/22,72.22475,71.71401,72.73949,71.38041,73.04141,,28477.0,,,Worse,Not compared,20210000,,,1y
93088,"Overweight (including obesity) prevalence in adults, (using adjusted self-reported height and weight)",,,E92000001,England,England,Persons,18+ yrs,Disability,Not disabled,2021/22,61.70171,61.41387,61.98079,61.26377,62.1521,,113248.0,,,Better,Not compared,20210000,,,1y
93088,"Overweight (including obesity) prevalence in adults, (using adjusted self-reported height and weight)",,,E92000001,England,England,Persons,18+ yrs,Ethnic groups,White British,2021/22,65.19889,64.93313,65.46726,64.77785,65.63473,,123005.0,,,Worse,Not compared,20210000,,,1y
93088,"Overweight (including obesity) prevalence in adults, (using adjusted self-reported height and weight)",,,E92000001,England,England,Persons,18+ yrs,Ethnic groups,White Other,2021/22,59.09409,58.06036,60.14272,57.51053,60.72767,,8548.0,,,Better,Not compared,20210000,,,1y
93088,"Overweight (including obesity) prevalence in adults, (using adjusted self-reported height and weight)",,,E92000001,England,England,Persons,18+ yrs,Ethnic groups,Asian,2021/22,57.58526,56.40175,58.76942,55.64772,59.38772,,6631.0,,,Better,Not compared,20210000,,,1y
93088,"Overweight (including obesity) prevalence in adults, (using adjusted self-reported height and weight)",,,E92000001,England,England,Persons,18+ yrs,Ethnic groups,Black,2021/22,70.79426,68.74693,72.77641,67.61671,73.90663,,2035.0,,,Worse,Not compared,20210000,,,1y
93088,"Overweight (including obesity) prevalence in adults, (using adjusted self-reported height and weight)",,,E92000001,England,England,Persons,18+ yrs,Ethnic groups,Chinese,2021/22,33.07993,30.24086,35.77163,28.81356,37.37743,,1121.0,,,Better,Not compared,20210000,,,1y
93088,"Overweight (including obesity) prevalence in adults, (using adjusted self-reported height and weight)",,,E92000001,England,England,Persons,18+ yrs,Ethnic groups,Mixed,2021/22,60.07473,57.86722,62.25823,56.56038,63.46053,,1913.0,,,Better,Not compared,20210000,,,1y
93088,"Overweight (including obesity) prevalence in adults, (using adjusted self-reported height and weight)",,,E92000001,England,England,Persons,18+ yrs,Ethnic groups,Other,2021/22,59.39645,56.67486,62.16216,55.03677,63.63636,,1221.0,,,Better,Not compared,20210000,,,1y
93088,"Overweight (including obesity) prevalence in adults, (using adjusted self-reported height and weight)",,,E92000001,England,England,Persons,18+ yrs,LSOA11 deprivation deciles within area (IMD  trend),Most deprived decile,2021/22,70.70503,69.77346,71.6397,69.2988,72.14673,,9270.0,,,Worse,Not compared,20210000,,,1y
93088,"Overweight (including obesity) prevalence in adults, (using adjusted self-reported height and weight)",,,E92000001,England,England,Persons,18+ yrs,LSOA11 deprivation deciles within area (IMD  trend),Second most deprived decile,2021/22,68.16797,67.25646,69.08483,66.7748,69.57634,,10173.0,,,Worse,Not compared,20210000,,,1y
93088,"Overweight (including obesity) prevalence in adults, (using adjusted self-reported height and weight)",,,E92000001,England,England,Persons,18+ yrs,LSOA11 deprivation deciles within area (IMD  trend),Third more deprived decile,2021/22,65.38505,64.5419,66.23343,64.11693,66.70066,,11766.0,,,Worse,Not compared,20210000,,,1y
93088,"Overweight (including obesity) prevalence in adults, (using adjusted self-reported height and weight)",,,E92000001,England,England,Persons,18+ yrs,LSOA11 deprivation deciles within area (IMD  trend),Fourth more deprived decile,2021/22,64.69031,63.87744,65.49554,63.46537,66.02742,,13349.0,,,Worse,Not compared,20210000,,,1y
93088,"Overweight (including obesity) prevalence in adults, (using adjusted self-reported height and weight)",,,E92000001,England,England,Persons,18+ yrs,LSOA11 deprivation deciles within area (IMD  trend),Fifth more deprived decile,2021/22,63.95178,63.17855,64.72204,62.80574,65.10793,,15290.0,,,Similar,Not compared,20210000,,,1y
93088,"Overweight (including obesity) prevalence in adults, (using adjusted self-reported height and weight)",,,E92000001,England,England,Persons,18+ yrs,LSOA11 deprivation deciles within area (IMD  trend),Fifth less deprived decile,2021/22,62.62044,61.87188,63.38245,61.47728,63.78322,,16219.0,,,Better,Not compared,20210000,,,1y
93088,"Overweight (including obesity) prevalence in adults, (using adjusted self-reported height and weight)",,,E92000001,England,England,Persons,18+ yrs,LSOA11 deprivation deciles within area (IMD  trend),Fourth less deprived decile,2021/22,63.20885,62.49555,63.9248,62.05669,64.40518,,16862.0,,,Similar,Not compared,20210000,,,1y
93088,"Overweight (including obesity) prevalence in adults, (using adjusted self-reported height and weight)",,,E92000001,England,England,Persons,18+ yrs,LSOA11 deprivation deciles within area (IMD  trend),Third less deprived decile,2021/22,62.82374,62.08069,63.54467,61.68876,63.91355,,17350.0,,,Better,Not compared,20210000,,,1y
93088,"Overweight (including obesity) prevalence in adults, (using adjusted self-reported height and weight)",,,E92000001,England,England,Persons,18+ yrs,LSOA11 deprivation deciles within area (IMD  trend),Second least deprived decile,2021/22,61.7725,61.07297,62.49031,60.61898,62.87233,,18062.0,,,Better,Not compared,20210000,,,1y
93088,"Overweight (including obesity) prevalence in adults, (using adjusted self-reported height and weight)",,,E92000001,England,England,Persons,18+ yrs,LSOA11 deprivation deciles within area (IMD  trend),Least deprived decile,2021/22,59.1065,58.40134,59.82273,57.98519,60.20105,,18503.0,,,Better,Not compared,20210000,,,1y
93088,"Overweight (including obesity) prevalence in adults, (using adjusted self-reported height and weight)",,,E92000001,England,England,Persons,18+ yrs,Level of education,No qualification,2021/22,70.97615,70.1021,71.8455,69.59159,72.45233,,10382.0,,,Worse,Not compared,20210000,,,1y
93088,"Overweight (including obesity) prevalence in adults, (using adjusted self-reported height and weight)",,,E92000001,England,England,Persons,18+ yrs,Level of education,Another type of qualification,2021/22,67.69828,66.57526,68.81475,65.92016,69.46988,,6564.0,,,Worse,Not compared,20210000,,,1y
93088,"Overweight (including obesity) prevalence in adults, (using adjusted self-reported height and weight)",,,E92000001,England,England,Persons,18+ yrs,Level of education,Level 1 and below,2021/22,68.09279,66.32184,69.88506,65.28736,70.68973,,2610.0,,,Worse,Not compared,20210000,,,1y
93088,"Overweight (including obesity) prevalence in adults, (using adjusted self-reported height and weight)",,,E92000001,England,England,Persons,18+ yrs,Level of education,Level 2 and equivalent,2021/22,68.28781,67.69949,68.88795,67.32597,69.19355,,23560.0,,,Worse,Not compared,20210000,,,1y
93088,"Overweight (including obesity) prevalence in adults, (using adjusted self-reported height and weight)",,,E92000001,England,England,Persons,18+ yrs,Level of education,Level 3 and equivalent,2021/22,67.29044,66.68003,67.90932,66.37715,68.2879,,22452.0,,,Worse,Not compared,20210000,,,1y
93088,"Overweight (including obesity) prevalence in adults, (using adjusted self-reported height and weight)",,,E92000001,England,England,Persons,18+ yrs,Level of education,Level 4 and above,2021/22,60.0978,59.75605,60.44139,59.5784,60.64065,,78797.0,,,Better,Not compared,20210000,,,1y
93088,"Overweight (including obesity) prevalence in adults, (using adjusted self-reported height and weight)",,,E92000001,England,England,Persons,18+ yrs,Socioeconomic class,"Managerial, administrative and professional occupations",2021/22,55.19497,54.83811,55.55497,54.6331,55.75336,,75608.0,People aged 75 and over are excluded from NS-SeC (National Statistics Socio-economic Classification) economic activity questions in the Active Lives Adult Survey,,Better,Not compared,20210000,,,1y
93088,"Overweight (including obesity) prevalence in adults, (using adjusted self-reported height and weight)",,,E92000001,England,England,Persons,18+ yrs,Socioeconomic class,Intermediate occupations,2021/22,55.847,55.01409,56.68298,54.54678,57.19478,,13482.0,People aged 75 and over are excluded from NS-SeC (National Statistics Socio-economic Classification) economic activity questions in the Active Lives Adult Survey,,Better,Not compared,20210000,,,1y
93088,"Overweight (including obesity) prevalence in adults, (using adjusted self-reported height and weight)",,,E92000001,England,England,Persons,18+ yrs,Socioeconomic class,Self-employed and small employers,2021/22,58.08217,57.05583,59.12716,56.51306,59.69208,,9028.0,People aged 75 and over are excluded from NS-SeC (National Statistics Socio-economic Classification) economic activity questions in the Active Lives Adult Survey,,Better,Not compared,20210000,,,1y
93088,"Overweight (including obesity) prevalence in adults, (using adjusted self-reported height and weight)",,,E92000001,England,England,Persons,18+ yrs,Socioeconomic class,Lower supervisory and technical occupations,2021/22,63.22691,62.26152,64.21222,61.72561,64.73742,,9330.0,People aged 75 and over are excluded from NS-SeC (National Statistics Socio-economic Classification) economic activity questions in the Active Lives Adult Survey,,Similar,Not compared,20210000,,,1y
93088,"Overweight (including obesity) prevalence in adults, (using adjusted self-reported height and weight)",,,E92000001,England,England,Persons,18+ yrs,Socioeconomic class,Semi-routine and routine occupations,2021/22,60.47298,59.62875,61.34281,59.14688,61.81675,,12660.0,People aged 75 and over are excluded from NS-SeC (National Statistics Socio-economic Classification) economic activity questions in the Active Lives Adult Survey,,Better,Not compared,20210000,,,1y
93088,"Overweight (including obesity) prevalence in adults, (using adjusted self-reported height and weight)",,,E92000001,England,England,Persons,18+ yrs,Socioeconomic class,Long term unemployed or never worked,2021/22,56.73918,54.79719,58.61934,53.66611,59.67243,,2564.0,People aged 75 and over are excluded from NS-SeC (National Statistics Socio-economic Classification) economic activity questions in the Active Lives Adult Survey,,Better,Not compared,20210000,,,1y
93088,"Overweight (including obesity) prevalence in adults, (using adjusted self-reported height and weight)",,,E92000001,England,England,Persons,18+ yrs,Socioeconomic class,Students,2021/22,50.65863,48.8225,52.47803,47.69768,53.53251,,2845.0,People aged 75 and over are excluded from NS-SeC (National Statistics Socio-economic Classification) economic activity questions in the Active Lives Adult Survey,,Better,Not compared,20210000,,,1y
93088,"Overweight (including obesity) prevalence in adults, (using adjusted self-reported height and weight)",,,E92000001,England,England,Persons,18+ yrs,Socioeconomic class,Other/unclassified,2021/22,56.25937,54.66329,57.84728,53.84601,58.77715,,3549.0,People aged 75 and over are excluded from NS-SeC (National Statistics Socio-economic Classification) economic activity questions in the Active Lives Adult Survey,,Better,Not compared,20210000,,,1y
93088,"Overweight (including obesity) prevalence in adults, (using adjusted self-reported height and weight)",,,E92000001,England,England,Persons,18-24 yrs,,,2021/22,36.93175,35.67704,38.14971,35.03783,38.87302,,5945.0,,,Not compared,Not compared,20210000,,,1y
93088,"Overweight (including obesity) prevalence in adults, (using adjusted self-reported height and weight)",E92000001,England,E92000001,England,England,Male,18+ yrs,,,2021/22,69.07716,68.73839,69.41652,68.54969,69.6288,,67834.0,,,Similar,Not compared,20210000,,,1y
93088,"Overweight (including obesity) prevalence in adults, (using adjusted self-reported height and weight)",E92000001,England,E92000001,England,England,Female,18+ yrs,,,2021/22,58.42092,58.08379,58.76724,57.88887,58.95837,,79010.0,,,Similar,Not compared,20210000,,,1y
93088,"Overweight (including obesity) prevalence in adults, (using adjusted self-reported height and weight)",E92000001,England,E92000001,England,England,Persons,85+ yrs,,,2021/22,65.25532,63.5218,66.96185,62.39782,67.98369,,2936.0,,,Similar,Not compared,20210000,,,1y
93088,"Overweight (including obesity) prevalence in adults, (using adjusted self-reported height and weight)",E92000001,England,E92000001,England,England,Persons,25-34 yrs,,,2021/22,56.17067,55.4411,56.89315,55.03562,57.34796,,18250.0,,,Similar,Not compared,20210000,,,1y
93088,"Overweight (including obesity) prevalence in adults, (using adjusted self-reported height and weight)",E92000001,England,E92000001,England,England,Persons,35-44 yrs,,,2021/22,64.29739,63.68543,64.92551,63.32411,65.26009,,22418.0,,,Similar,Not compared,20210000,,,1y
93088,"Overweight (including obesity) prevalence in adults, (using adjusted self-reported height and weight)",E92000001,England,E92000001,England,England,Persons,45-54 yrs,,,2021/22,69.57376,68.99443,70.15132,68.64231,70.44474,,23857.0,,,Similar,Not compared,20210000,,,1y
93088,"Overweight (including obesity) prevalence in adults, (using adjusted self-reported height and weight)",E92000001,England,E92000001,England,England,Persons,55-64 yrs,,,2021/22,72.75471,72.23921,73.26198,71.95379,73.544,,29430.0,,,Similar,Not compared,20210000,,,1y
93088,"Overweight (including obesity) prevalence in adults, (using adjusted self-reported height and weight)",E92000001,England,E92000001,England,England,Persons,65-74 yrs,,,2021/22,70.80394,70.28732,71.3262,69.98217,71.6108,,29166.0,,,Similar,Not compared,20210000,,,1y
93088,"Overweight (including obesity) prevalence in adults, (using adjusted self-reported height and weight)",E92000001,England,E92000001,England,England,Persons,75-84 yrs,,,2021/22,71.3543,70.61043,72.07923,70.2129,72.52393,,14842.0,,,Similar,Not compared,20210000,,,1y
93088,"Overweight (including obesity) prevalence in adults, (using adjusted self-reported height and weight)",E92000001,England,E92000001,England,England,Persons,18+ yrs,,,2021/22,63.80687,63.55656,64.05846,63.40538,64.21646,,146844.0,,,Similar,Not compared,20210000,,,1y
93088,"Overweight (including obesity) prevalence in adults, (using adjusted self-reported height and weight)",E92000001,England,E92000001,England,England,Persons,18+ yrs,Working status,Inactive,2021/22,66.78117,66.38689,67.18108,66.16915,67.41951,,53265.0,,,Worse,Not compared,20210000,,,1y
93088,"Overweight (including obesity) prevalence in adults, (using adjusted self-reported height and weight)",E92000001,England,E92000001,England,England,Persons,18+ yrs,Working status,Unemployed,2021/22,65.77541,64.17346,67.37485,63.30032,68.24799,,3436.0,,,Worse,Not compared,20210000,,,1y
93088,"Overweight (including obesity) prevalence in adults, (using adjusted self-reported height and weight)",E92000001,England,E92000001,England,England,Persons,18+ yrs,Working status,Working,2021/22,65.27435,64.94321,65.60349,64.7702,65.79616,,81485.0,,,Worse,Not compared,20210000,,,1y
93088,"Overweight (including obesity) prevalence in adults, (using adjusted self-reported height and weight)",E92000001,England,E92000001,England,England,Persons,18+ yrs,Disability,Disabled,2021/22,72.22475,71.71401,72.73949,71.38041,73.04141,,28477.0,,,Worse,Not compared,20210000,,,1y
93088,"Overweight (including obesity) prevalence in adults, (using adjusted self-reported height and weight)",E92000001,England,E92000001,England,England,Persons,18+ yrs,Disability,Not disabled,2021/22,61.70171,61.41387,61.98079,61.26377,62.1521,,113248.0,,,Better,Not compared,20210000,,,1y
93088,"Overweight (including obesity) prevalence in adults, (using adjusted self-reported height and weight)",E92000001,England,E92000001,England,England,Persons,18+ yrs,Ethnic groups,White British,2021/22,65.19889,64.93313,65.46726,64.77785,65.63473,,123005.0,,,Worse,Not compared,20210000,,,1y
93088,"Overweight (including obesity) prevalence in adults, (using adjusted self-reported height and weight)",E92000001,England,E92000001,England,England,Persons,18+ yrs,Ethnic groups,White Other,2021/22,59.09409,58.06036,60.14272,57.51053,60.72767,,8548.0,,,Better,Not compared,20210000,,,1y
93088,"Overweight (including obesity) prevalence in adults, (using adjusted self-reported height and weight)",E92000001,England,E92000001,England,England,Persons,18+ yrs,Ethnic groups,Asian,2021/22,57.58526,56.40175,58.76942,55.64772,59.38772,,6631.0,,,Better,Not compared,20210000,,,1y
93088,"Overweight (including obesity) prevalence in adults, (using adjusted self-reported height and weight)",E92000001,England,E92000001,England,England,Persons,18+ yrs,Ethnic groups,Black,2021/22,70.79426,68.74693,72.77641,67.61671,73.90663,,2035.0,,,Worse,Not compared,20210000,,,1y
93088,"Overweight (including obesity) prevalence in adults, (using adjusted self-reported height and weight)",E92000001,England,E92000001,England,England,Persons,18+ yrs,Ethnic groups,Chinese,2021/22,33.07993,30.24086,35.77163,28.81356,37.37743,,1121.0,,,Better,Not compared,20210000,,,1y
93088,"Overweight (including obesity) prevalence in adults, (using adjusted self-reported height and weight)",E92000001,England,E92000001,England,England,Persons,18+ yrs,Ethnic groups,Mixed,2021/22,60.07473,57.86722,62.25823,56.56038,63.46053,,1913.0,,,Better,Not compared,20210000,,,1y
93088,"Overweight (including obesity) prevalence in adults, (using adjusted self-reported height and weight)",E92000001,England,E92000001,England,England,Persons,18+ yrs,Ethnic groups,Other,2021/22,59.39645,56.67486,62.16216,55.03677,63.63636,,1221.0,,,Better,Not compared,20210000,,,1y
93088,"Overweight (including obesity) prevalence in adults, (using adjusted self-reported height and weight)",E92000001,England,E92000001,England,England,Persons,18+ yrs,LSOA11 deprivation deciles within area (IMD  trend),Most deprived decile,2021/22,70.70503,69.77346,71.6397,69.2988,72.14673,,9270.0,,,Worse,Not compared,20210000,,,1y
93088,"Overweight (including obesity) prevalence in adults, (using adjusted self-reported height and weight)",E92000001,England,E92000001,England,England,Persons,18+ yrs,LSOA11 deprivation deciles within area (IMD  trend),Second most deprived decile,2021/22,68.16797,67.25646,69.08483,66.7748,69.57634,,10173.0,,,Worse,Not compared,20210000,,,1y
93088,"Overweight (including obesity) prevalence in adults, (using adjusted self-reported height and weight)",E92000001,England,E92000001,England,England,Persons,18+ yrs,LSOA11 deprivation deciles within area (IMD  trend),Third more deprived decile,2021/22,65.38505,64.5419,66.23343,64.11693,66.70066,,11766.0,,,Worse,Not compared,20210000,,,1y
93088,"Overweight (including obesity) prevalence in adults, (using adjusted self-reported height and weight)",E92000001,England,E92000001,England,England,Persons,18+ yrs,LSOA11 deprivation deciles within area (IMD  trend),Fourth more deprived decile,2021/22,64.69031,63.87744,65.49554,63.46537,66.02742,,13349.0,,,Worse,Not compared,20210000,,,1y
93088,"Overweight (including obesity) prevalence in adults, (using adjusted self-reported height and weight)",E92000001,England,E92000001,England,England,Persons,18+ yrs,LSOA11 deprivation deciles within area (IMD  trend),Fifth more deprived decile,2021/22,63.95178,63.17855,64.72204,62.80574,65.10793,,15290.0,,,Similar,Not compared,20210000,,,1y
93088,"Overweight (including obesity) prevalence in adults, (using adjusted self-reported height and weight)",E92000001,England,E92000001,England,England,Persons,18+ yrs,LSOA11 deprivation deciles within area (IMD  trend),Fifth less deprived decile,2021/22,62.62044,61.87188,63.38245,61.47728,63.78322,,16219.0,,,Better,Not compared,20210000,,,1y
93088,"Overweight (including obesity) prevalence in adults, (using adjusted self-reported height and weight)",E92000001,England,E92000001,England,England,Persons,18+ yrs,LSOA11 deprivation deciles within area (IMD  trend),Fourth less deprived decile,2021/22,63.20885,62.49555,63.9248,62.05669,64.40518,,16862.0,,,Similar,Not compared,20210000,,,1y
93088,"Overweight (including obesity) prevalence in adults, (using adjusted self-reported height and weight)",E92000001,England,E92000001,England,England,Persons,18+ yrs,LSOA11 deprivation deciles within area (IMD  trend),Third less deprived decile,2021/22,62.82374,62.08069,63.54467,61.68876,63.91355,,17350.0,,,Better,Not compared,20210000,,,1y
93088,"Overweight (including obesity) prevalence in adults, (using adjusted self-reported height and weight)",E92000001,England,E92000001,England,England,Persons,18+ yrs,LSOA11 deprivation deciles within area (IMD  trend),Second least deprived decile,2021/22,61.7725,61.07297,62.49031,60.61898,62.87233,,18062.0,,,Better,Not compared,20210000,,,1y
93088,"Overweight (including obesity) prevalence in adults, (using adjusted self-reported height and weight)",E92000001,England,E92000001,England,England,Persons,18+ yrs,LSOA11 deprivation deciles within area (IMD  trend),Least deprived decile,2021/22,59.1065,58.40134,59.82273,57.98519,60.20105,,18503.0,,,Better,Not compared,20210000,,,1y
93088,"Overweight (including obesity) prevalence in adults, (using adjusted self-reported height and weight)",E92000001,England,E92000001,England,England,Persons,18+ yrs,Level of education,No qualification,2021/22,70.97615,70.1021,71.8455,69.59159,72.45233,,10382.0,,,Worse,Not compared,20210000,,,1y
93088,"Overweight (including obesity) prevalence in adults, (using adjusted self-reported height and weight)",E92000001,England,E92000001,England,England,Persons,18+ yrs,Level of education,Another type of qualification,2021/22,67.69828,66.57526,68.81475,65.92016,69.46988,,6564.0,,,Worse,Not compared,20210000,,,1y
93088,"Overweight (including obesity) prevalence in adults, (using adjusted self-reported height and weight)",E92000001,England,E92000001,England,England,Persons,18+ yrs,Level of education,Level 1 and below,2021/22,68.09279,66.32184,69.88506,65.28736,70.68973,,2610.0,,,Worse,Not compared,20210000,,,1y
93088,"Overweight (including obesity) prevalence in adults, (using adjusted self-reported height and weight)",E92000001,England,E92000001,England,England,Persons,18+ yrs,Level of education,Level 2 and equivalent,2021/22,68.28781,67.69949,68.88795,67.32597,69.19355,,23560.0,,,Worse,Not compared,20210000,,,1y
93088,"Overweight (including obesity) prevalence in adults, (using adjusted self-reported height and weight)",E92000001,England,E92000001,England,England,Persons,18+ yrs,Level of education,Level 3 and equivalent,2021/22,67.29044,66.68003,67.90932,66.37715,68.2879,,22452.0,,,Worse,Not compared,20210000,,,1y
93088,"Overweight (including obesity) prevalence in adults, (using adjusted self-reported height and weight)",E92000001,England,E92000001,England,England,Persons,18+ yrs,Level of education,Level 4 and above,2021/22,60.0978,59.75605,60.44139,59.5784,60.64065,,78797.0,,,Better,Not compared,20210000,,,1y
93088,"Overweight (including obesity) prevalence in adults, (using adjusted self-reported height and weight)",E92000001,England,E92000001,England,England,Persons,18+ yrs,Socioeconomic class,"Managerial, administrative and professional occupations",2021/22,55.19497,54.83811,55.55497,54.6331,55.75336,,75608.0,People aged 75 and over are excluded from NS-SeC (National Statistics Socio-economic Classification) economic activity questions in the Active Lives Adult Survey,,Better,Not compared,20210000,,,1y
93088,"Overweight (including obesity) prevalence in adults, (using adjusted self-reported height and weight)",E92000001,England,E92000001,England,England,Persons,18+ yrs,Socioeconomic class,Intermediate occupations,2021/22,55.847,55.01409,56.68298,54.54678,57.19478,,13482.0,People aged 75 and over are excluded from NS-SeC (National Statistics Socio-economic Classification) economic activity questions in the Active Lives Adult Survey,,Better,Not compared,20210000,,,1y
93088,"Overweight (including obesity) prevalence in adults, (using adjusted self-reported height and weight)",E92000001,England,E92000001,England,England,Persons,18+ yrs,Socioeconomic class,Self-employed and small employers,2021/22,58.08217,57.05583,59.12716,56.51306,59.69208,,9028.0,People aged 75 and over are excluded from NS-SeC (National Statistics Socio-economic Classification) economic activity questions in the Active Lives Adult Survey,,Better,Not compared,20210000,,,1y
93088,"Overweight (including obesity) prevalence in adults, (using adjusted self-reported height and weight)",E92000001,England,E92000001,England,England,Persons,18+ yrs,Socioeconomic class,Lower supervisory and technical occupations,2021/22,63.22691,62.26152,64.21222,61.72561,64.73742,,9330.0,People aged 75 and over are excluded from NS-SeC (National Statistics Socio-economic Classification) economic activity questions in the Active Lives Adult Survey,,Similar,Not compared,20210000,,,1y
93088,"Overweight (including obesity) prevalence in adults, (using adjusted self-reported height and weight)",E92000001,England,E92000001,England,England,Persons,18+ yrs,Socioeconomic class,Semi-routine and routine occupations,2021/22,60.47298,59.62875,61.34281,59.14688,61.81675,,12660.0,People aged 75 and over are excluded from NS-SeC (National Statistics Socio-economic Classification) economic activity questions in the Active Lives Adult Survey,,Better,Not compared,20210000,,,1y
93088,"Overweight (including obesity) prevalence in adults, (using adjusted self-reported height and weight)",E92000001,England,E92000001,England,England,Persons,18+ yrs,Socioeconomic class,Long term unemployed or never worked,2021/22,56.73918,54.79719,58.61934,53.66611,59.67243,,2564.0,People aged 75 and over are excluded from NS-SeC (National Statistics Socio-economic Classification) economic activity questions in the Active Lives Adult Survey,,Better,Not compared,20210000,,,1y
93088,"Overweight (including obesity) prevalence in adults, (using adjusted self-reported height and weight)",E92000001,England,E92000001,England,England,Persons,18+ yrs,Socioeconomic class,Students,2021/22,50.65863,48.8225,52.47803,47.69768,53.53251,,2845.0,People aged 75 and over are excluded from NS-SeC (National Statistics Socio-economic Classification) economic activity questions in the Active Lives Adult Survey,,Better,Not compared,20210000,,,1y
93088,"Overweight (including obesity) prevalence in adults, (using adjusted self-reported height and weight)",E92000001,England,E92000001,England,England,Persons,18+ yrs,Socioeconomic class,Other/unclassified,2021/22,56.25937,54.66329,57.84728,53.84601,58.77715,,3549.0,People aged 75 and over are excluded from NS-SeC (National Statistics Socio-economic Classification) economic activity questions in the Active Lives Adult Survey,,Better,Not compared,20210000,,,1y
93088,"Overweight (including obesity) prevalence in adults, (using adjusted self-reported height and weight)",E92000001,England,E92000001,England,England,Persons,18-24 yrs,,,2021/22,36.93175,35.67704,38.14971,35.03783,38.87302,,5945.0,,,Similar,Not compared,20210000,,,1y
93088,"Overweight (including obesity) prevalence in adults, (using adjusted self-reported height and weight)",E92000001,England,E06000001,Hartlepool,Counties & UAs (from Apr 2023),Persons,18+ yrs,,,2021/22,76.18264,71.9715,80.04751,69.5962,82.42304,,421.0,,,Worse,Not compared,20210000,,,1y
93088,"Overweight (including obesity) prevalence in adults, (using adjusted self-reported height and weight)",E92000001,England,E06000002,Middlesbrough,Counties & UAs (from Apr 2023),Persons,18+ yrs,,,2021/22,70.72459,66.32391,75.32134,63.49614,77.37815,,389.0,,,Worse,Not compared,20210000,,,1y
93088,"Overweight (including obesity) prevalence in adults, (using adjusted self-reported height and weight)",E92000001,England,E06000003,Redcar and Cleveland,Counties & UAs (from Apr 2023),Persons,18+ yrs,,,2021/22,72.02863,67.82407,76.15741,65.50926,78.24074,,432.0,,,Worse,Not compared,20210000,,,1y
93088,"Overweight (including obesity) prevalence in adults, (using adjusted self-reported height and weight)",E92000001,England,E06000004,Stockton-on-Tees,Counties & UAs (from Apr 2023),Persons,18+ yrs,,,2021/22,70.08865,65.41353,74.43609,62.90727,76.94236,,399.0,,,Worse,Not compared,20210000,,,1y
93088,"Overweight (including obesity) prevalence in adults, (using adjusted self-reported height and weight)",E92000001,England,E06000005,Darlington,Counties & UAs (from Apr 2023),Persons,18+ yrs,,,2021/22,70.09545,65.76577,74.32432,63.28829,76.35135,,444.0,,,Worse,Not compared,20210000,,,1y
93088,"Overweight (including obesity) prevalence in adults, (using adjusted self-reported height and weight)",E92000001,England,E06000006,Halton,Counties & UAs (from Apr 2023),Persons,18+ yrs,,,2021/22,71.24326,66.74877,75.61576,64.03916,78.07882,,406.0,,,Worse,Not compared,20210000,,,1y
93088,"Overweight (including obesity) prevalence in adults, (using adjusted self-reported height and weight)",E92000001,England,E06000007,Warrington,Counties & UAs (from Apr 2023),Persons,18+ yrs,,,2021/22,70.63443,66.26506,75.18072,63.61446,77.34964,,415.0,,,Worse,Not compared,20210000,,,1y
93088,"Overweight (including obesity) prevalence in adults, (using adjusted self-reported height and weight)",E92000001,England,E06000008,Blackburn with Darwen,Counties & UAs (from Apr 2023),Persons,18+ yrs,,,2021/22,68.43663,63.68421,72.89474,61.31579,75.52658,,380.0,,,Similar,Not compared,20210000,,,1y
93088,"Overweight (including obesity) prevalence in adults, (using adjusted self-reported height and weight)",E92000001,England,E06000009,Blackpool,Counties & UAs (from Apr 2023),Persons,18+ yrs,,,2021/22,72.3343,68.04878,76.82927,65.60976,78.53659,,410.0,,,Worse,Not compared,20210000,,,1y
93088,"Overweight (including obesity) prevalence in adults, (using adjusted self-reported height and weight)",E92000001,England,E06000010,Kingston upon Hull,Counties & UAs (from Apr 2023),Persons,18+ yrs,,,2021/22,71.68746,67.35632,75.86207,64.82759,78.16115,,435.0,,,Worse,Not compared,20210000,,,1y
93088,"Overweight (including obesity) prevalence in adults, (using adjusted self-reported height and weight)",E92000001,England,E06000011,East Riding of Yorkshire,Counties & UAs (from Apr 2023),Persons,18+ yrs,,,2021/22,69.39817,65.13188,73.62385,62.61468,76.14679,,436.0,,,Worse,Not compared,20210000,,,1y
93088,"Overweight (including obesity) prevalence in adults, (using adjusted self-reported height and weight)",E92000001,England,E06000012,North East Lincolnshire,Counties & UAs (from Apr 2023),Persons,18+ yrs,,,2021/22,73.49826,69.19192,77.77778,66.41389,80.05076,,396.0,,,Worse,Not compared,20210000,,,1y
93088,"Overweight (including obesity) prevalence in adults, (using adjusted self-reported height and weight)",E92000001,England,E06000013,North Lincolnshire,Counties & UAs (from Apr 2023),Persons,18+ yrs,,,2021/22,72.37314,67.8744,76.57005,64.97585,79.22729,,414.0,,,Worse,Not compared,20210000,,,1y
93088,"Overweight (including obesity) prevalence in adults, (using adjusted self-reported height and weight)",E92000001,England,E06000014,York,Counties & UAs (from Apr 2023),Persons,18+ yrs,,,2021/22,59.53161,54.95283,64.15094,52.12264,66.50967,,424.0,,,Similar,Not compared,20210000,,,1y
93088,"Overweight (including obesity) prevalence in adults, (using adjusted self-reported height and weight)",E92000001,England,E06000015,Derby,Counties & UAs (from Apr 2023),Persons,18+ yrs,,,2021/22,64.71512,59.95086,69.28747,57.24791,71.99017,,407.0,,,Similar,Not compared,20210000,,,1y
93088,"Overweight (including obesity) prevalence in adults, (using adjusted self-reported height and weight)",E92000001,England,E06000016,Leicester,Counties & UAs (from Apr 2023),Persons,18+ yrs,,,2021/22,67.96615,63.05556,72.77778,60.2775,75.00028,,360.0,,,Similar,Not compared,20210000,,,1y
93088,"Overweight (including obesity) prevalence in adults, (using adjusted self-reported height and weight)",E92000001,England,E06000017,Rutland,Counties & UAs (from Apr 2023),Persons,18+ yrs,,,2021/22,55.54842,50.73529,60.53922,48.03922,63.23554,,408.0,,,Better,Not compared,20210000,,,1y
93088,"Overweight (including obesity) prevalence in adults, (using adjusted self-reported height and weight)",E92000001,England,E06000018,Nottingham,Counties & UAs (from Apr 2023),Persons,18+ yrs,,,2021/22,65.78028,63.44086,68.18469,61.73308,69.44972,,1581.0,,,Similar,Not compared,20210000,,,1y
93088,"Overweight (including obesity) prevalence in adults, (using adjusted self-reported height and weight)",E92000001,England,E06000019,Herefordshire,Counties & UAs (from Apr 2023),Persons,18+ yrs,,,2021/22,64.67959,59.95146,69.41748,57.03883,71.8449,,412.0,,,Similar,Not compared,20210000,,,1y
93088,"Overweight (including obesity) prevalence in adults, (using adjusted self-reported height and weight)",E92000001,England,E06000020,Telford and Wrekin,Counties & UAs (from Apr 2023),Persons,18+ yrs,,,2021/22,71.36116,66.9746,75.51963,64.6649,77.59838,,433.0,,,Worse,Not compared,20210000,,,1y
93088,"Overweight (including obesity) prevalence in adults, (using adjusted self-reported height and weight)",E92000001,England,E06000021,Stoke-on-Trent,Counties & UAs (from Apr 2023),Persons,18+ yrs,,,2021/22,67.05335,62.53165,71.64557,59.74684,73.92405,,395.0,,,Similar,Not compared,20210000,,,1y
93088,"Overweight (including obesity) prevalence in adults, (using adjusted self-reported height and weight)",E92000001,England,E06000022,Bath and North East Somerset,Counties & UAs (from Apr 2023),Persons,18+ yrs,,,2021/22,62.67345,58.07229,67.46988,55.42145,70.12048,,415.0,,,Similar,Not compared,20210000,,,1y
93088,"Overweight (including obesity) prevalence in adults, (using adjusted self-reported height and weight)",E92000001,England,E06000023,Bristol,Counties & UAs (from Apr 2023),Persons,18+ yrs,,,2021/22,55.17083,52.82234,57.57576,51.21794,59.0019,,1683.0,,,Better,Not compared,20210000,,,1y
93088,"Overweight (including obesity) prevalence in adults, (using adjusted self-reported height and weight)",E92000001,England,E06000024,North Somerset,Counties & UAs (from Apr 2023),Persons,18+ yrs,,,2021/22,56.93454,52.45536,61.38393,49.55357,64.0625,,448.0,,,Better,Not compared,20210000,,,1y
93088,"Overweight (including obesity) prevalence in adults, (using adjusted self-reported height and weight)",E92000001,England,E06000025,South Gloucestershire,Counties & UAs (from Apr 2023),Persons,18+ yrs,,,2021/22,61.07178,56.41026,65.73427,53.61305,68.06527,,429.0,,,Similar,Not compared,20210000,,,1y
93088,"Overweight (including obesity) prevalence in adults, (using adjusted self-reported height and weight)",E92000001,England,E06000026,Plymouth,Counties & UAs (from Apr 2023),Persons,18+ yrs,,,2021/22,68.50559,63.97229,72.74827,61.66259,75.51963,,433.0,,,Worse,Not compared,20210000,,,1y
93088,"Overweight (including obesity) prevalence in adults, (using adjusted self-reported height and weight)",E92000001,England,E06000027,Torbay,Counties & UAs (from Apr 2023),Persons,18+ yrs,,,2021/22,68.87819,64.54545,73.18182,62.2725,75.2275,,440.0,,,Worse,Not compared,20210000,,,1y
93088,"Overweight (including obesity) prevalence in adults, (using adjusted self-reported height and weight)",E92000001,England,E06000030,Swindon,Counties & UAs (from Apr 2023),Persons,18+ yrs,,,2021/22,69.12587,64.57286,73.61809,61.80905,76.38191,,398.0,,,Worse,Not compared,20210000,,,1y
93088,"Overweight (including obesity) prevalence in adults, (using adjusted self-reported height and weight)",E92000001,England,E06000031,Peterborough,Counties & UAs (from Apr 2023),Persons,18+ yrs,,,2021/22,66.83036,62.08651,71.50127,59.28753,74.30025,,393.0,,,Similar,Not compared,20210000,,,1y
93088,"Overweight (including obesity) prevalence in adults, (using adjusted self-reported height and weight)",E92000001,England,E06000032,Luton,Counties & UAs (from Apr 2023),Persons,18+ yrs,,,2021/22,66.24463,61.27321,71.08753,58.35544,73.4748,,377.0,,,Similar,Not compared,20210000,,,1y
93088,"Overweight (including obesity) prevalence in adults, (using adjusted self-reported height and weight)",E92000001,England,E06000033,Southend-on-Sea,Counties & UAs (from Apr 2023),Persons,18+ yrs,,,2021/22,67.19903,62.78539,71.6895,60.27397,74.42922,,438.0,,,Similar,Not compared,20210000,,,1y
93088,"Overweight (including obesity) prevalence in adults, (using adjusted self-reported height and weight)",E92000001,England,E06000034,Thurrock,Counties & UAs (from Apr 2023),Persons,18+ yrs,,,2021/22,69.73291,65.18519,74.07407,62.71605,76.79037,,405.0,,,Worse,Not compared,20210000,,,1y
93088,"Overweight (including obesity) prevalence in adults, (using adjusted self-reported height and weight)",E92000001,England,E06000035,Medway,Counties & UAs (from Apr 2023),Persons,18+ yrs,,,2021/22,67.20477,62.43523,71.76166,59.58523,74.35233,,386.0,,,Similar,Not compared,20210000,,,1y
93088,"Overweight (including obesity) prevalence in adults, (using adjusted self-reported height and weight)",E92000001,England,E06000036,Bracknell Forest,Counties & UAs (from Apr 2023),Persons,18+ yrs,,,2021/22,64.60012,59.90991,68.91892,57.20698,71.3964,,444.0,,,Similar,Not compared,20210000,,,1y
93088,"Overweight (including obesity) prevalence in adults, (using adjusted self-reported height and weight)",E92000001,England,E06000037,West Berkshire,Counties & UAs (from Apr 2023),Persons,18+ yrs,,,2021/22,61.28608,56.66667,65.95238,54.04762,68.57143,,420.0,,,Similar,Not compared,20210000,,,1y
93088,"Overweight (including obesity) prevalence in adults, (using adjusted self-reported height and weight)",E92000001,England,E06000038,Reading,Counties & UAs (from Apr 2023),Persons,18+ yrs,,,2021/22,69.73544,65.26055,74.19355,61.7866,76.67494,,403.0,,,Worse,Not compared,20210000,,,1y
93088,"Overweight (including obesity) prevalence in adults, (using adjusted self-reported height and weight)",E92000001,England,E06000039,Slough,Counties & UAs (from Apr 2023),Persons,18+ yrs,,,2021/22,66.02228,61.34021,70.61856,58.76289,73.19588,,388.0,,,Similar,Not compared,20210000,,,1y
93088,"Overweight (including obesity) prevalence in adults, (using adjusted self-reported height and weight)",E92000001,England,E06000040,Windsor and Maidenhead,Counties & UAs (from Apr 2023),Persons,18+ yrs,,,2021/22,55.6983,51.13122,60.40724,48.19005,62.66968,,442.0,,,Better,Not compared,20210000,,,1y
93088,"Overweight (including obesity) prevalence in adults, (using adjusted self-reported height and weight)",E92000001,England,E06000041,Wokingham,Counties & UAs (from Apr 2023),Persons,18+ yrs,,,2021/22,61.35403,56.75057,65.67506,54.00458,68.42128,,437.0,,,Similar,Not compared,20210000,,,1y
93088,"Overweight (including obesity) prevalence in adults, (using adjusted self-reported height and weight)",E92000001,England,E06000042,Milton Keynes,Counties & UAs (from Apr 2023),Persons,18+ yrs,,,2021/22,66.04433,61.36364,70.70707,58.33333,73.23258,,396.0,,,Similar,Not compared,20210000,,,1y
93088,"Overweight (including obesity) prevalence in adults, (using adjusted self-reported height and weight)",E92000001,England,E06000043,Brighton and Hove,Counties & UAs (from Apr 2023),Persons,18+ yrs,,,2021/22,59.38743,54.81651,63.99083,52.06399,66.51376,,436.0,,,Similar,Not compared,20210000,,,1y
93088,"Overweight (including obesity) prevalence in adults, (using adjusted self-reported height and weight)",E92000001,England,E06000044,Portsmouth,Counties & UAs (from Apr 2023),Persons,18+ yrs,,,2021/22,66.36488,61.65414,70.92732,58.64637,73.18296,,399.0,,,Similar,Not compared,20210000,,,1y
93088,"Overweight (including obesity) prevalence in adults, (using adjusted self-reported height and weight)",E92000001,England,E06000045,Southampton,Counties & UAs (from Apr 2023),Persons,18+ yrs,,,2021/22,67.03613,62.61682,71.26168,59.81285,73.83178,,428.0,,,Similar,Not compared,20210000,,,1y
93088,"Overweight (including obesity) prevalence in adults, (using adjusted self-reported height and weight)",E92000001,England,E06000046,Isle of Wight,Counties & UAs (from Apr 2023),Persons,18+ yrs,,,2021/22,62.9896,58.3908,67.58621,55.86161,70.11494,,435.0,,,Similar,Not compared,20210000,,,1y
93088,"Overweight (including obesity) prevalence in adults, (using adjusted self-reported height and weight)",E92000001,England,E06000047,County Durham,Counties & UAs (from Apr 2023),Persons,18+ yrs,,,2021/22,75.19312,71.02804,79.20561,68.2243,81.30864,,428.0,,,Worse,Not compared,20210000,,,1y
93088,"Overweight (including obesity) prevalence in adults, (using adjusted self-reported height and weight)",E92000001,England,E06000049,Cheshire East,Counties & UAs (from Apr 2023),Persons,18+ yrs,,,2021/22,62.53453,58.12918,67.03786,55.67929,69.26526,,449.0,,,Similar,Not compared,20210000,,,1y
93088,"Overweight (including obesity) prevalence in adults, (using adjusted self-reported height and weight)",E92000001,England,E06000050,Cheshire West and Chester,Counties & UAs (from Apr 2023),Persons,18+ yrs,,,2021/22,65.4417,60.83916,69.93007,58.27483,72.72751,,429.0,,,Similar,Not compared,20210000,,,1y
93088,"Overweight (including obesity) prevalence in adults, (using adjusted self-reported height and weight)",E92000001,England,E06000051,Shropshire,Counties & UAs (from Apr 2023),Persons,18+ yrs,,,2021/22,67.42447,63.00716,71.83771,60.1432,73.98592,,419.0,,,Similar,Not compared,20210000,,,1y
93088,"Overweight (including obesity) prevalence in adults, (using adjusted self-reported height and weight)",E92000001,England,E06000052,Cornwall,Counties & UAs (from Apr 2023),Persons,18+ yrs,,,2021/22,65.52738,60.98131,69.85981,58.64486,72.43014,,428.0,,,Similar,Not compared,20210000,,,1y
93088,"Overweight (including obesity) prevalence in adults, (using adjusted self-reported height and weight)",E92000001,England,E06000053,Isles of Scilly,Counties & UAs (from Apr 2023),Persons,18+ yrs,,,2021/22,53.64192,46.23438,61.25,41.25,66.25,,160.0,,,Better,Not compared,20210000,,,1y
93088,"Overweight (including obesity) prevalence in adults, (using adjusted self-reported height and weight)",E92000001,England,E06000054,Wiltshire,Counties & UAs (from Apr 2023),Persons,18+ yrs,,,2021/22,67.21172,62.67943,71.5311,59.80861,74.16268,,418.0,,,Similar,Not compared,20210000,,,1y
93088,"Overweight (including obesity) prevalence in adults, (using adjusted self-reported height and weight)",E92000001,England,E06000055,Bedford,Counties & UAs (from Apr 2023),Persons,18+ yrs,,,2021/22,61.87353,57.03704,66.41975,54.32099,69.1358,,405.0,,,Similar,Not compared,20210000,,,1y
93088,"Overweight (including obesity) prevalence in adults, (using adjusted self-reported height and weight)",E92000001,England,E06000056,Central Bedfordshire,Counties & UAs (from Apr 2023),Persons,18+ yrs,,,2021/22,68.54945,64.16465,72.88136,61.7431,75.54479,,413.0,,,Worse,Not compared,20210000,,,1y
93088,"Overweight (including obesity) prevalence in adults, (using adjusted self-reported height and weight)",E92000001,England,E06000057,Northumberland,Counties & UAs (from Apr 2023),Persons,18+ yrs,,,2021/22,63.36709,58.61244,67.94258,56.21986,70.09569,,418.0,,,Similar,Not compared,20210000,,,1y
93088,"Overweight (including obesity) prevalence in adults, (using adjusted self-reported height and weight)",E92000001,England,E06000058,"Bournemouth, Christchurch and Poole",Counties & UAs (from Apr 2023),Persons,18+ yrs,,,2021/22,62.94223,58.31382,67.44731,55.26932,70.02365,,427.0,,,Similar,Not compared,20210000,,,1y
93088,"Overweight (including obesity) prevalence in adults, (using adjusted self-reported height and weight)",E92000001,England,E06000059,Dorset,Counties & UAs (from Apr 2023),Persons,18+ yrs,,,2021/22,64.90165,60.32864,69.24883,57.74648,71.83099,,426.0,,,Similar,Not compared,20210000,,,1y
93088,"Overweight (including obesity) prevalence in adults, (using adjusted self-reported height and weight)",E92000001,England,E06000060,Buckinghamshire UA,Counties & UAs (from Apr 2023),Persons,18+ yrs,,,2021/22,59.98633,55.3616,64.83791,52.1197,67.58105,,401.0,,,Similar,Not compared,20210000,,,1y
93088,"Overweight (including obesity) prevalence in adults, (using adjusted self-reported height and weight)",E92000001,England,E06000061,North Northamptonshire,Counties & UAs (from Apr 2023),Persons,18+ yrs,,,2021/22,68.28902,63.8051,72.62181,61.48492,74.942,,431.0,,,Similar,Not compared,20210000,,,1y
93088,"Overweight (including obesity) prevalence in adults, (using adjusted self-reported height and weight)",E92000001,England,E06000062,West Northamptonshire,Counties & UAs (from Apr 2023),Persons,18+ yrs,,,2021/22,69.38755,65.03497,73.89277,62.47086,76.22378,,429.0,,,Worse,Not compared,20210000,,,1y
93088,"Overweight (including obesity) prevalence in adults, (using adjusted self-reported height and weight)",E92000001,England,E06000063,Cumberland,Counties & UAs (from Apr 2023),Persons,18+ yrs,,,2021/22,66.24399,63.71611,68.81978,62.20096,70.17552,,1254.0,,,Similar,Not compared,20210000,,,1y
93088,"Overweight (including obesity) prevalence in adults, (using adjusted self-reported height and weight)",E92000001,England,E06000064,Westmorland and Furness,Counties & UAs (from Apr 2023),Persons,18+ yrs,,,2021/22,63.94775,61.25696,66.58711,59.8249,67.9397,,1257.0,,,Similar,Not compared,20210000,,,1y
93088,"Overweight (including obesity) prevalence in adults, (using adjusted self-reported height and weight)",E92000001,England,E06000065,North Yorkshire UA,Counties & UAs (from Apr 2023),Persons,18+ yrs,,,2021/22,61.42619,59.68499,63.17024,58.6126,64.0751,,2984.0,,,Better,Not compared,20210000,,,1y
93088,"Overweight (including obesity) prevalence in adults, (using adjusted self-reported height and weight)",E92000001,England,E06000066,Somerset UA,Counties & UAs (from Apr 2023),Persons,18+ yrs,,,2021/22,66.25444,64.06877,68.48281,62.80802,69.68487,,1745.0,,,Worse,Not compared,20210000,,,1y
93088,"Overweight (including obesity) prevalence in adults, (using adjusted self-reported height and weight)",E92000001,England,E08000001,Bolton,Counties & UAs (from Apr 2023),Persons,18+ yrs,,,2021/22,65.92089,62.53165,69.11392,60.63291,71.26595,,790.0,,,Similar,Not compared,20210000,,,1y
93088,"Overweight (including obesity) prevalence in adults, (using adjusted self-reported height and weight)",E92000001,England,E08000002,Bury,Counties & UAs (from Apr 2023),Persons,18+ yrs,,,2021/22,64.90419,61.59509,68.22086,59.87718,70.06135,,815.0,,,Similar,Not compared,20210000,,,1y
93088,"Overweight (including obesity) prevalence in adults, (using adjusted self-reported height and weight)",E92000001,England,E08000003,Manchester,Counties & UAs (from Apr 2023),Persons,18+ yrs,,,2021/22,59.9161,57.47782,62.35741,56.08365,63.81508,,1578.0,,,Better,Not compared,20210000,,,1y
93088,"Overweight (including obesity) prevalence in adults, (using adjusted self-reported height and weight)",E92000001,England,E08000004,Oldham,Counties & UAs (from Apr 2023),Persons,18+ yrs,,,2021/22,71.84752,68.71089,75.09387,66.83354,76.84618,,799.0,,,Worse,Not compared,20210000,,,1y
93088,"Overweight (including obesity) prevalence in adults, (using adjusted self-reported height and weight)",E92000001,England,E08000005,Rochdale,Counties & UAs (from Apr 2023),Persons,18+ yrs,,,2021/22,67.45444,64.07643,70.70064,62.16561,72.61159,,785.0,,,Worse,Not compared,20210000,,,1y
93088,"Overweight (including obesity) prevalence in adults, (using adjusted self-reported height and weight)",E92000001,England,E08000006,Salford,Counties & UAs (from Apr 2023),Persons,18+ yrs,,,2021/22,68.77966,65.50868,71.83623,63.52357,73.32519,,806.0,,,Worse,Not compared,20210000,,,1y
93088,"Overweight (including obesity) prevalence in adults, (using adjusted self-reported height and weight)",E92000001,England,E08000007,Stockport,Counties & UAs (from Apr 2023),Persons,18+ yrs,,,2021/22,65.60471,62.36686,68.87574,60.59172,70.53266,,845.0,,,Similar,Not compared,20210000,,,1y
93088,"Overweight (including obesity) prevalence in adults, (using adjusted self-reported height and weight)",E92000001,England,E08000008,Tameside,Counties & UAs (from Apr 2023),Persons,18+ yrs,,,2021/22,69.15761,65.99764,72.25502,63.99055,74.14416,,847.0,,,Worse,Not compared,20210000,,,1y
93088,"Overweight (including obesity) prevalence in adults, (using adjusted self-reported height and weight)",E92000001,England,E08000009,Trafford,Counties & UAs (from Apr 2023),Persons,18+ yrs,,,2021/22,61.72068,58.40093,64.88992,56.43105,66.62816,,863.0,,,Similar,Not compared,20210000,,,1y
93088,"Overweight (including obesity) prevalence in adults, (using adjusted self-reported height and weight)",E92000001,England,E08000010,Wigan,Counties & UAs (from Apr 2023),Persons,18+ yrs,,,2021/22,71.31328,68.16479,74.40699,66.16717,76.15493,,801.0,,,Worse,Not compared,20210000,,,1y
93088,"Overweight (including obesity) prevalence in adults, (using adjusted self-reported height and weight)",E92000001,England,E08000011,Knowsley,Counties & UAs (from Apr 2023),Persons,18+ yrs,,,2021/22,74.62196,70.36145,78.55422,67.71084,80.96386,,415.0,,,Worse,Not compared,20210000,,,1y
93088,"Overweight (including obesity) prevalence in adults, (using adjusted self-reported height and weight)",E92000001,England,E08000012,Liverpool,Counties & UAs (from Apr 2023),Persons,18+ yrs,,,2021/22,65.32515,63.0273,67.61787,61.66253,68.92066,,1612.0,,,Similar,Not compared,20210000,,,1y
93088,"Overweight (including obesity) prevalence in adults, (using adjusted self-reported height and weight)",E92000001,England,E08000013,St. Helens,Counties & UAs (from Apr 2023),Persons,18+ yrs,,,2021/22,70.23571,65.95745,74.46809,63.35674,77.06879,,423.0,,,Worse,Not compared,20210000,,,1y
93088,"Overweight (including obesity) prevalence in adults, (using adjusted self-reported height and weight)",E92000001,England,E08000014,Sefton,Counties & UAs (from Apr 2023),Persons,18+ yrs,,,2021/22,71.16874,66.58879,75.46729,64.25234,77.80374,,428.0,,,Worse,Not compared,20210000,,,1y
93088,"Overweight (including obesity) prevalence in adults, (using adjusted self-reported height and weight)",E92000001,England,E08000015,Wirral,Counties & UAs (from Apr 2023),Persons,18+ yrs,,,2021/22,70.88531,66.51163,75.11628,64.4186,77.44186,,430.0,,,Worse,Not compared,20210000,,,1y
93088,"Overweight (including obesity) prevalence in adults, (using adjusted self-reported height and weight)",E92000001,England,E08000016,Barnsley,Counties & UAs (from Apr 2023),Persons,18+ yrs,,,2021/22,70.91853,66.51054,75.17564,64.16862,77.75176,,427.0,,,Worse,Not compared,20210000,,,1y
93088,"Overweight (including obesity) prevalence in adults, (using adjusted self-reported height and weight)",E92000001,England,E08000017,Doncaster,Counties & UAs (from Apr 2023),Persons,18+ yrs,,,2021/22,73.31829,71.68759,74.93026,70.71126,75.83682,,2868.0,,,Worse,Not compared,20210000,,,1y
93088,"Overweight (including obesity) prevalence in adults, (using adjusted self-reported height and weight)",E92000001,England,E08000018,Rotherham,Counties & UAs (from Apr 2023),Persons,18+ yrs,,,2021/22,71.88608,67.34694,76.27551,64.79566,78.57168,,392.0,,,Worse,Not compared,20210000,,,1y
93088,"Overweight (including obesity) prevalence in adults, (using adjusted self-reported height and weight)",E92000001,England,E08000019,Sheffield,Counties & UAs (from Apr 2023),Persons,18+ yrs,,,2021/22,60.43679,58.06258,62.75572,56.73881,64.07948,,1662.0,,,Better,Not compared,20210000,,,1y
93088,"Overweight (including obesity) prevalence in adults, (using adjusted self-reported height and weight)",E92000001,England,E08000021,Newcastle upon Tyne,Counties & UAs (from Apr 2023),Persons,18+ yrs,,,2021/22,64.03641,61.73285,66.30716,60.52948,67.62954,,1662.0,,,Similar,Not compared,20210000,,,1y
93088,"Overweight (including obesity) prevalence in adults, (using adjusted self-reported height and weight)",E92000001,England,E08000022,North Tyneside,Counties & UAs (from Apr 2023),Persons,18+ yrs,,,2021/22,70.65156,66.19385,74.9409,64.06619,77.30496,,423.0,,,Worse,Not compared,20210000,,,1y
93088,"Overweight (including obesity) prevalence in adults, (using adjusted self-reported height and weight)",E92000001,England,E08000023,South Tyneside,Counties & UAs (from Apr 2023),Persons,18+ yrs,,,2021/22,76.29375,71.9603,80.39702,69.47891,82.63027,,403.0,,,Worse,Not compared,20210000,,,1y
93088,"Overweight (including obesity) prevalence in adults, (using adjusted self-reported height and weight)",E92000001,England,E08000024,Sunderland,Counties & UAs (from Apr 2023),Persons,18+ yrs,,,2021/22,73.91085,69.47891,78.16377,66.74938,80.39702,,403.0,,,Worse,Not compared,20210000,,,1y
93088,"Overweight (including obesity) prevalence in adults, (using adjusted self-reported height and weight)",E92000001,England,E08000025,Birmingham,Counties & UAs (from Apr 2023),Persons,18+ yrs,,,2021/22,66.19041,64.18646,68.13088,62.75213,69.25146,,2231.0,,,Worse,Not compared,20210000,,,1y
93088,"Overweight (including obesity) prevalence in adults, (using adjusted self-reported height and weight)",E92000001,England,E08000026,Coventry,Counties & UAs (from Apr 2023),Persons,18+ yrs,,,2021/22,65.2734,61.92893,68.65482,60.15228,70.55838,,788.0,,,Similar,Not compared,20210000,,,1y
93088,"Overweight (including obesity) prevalence in adults, (using adjusted self-reported height and weight)",E92000001,England,E08000027,Dudley,Counties & UAs (from Apr 2023),Persons,18+ yrs,,,2021/22,71.46395,67.96407,74.8503,66.01796,76.49701,,668.0,,,Worse,Not compared,20210000,,,1y
93088,"Overweight (including obesity) prevalence in adults, (using adjusted self-reported height and weight)",E92000001,England,E08000028,Sandwell,Counties & UAs (from Apr 2023),Persons,18+ yrs,,,2021/22,69.73006,65.93592,73.35582,63.57504,75.21079,,593.0,,,Worse,Not compared,20210000,,,1y
93088,"Overweight (including obesity) prevalence in adults, (using adjusted self-reported height and weight)",E92000001,England,E08000029,Solihull,Counties & UAs (from Apr 2023),Persons,18+ yrs,,,2021/22,61.77066,57.43802,66.1157,54.95868,68.59504,,484.0,,,Similar,Not compared,20210000,,,1y
93088,"Overweight (including obesity) prevalence in adults, (using adjusted self-reported height and weight)",E92000001,England,E08000030,Walsall,Counties & UAs (from Apr 2023),Persons,18+ yrs,,,2021/22,75.31602,71.58672,78.96679,69.37269,80.62731,,542.0,,,Worse,Not compared,20210000,,,1y
93088,"Overweight (including obesity) prevalence in adults, (using adjusted self-reported height and weight)",E92000001,England,E08000031,Wolverhampton,Counties & UAs (from Apr 2023),Persons,18+ yrs,,,2021/22,69.65217,65.73034,73.59551,63.67022,75.46835,,534.0,,,Worse,Not compared,20210000,,,1y
93088,"Overweight (including obesity) prevalence in adults, (using adjusted self-reported height and weight)",E92000001,England,E08000032,Bradford,Counties & UAs (from Apr 2023),Persons,18+ yrs,,,2021/22,66.42821,61.55914,71.23656,59.13978,73.92473,,372.0,,,Similar,Not compared,20210000,,,1y
93088,"Overweight (including obesity) prevalence in adults, (using adjusted self-reported height and weight)",E92000001,England,E08000033,Calderdale,Counties & UAs (from Apr 2023),Persons,18+ yrs,,,2021/22,65.38677,62.0603,68.71859,60.05025,70.47751,,796.0,,,Similar,Not compared,20210000,,,1y
93088,"Overweight (including obesity) prevalence in adults, (using adjusted self-reported height and weight)",E92000001,England,E08000034,Kirklees,Counties & UAs (from Apr 2023),Persons,18+ yrs,,,2021/22,60.46691,55.76923,65.14423,53.125,67.54832,,416.0,,,Similar,Not compared,20210000,,,1y
93088,"Overweight (including obesity) prevalence in adults, (using adjusted self-reported height and weight)",E92000001,England,E08000035,Leeds,Counties & UAs (from Apr 2023),Persons,18+ yrs,,,2021/22,64.98629,62.60924,67.22846,61.29831,68.47697,,1602.0,,,Similar,Not compared,20210000,,,1y
93088,"Overweight (including obesity) prevalence in adults, (using adjusted self-reported height and weight)",E92000001,England,E08000036,Wakefield,Counties & UAs (from Apr 2023),Persons,18+ yrs,,,2021/22,76.43972,72.19388,80.61224,69.64286,82.90816,,392.0,,,Worse,Not compared,20210000,,,1y
93088,"Overweight (including obesity) prevalence in adults, (using adjusted self-reported height and weight)",E92000001,England,E08000037,Gateshead,Counties & UAs (from Apr 2023),Persons,18+ yrs,,,2021/22,68.35933,63.85542,72.77108,61.68675,74.6988,,415.0,,,Worse,Not compared,20210000,,,1y
93088,"Overweight (including obesity) prevalence in adults, (using adjusted self-reported height and weight)",E92000001,England,E09000001,City of London,Counties & UAs (from Apr 2023),Persons,18+ yrs,,,2021/22,58.23909,50.84746,65.53672,46.89266,69.49153,,177.0,,,Similar,Not compared,20210000,,,1y
93088,"Overweight (including obesity) prevalence in adults, (using adjusted self-reported height and weight)",E92000001,England,E09000002,Barking and Dagenham,Counties & UAs (from Apr 2023),Persons,18+ yrs,,,2021/22,70.46302,65.95745,75.0,63.03191,77.12766,,376.0,,,Worse,Not compared,20210000,,,1y
93088,"Overweight (including obesity) prevalence in adults, (using adjusted self-reported height and weight)",E92000001,England,E09000003,Barnet,Counties & UAs (from Apr 2023),Persons,18+ yrs,,,2021/22,57.52195,52.6699,62.37864,50.0,64.80583,,412.0,,,Better,Not compared,20210000,,,1y
93088,"Overweight (including obesity) prevalence in adults, (using adjusted self-reported height and weight)",E92000001,England,E09000004,Bexley,Counties & UAs (from Apr 2023),Persons,18+ yrs,,,2021/22,61.95412,56.99482,66.83938,54.66321,69.68912,,386.0,,,Similar,Not compared,20210000,,,1y
93088,"Overweight (including obesity) prevalence in adults, (using adjusted self-reported height and weight)",E92000001,England,E09000005,Brent,Counties & UAs (from Apr 2023),Persons,18+ yrs,,,2021/22,58.83456,53.92954,63.68564,51.21951,66.39593,,369.0,,,Better,Not compared,20210000,,,1y
93088,"Overweight (including obesity) prevalence in adults, (using adjusted self-reported height and weight)",E92000001,England,E09000006,Bromley,Counties & UAs (from Apr 2023),Persons,18+ yrs,,,2021/22,60.8074,56.14035,65.41353,53.13283,67.92005,,399.0,,,Similar,Not compared,20210000,,,1y
93088,"Overweight (including obesity) prevalence in adults, (using adjusted self-reported height and weight)",E92000001,England,E09000007,Camden,Counties & UAs (from Apr 2023),Persons,18+ yrs,,,2021/22,50.09469,45.3012,54.93976,42.6506,57.59036,,415.0,,,Better,Not compared,20210000,,,1y
93088,"Overweight (including obesity) prevalence in adults, (using adjusted self-reported height and weight)",E92000001,England,E09000008,Croydon,Counties & UAs (from Apr 2023),Persons,18+ yrs,,,2021/22,62.62389,57.84314,67.15686,55.14706,69.60784,,408.0,,,Similar,Not compared,20210000,,,1y
93088,"Overweight (including obesity) prevalence in adults, (using adjusted self-reported height and weight)",E92000001,England,E09000009,Ealing,Counties & UAs (from Apr 2023),Persons,18+ yrs,,,2021/22,57.60212,52.54692,62.46649,49.59759,65.41582,,373.0,,,Better,Not compared,20210000,,,1y
93088,"Overweight (including obesity) prevalence in adults, (using adjusted self-reported height and weight)",E92000001,England,E09000010,Enfield,Counties & UAs (from Apr 2023),Persons,18+ yrs,,,2021/22,59.70247,54.71698,64.69003,52.02156,67.11617,,371.0,,,Similar,Not compared,20210000,,,1y
93088,"Overweight (including obesity) prevalence in adults, (using adjusted self-reported height and weight)",E92000001,England,E09000011,Greenwich,Counties & UAs (from Apr 2023),Persons,18+ yrs,,,2021/22,60.43891,55.46875,65.10417,52.60417,68.22917,,384.0,,,Similar,Not compared,20210000,,,1y
93088,"Overweight (including obesity) prevalence in adults, (using adjusted self-reported height and weight)",E92000001,England,E09000012,Hackney,Counties & UAs (from Apr 2023),Persons,18+ yrs,,,2021/22,46.87825,41.90981,51.98939,39.52255,54.90716,,377.0,,,Better,Not compared,20210000,,,1y
93088,"Overweight (including obesity) prevalence in adults, (using adjusted self-reported height and weight)",E92000001,England,E09000013,Hammersmith and Fulham,Counties & UAs (from Apr 2023),Persons,18+ yrs,,,2021/22,49.69858,45.04717,54.48113,41.9809,57.54717,,424.0,,,Better,Not compared,20210000,,,1y
93088,"Overweight (including obesity) prevalence in adults, (using adjusted self-reported height and weight)",E92000001,England,E09000014,Haringey,Counties & UAs (from Apr 2023),Persons,18+ yrs,,,2021/22,49.03743,43.92765,54.00517,41.60181,56.84755,,387.0,,,Better,Not compared,20210000,,,1y
93088,"Overweight (including obesity) prevalence in adults, (using adjusted self-reported height and weight)",E92000001,England,E09000015,Harrow,Counties & UAs (from Apr 2023),Persons,18+ yrs,,,2021/22,55.19431,50.35629,59.85748,47.98076,62.47031,,421.0,,,Better,Not compared,20210000,,,1y
93088,"Overweight (including obesity) prevalence in adults, (using adjusted self-reported height and weight)",E92000001,England,E09000016,Havering,Counties & UAs (from Apr 2023),Persons,18+ yrs,,,2021/22,60.90811,56.05701,65.55819,53.68147,67.93349,,421.0,,,Similar,Not compared,20210000,,,1y
93088,"Overweight (including obesity) prevalence in adults, (using adjusted self-reported height and weight)",E92000001,England,E09000017,Hillingdon,Counties & UAs (from Apr 2023),Persons,18+ yrs,,,2021/22,62.3261,57.40741,67.19577,55.02619,69.84153,,378.0,,,Similar,Not compared,20210000,,,1y
93088,"Overweight (including obesity) prevalence in adults, (using adjusted self-reported height and weight)",E92000001,England,E09000018,Hounslow,Counties & UAs (from Apr 2023),Persons,18+ yrs,,,2021/22,61.65115,56.84211,66.57895,53.68421,69.21053,,380.0,,,Similar,Not compared,20210000,,,1y
93088,"Overweight (including obesity) prevalence in adults, (using adjusted self-reported height and weight)",E92000001,England,E09000019,Islington,Counties & UAs (from Apr 2023),Persons,18+ yrs,,,2021/22,51.00952,46.26866,55.72139,43.28358,58.70647,,402.0,,,Better,Not compared,20210000,,,1y
93088,"Overweight (including obesity) prevalence in adults, (using adjusted self-reported height and weight)",E92000001,England,E09000020,Kensington and Chelsea,Counties & UAs (from Apr 2023),Persons,18+ yrs,,,2021/22,45.49546,40.67797,50.3632,38.49855,53.02688,,413.0,,,Better,Not compared,20210000,,,1y
93088,"Overweight (including obesity) prevalence in adults, (using adjusted self-reported height and weight)",E92000001,England,E09000021,Kingston upon Thames,Counties & UAs (from Apr 2023),Persons,18+ yrs,,,2021/22,57.16486,52.28916,61.68675,49.87952,64.33735,,415.0,,,Better,Not compared,20210000,,,1y
93088,"Overweight (including obesity) prevalence in adults, (using adjusted self-reported height and weight)",E92000001,England,E09000022,Lambeth,Counties & UAs (from Apr 2023),Persons,18+ yrs,,,2021/22,50.06451,45.22613,55.02513,42.71332,58.0402,,398.0,,,Better,Not compared,20210000,,,1y
93088,"Overweight (including obesity) prevalence in adults, (using adjusted self-reported height and weight)",E92000001,England,E09000023,Lewisham,Counties & UAs (from Apr 2023),Persons,18+ yrs,,,2021/22,57.75553,52.91139,62.53165,50.12658,65.06329,,395.0,,,Better,Not compared,20210000,,,1y
93088,"Overweight (including obesity) prevalence in adults, (using adjusted self-reported height and weight)",E92000001,England,E09000024,Merton,Counties & UAs (from Apr 2023),Persons,18+ yrs,,,2021/22,55.07451,50.12285,59.95086,47.66585,62.65356,,407.0,,,Better,Not compared,20210000,,,1y
93088,"Overweight (including obesity) prevalence in adults, (using adjusted self-reported height and weight)",E92000001,England,E09000025,Newham,Counties & UAs (from Apr 2023),Persons,18+ yrs,,,2021/22,47.29785,42.29765,52.21932,39.42559,55.61358,,383.0,,,Better,Not compared,20210000,,,1y
93088,"Overweight (including obesity) prevalence in adults, (using adjusted self-reported height and weight)",E92000001,England,E09000026,Redbridge,Counties & UAs (from Apr 2023),Persons,18+ yrs,,,2021/22,61.58136,56.63957,66.66667,53.38753,69.6477,,369.0,,,Similar,Not compared,20210000,,,1y
93088,"Overweight (including obesity) prevalence in adults, (using adjusted self-reported height and weight)",E92000001,England,E09000027,Richmond upon Thames,Counties & UAs (from Apr 2023),Persons,18+ yrs,,,2021/22,56.38344,51.38539,61.20907,48.61461,63.72821,,397.0,,,Better,Not compared,20210000,,,1y
93088,"Overweight (including obesity) prevalence in adults, (using adjusted self-reported height and weight)",E92000001,England,E09000028,Southwark,Counties & UAs (from Apr 2023),Persons,18+ yrs,,,2021/22,44.21426,39.46731,48.91041,36.56174,51.57385,,413.0,,,Better,Not compared,20210000,,,1y
93088,"Overweight (including obesity) prevalence in adults, (using adjusted self-reported height and weight)",E92000001,England,E09000029,Sutton,Counties & UAs (from Apr 2023),Persons,18+ yrs,,,2021/22,57.79762,52.91139,62.78481,50.37975,65.31646,,395.0,,,Better,Not compared,20210000,,,1y
93088,"Overweight (including obesity) prevalence in adults, (using adjusted self-reported height and weight)",E92000001,England,E09000030,Tower Hamlets,Counties & UAs (from Apr 2023),Persons,18+ yrs,,,2021/22,47.75899,42.95943,52.50597,40.33413,55.60859,,419.0,,,Better,Not compared,20210000,,,1y
93088,"Overweight (including obesity) prevalence in adults, (using adjusted self-reported height and weight)",E92000001,England,E09000031,Waltham Forest,Counties & UAs (from Apr 2023),Persons,18+ yrs,,,2021/22,53.20031,48.16754,58.11518,45.02618,60.99503,,382.0,,,Better,Not compared,20210000,,,1y
93088,"Overweight (including obesity) prevalence in adults, (using adjusted self-reported height and weight)",E92000001,England,E09000032,Wandsworth,Counties & UAs (from Apr 2023),Persons,18+ yrs,,,2021/22,50.81563,45.79208,55.69307,43.31683,58.66361,,404.0,,,Better,Not compared,20210000,,,1y
93088,"Overweight (including obesity) prevalence in adults, (using adjusted self-reported height and weight)",E92000001,England,E09000033,Westminster,Counties & UAs (from Apr 2023),Persons,18+ yrs,,,2021/22,49.67693,45.01217,54.50122,41.84915,57.42092,,411.0,,,Better,Not compared,20210000,,,1y
93088,"Overweight (including obesity) prevalence in adults, (using adjusted self-reported height and weight)",E92000001,England,E10000003,Cambridgeshire,Counties & UAs (from Apr 2023),Persons,18+ yrs,,,2021/22,59.96552,57.84173,62.06235,56.4988,63.3094,,2085.0,,,Better,Not compared,20210000,,,1y
93088,"Overweight (including obesity) prevalence in adults, (using adjusted self-reported height and weight)",E92000001,England,E10000007,Derbyshire,Counties & UAs (from Apr 2023),Persons,18+ yrs,,,2021/22,66.66266,65.1285,68.2535,64.16466,69.07126,,3424.0,,,Worse,Not compared,20210000,,,1y
93088,"Overweight (including obesity) prevalence in adults, (using adjusted self-reported height and weight)",E92000001,England,E10000008,Devon,Counties & UAs (from Apr 2023),Persons,18+ yrs,,,2021/22,60.54108,58.9306,62.17292,57.93513,63.02622,,3516.0,,,Better,Not compared,20210000,,,1y
93088,"Overweight (including obesity) prevalence in adults, (using adjusted self-reported height and weight)",E92000001,England,E10000011,East Sussex,Counties & UAs (from Apr 2023),Persons,18+ yrs,,,2021/22,62.73735,60.67574,64.80643,59.59643,66.02539,,2131.0,,,Similar,Not compared,20210000,,,1y
93088,"Overweight (including obesity) prevalence in adults, (using adjusted self-reported height and weight)",E92000001,England,E10000012,Essex,Counties & UAs (from Apr 2023),Persons,18+ yrs,,,2021/22,65.28184,63.97219,66.59384,63.17774,67.30894,,5035.0,,,Worse,Not compared,20210000,,,1y
93088,"Overweight (including obesity) prevalence in adults, (using adjusted self-reported height and weight)",E92000001,England,E10000013,Gloucestershire,Counties & UAs (from Apr 2023),Persons,18+ yrs,,,2021/22,62.44715,60.64196,64.31028,59.49561,65.41849,,2617.0,,,Similar,Not compared,20210000,,,1y
93088,"Overweight (including obesity) prevalence in adults, (using adjusted self-reported height and weight)",E92000001,England,E10000014,Hampshire,Counties & UAs (from Apr 2023),Persons,18+ yrs,,,2021/22,64.15577,62.7814,65.53756,62.0871,66.25291,,4753.0,,,Similar,Not compared,20210000,,,1y
93088,"Overweight (including obesity) prevalence in adults, (using adjusted self-reported height and weight)",E92000001,England,E10000015,Hertfordshire,Counties & UAs (from Apr 2023),Persons,18+ yrs,,,2021/22,60.77651,59.29162,62.26682,58.48878,63.14052,,4235.0,,,Better,Not compared,20210000,,,1y
93088,"Overweight (including obesity) prevalence in adults, (using adjusted self-reported height and weight)",E92000001,England,E10000016,Kent,Counties & UAs (from Apr 2023),Persons,18+ yrs,,,2021/22,65.76265,64.4427,67.03297,63.67737,67.81794,,5096.0,,,Worse,Not compared,20210000,,,1y
93088,"Overweight (including obesity) prevalence in adults, (using adjusted self-reported height and weight)",E92000001,England,E10000017,Lancashire,Counties & UAs (from Apr 2023),Persons,18+ yrs,,,2021/22,65.72109,64.44221,67.05528,63.73867,67.77889,,4975.0,,,Worse,Not compared,20210000,,,1y
93088,"Overweight (including obesity) prevalence in adults, (using adjusted self-reported height and weight)",E92000001,England,E10000018,Leicestershire,Counties & UAs (from Apr 2023),Persons,18+ yrs,,,2021/22,64.13227,62.38469,65.86949,61.39388,66.96276,,2927.0,,,Similar,Not compared,20210000,,,1y
93088,"Overweight (including obesity) prevalence in adults, (using adjusted self-reported height and weight)",E92000001,England,E10000019,Lincolnshire,Counties & UAs (from Apr 2023),Persons,18+ yrs,,,2021/22,70.42868,68.79891,72.0313,67.81211,72.98401,,2939.0,,,Worse,Not compared,20210000,,,1y
93088,"Overweight (including obesity) prevalence in adults, (using adjusted self-reported height and weight)",E92000001,England,E10000020,Norfolk,Counties & UAs (from Apr 2023),Persons,18+ yrs,,,2021/22,63.5061,61.75379,65.22766,60.60708,66.27319,,2965.0,,,Similar,Not compared,20210000,,,1y
93088,"Overweight (including obesity) prevalence in adults, (using adjusted self-reported height and weight)",E92000001,England,E10000024,Nottinghamshire,Counties & UAs (from Apr 2023),Persons,18+ yrs,,,2021/22,66.13778,64.48069,67.87617,63.4487,68.90819,,3004.0,,,Worse,Not compared,20210000,,,1y
93088,"Overweight (including obesity) prevalence in adults, (using adjusted self-reported height and weight)",E92000001,England,E10000025,Oxfordshire,Counties & UAs (from Apr 2023),Persons,18+ yrs,,,2021/22,60.01769,57.95918,62.08617,56.78005,63.3107,,2205.0,,,Better,Not compared,20210000,,,1y
93088,"Overweight (including obesity) prevalence in adults, (using adjusted self-reported height and weight)",E92000001,England,E10000028,Staffordshire,Counties & UAs (from Apr 2023),Persons,18+ yrs,,,2021/22,68.17041,66.54556,69.72449,65.60699,70.66309,,3303.0,,,Worse,Not compared,20210000,,,1y
93088,"Overweight (including obesity) prevalence in adults, (using adjusted self-reported height and weight)",E92000001,England,E10000029,Suffolk,Counties & UAs (from Apr 2023),Persons,18+ yrs,,,2021/22,65.63243,63.67384,67.61452,62.52863,68.80444,,2183.0,,,Similar,Not compared,20210000,,,1y
93088,"Overweight (including obesity) prevalence in adults, (using adjusted self-reported height and weight)",E92000001,England,E10000030,Surrey,Counties & UAs (from Apr 2023),Persons,18+ yrs,,,2021/22,58.52933,57.14892,59.92787,56.364,60.73401,,4714.0,,,Better,Not compared,20210000,,,1y
93088,"Overweight (including obesity) prevalence in adults, (using adjusted self-reported height and weight)",E92000001,England,E10000031,Warwickshire,Counties & UAs (from Apr 2023),Persons,18+ yrs,,,2021/22,66.21585,64.21405,68.22742,62.92398,69.23086,,2093.0,,,Worse,Not compared,20210000,,,1y
93088,"Overweight (including obesity) prevalence in adults, (using adjusted self-reported height and weight)",E92000001,England,E10000032,West Sussex,Counties & UAs (from Apr 2023),Persons,18+ yrs,,,2021/22,61.55233,59.79933,63.27759,58.7291,64.18067,,2990.0,,,Better,Not compared,20210000,,,1y
93088,"Overweight (including obesity) prevalence in adults, (using adjusted self-reported height and weight)",E92000001,England,E10000034,Worcestershire,Counties & UAs (from Apr 2023),Persons,18+ yrs,,,2021/22,66.89361,65.04815,68.73997,63.80417,69.78331,,2492.0,,,Worse,Not compared,20210000,,,1y
93088,"Overweight (including obesity) prevalence in adults, (using adjusted self-reported height and weight)",,,E92000001,England,England,Male,18+ yrs,,,2022/23,69.2196,68.8668,69.57533,68.63717,69.75512,,66193.0,,,Not compared,Not compared,20220000,,,1y
93088,"Overweight (including obesity) prevalence in adults, (using adjusted self-reported height and weight)",,,E92000001,England,England,Female,18+ yrs,,,2022/23,58.56626,58.21212,58.91394,58.03045,59.11129,,76515.0,,,Not compared,Not compared,20220000,,,1y
93088,"Overweight (including obesity) prevalence in adults, (using adjusted self-reported height and weight)",,,E92000001,England,England,Persons,85+ yrs,,,2022/23,64.90323,63.1631,66.58979,62.17456,67.57825,,3035.0,,,Not compared,Not compared,20220000,,,1y
93088,"Overweight (including obesity) prevalence in adults, (using adjusted self-reported height and weight)",,,E92000001,England,England,Persons,25-34 yrs,,,2022/23,56.8261,56.06389,57.58891,55.59373,58.00485,,16590.0,,,Not compared,Not compared,20220000,,,1y
93088,"Overweight (including obesity) prevalence in adults, (using adjusted self-reported height and weight)",,,E92000001,England,England,Persons,35-44 yrs,,,2022/23,63.73091,63.08633,64.37939,62.69394,64.79498,,21656.0,,,Not compared,Not compared,20220000,,,1y
93088,"Overweight (including obesity) prevalence in adults, (using adjusted self-reported height and weight)",,,E92000001,England,England,Persons,45-54 yrs,,,2022/23,70.55013,69.95673,71.15141,69.61677,71.43916,,22937.0,,,Not compared,Not compared,20220000,,,1y
93088,"Overweight (including obesity) prevalence in adults, (using adjusted self-reported height and weight)",,,E92000001,England,England,Persons,55-64 yrs,,,2022/23,72.84802,72.33028,73.35637,72.02623,73.64313,,28945.0,,,Not compared,Not compared,20220000,,,1y
93088,"Overweight (including obesity) prevalence in adults, (using adjusted self-reported height and weight)",,,E92000001,England,England,Persons,65-74 yrs,,,2022/23,71.06149,70.52628,71.58306,70.24446,71.92476,,28388.0,,,Not compared,Not compared,20220000,,,1y
93088,"Overweight (including obesity) prevalence in adults, (using adjusted self-reported height and weight)",,,E92000001,England,England,Persons,75-84 yrs,,,2022/23,70.71356,69.99099,71.43225,69.58561,71.81186,,15542.0,,,Not compared,Not compared,20220000,,,1y
93088,"Overweight (including obesity) prevalence in adults, (using adjusted self-reported height and weight)",,,E92000001,England,England,Persons,18+ yrs,,,2022/23,63.9507,63.69858,64.19754,63.55705,64.34117,,142708.0,,,Not compared,Not compared,20220000,,,1y
93088,"Overweight (including obesity) prevalence in adults, (using adjusted self-reported height and weight)",,,E92000001,England,England,Persons,18+ yrs,Working status,Inactive,2022/23,65.95742,65.5433,66.35883,65.29845,66.59212,,51868.0,,,Worse,Not compared,20220000,,,1y
93088,"Overweight (including obesity) prevalence in adults, (using adjusted self-reported height and weight)",,,E92000001,England,England,Persons,18+ yrs,Working status,Unemployed,2022/23,64.57608,62.94136,66.22659,62.02026,67.08631,,3257.0,,,Similar,Not compared,20220000,,,1y
93088,"Overweight (including obesity) prevalence in adults, (using adjusted self-reported height and weight)",,,E92000001,England,England,Persons,18+ yrs,Working status,Working,2022/23,64.52512,64.19207,64.85826,64.01325,65.02324,,79407.0,,,Worse,Not compared,20220000,,,1y
93088,"Overweight (including obesity) prevalence in adults, (using adjusted self-reported height and weight)",,,E92000001,England,England,Persons,18+ yrs,Disability,Disabled,2022/23,72.21623,71.69405,72.74333,71.40788,72.99771,,28305.0,,,Worse,Not compared,20220000,,,1y
93088,"Overweight (including obesity) prevalence in adults, (using adjusted self-reported height and weight)",,,E92000001,England,England,Persons,18+ yrs,Disability,Not disabled,2022/23,61.77839,61.48819,62.06388,61.31246,62.23229,,109260.0,,,Better,Not compared,20220000,,,1y
93088,"Overweight (including obesity) prevalence in adults, (using adjusted self-reported height and weight)",,,E92000001,England,England,Persons,18+ yrs,Ethnic groups,White British,2022/23,65.2604,64.98014,65.53233,64.83367,65.68382,,118804.0,,,Worse,Not compared,20220000,,,1y
93088,"Overweight (including obesity) prevalence in adults, (using adjusted self-reported height and weight)",,,E92000001,England,England,Persons,18+ yrs,Ethnic groups,White Other,2022/23,58.31997,57.26804,59.38063,56.60783,59.90882,,8331.0,,,Better,Not compared,20220000,,,1y
93088,"Overweight (including obesity) prevalence in adults, (using adjusted self-reported height and weight)",,,E92000001,England,England,Persons,18+ yrs,Ethnic groups,Asian,2022/23,59.04709,57.88141,60.1907,57.22582,60.90584,,6712.0,,,Better,Not compared,20220000,,,1y
93088,"Overweight (including obesity) prevalence in adults, (using adjusted self-reported height and weight)",,,E92000001,England,England,Persons,18+ yrs,Ethnic groups,Black,2022/23,74.83447,73.02093,76.6606,72.06551,77.70701,,2198.0,,,Worse,Not compared,20220000,,,1y
93088,"Overweight (including obesity) prevalence in adults, (using adjusted self-reported height and weight)",,,E92000001,England,England,Persons,18+ yrs,Ethnic groups,Chinese,2022/23,30.6129,28.09917,33.22314,26.77686,34.79347,,1210.0,,,Better,Not compared,20220000,,,1y
93088,"Overweight (including obesity) prevalence in adults, (using adjusted self-reported height and weight)",,,E92000001,England,England,Persons,18+ yrs,Ethnic groups,Mixed,2022/23,61.22788,59.07001,63.41339,57.94584,64.58866,,1957.0,,,Better,Not compared,20220000,,,1y
93088,"Overweight (including obesity) prevalence in adults, (using adjusted self-reported height and weight)",,,E92000001,England,England,Persons,18+ yrs,Ethnic groups,Other,2022/23,60.14636,57.24508,62.96959,55.72451,64.7585,,1118.0,,,Better,Not compared,20220000,,,1y
93088,"Overweight (including obesity) prevalence in adults, (using adjusted self-reported height and weight)",,,E92000001,England,England,Persons,18+ yrs,LSOA11 deprivation deciles within area (IMD  trend),Most deprived decile,2022/23,71.54076,70.60287,72.45787,70.08256,72.96687,,8841.0,,,Worse,Not compared,20220000,,,1y
93088,"Overweight (including obesity) prevalence in adults, (using adjusted self-reported height and weight)",,,E92000001,England,England,Persons,18+ yrs,LSOA11 deprivation deciles within area (IMD  trend),Second most deprived decile,2022/23,67.73091,66.80178,68.67653,66.19375,69.15283,,9868.0,,,Worse,Not compared,20220000,,,1y
93088,"Overweight (including obesity) prevalence in adults, (using adjusted self-reported height and weight)",,,E92000001,England,England,Persons,18+ yrs,LSOA11 deprivation deciles within area (IMD  trend),Third more deprived decile,2022/23,67.61279,66.75341,68.44939,66.28678,68.93396,,11144.0,,,Worse,Not compared,20220000,,,1y
93088,"Overweight (including obesity) prevalence in adults, (using adjusted self-reported height and weight)",,,E92000001,England,England,Persons,18+ yrs,LSOA11 deprivation deciles within area (IMD  trend),Fourth more deprived decile,2022/23,65.02321,64.20182,65.85535,63.76912,66.36533,,12942.0,,,Worse,Not compared,20220000,,,1y
93088,"Overweight (including obesity) prevalence in adults, (using adjusted self-reported height and weight)",,,E92000001,England,England,Persons,18+ yrs,LSOA11 deprivation deciles within area (IMD  trend),Fifth more deprived decile,2022/23,63.79701,63.00597,64.60647,62.52327,64.97208,,14497.0,,,Similar,Not compared,20220000,,,1y
93088,"Overweight (including obesity) prevalence in adults, (using adjusted self-reported height and weight)",,,E92000001,England,England,Persons,18+ yrs,LSOA11 deprivation deciles within area (IMD  trend),Fifth less deprived decile,2022/23,63.96835,63.22524,64.70567,62.76108,65.13206,,15943.0,,,Similar,Not compared,20220000,,,1y
93088,"Overweight (including obesity) prevalence in adults, (using adjusted self-reported height and weight)",,,E92000001,England,England,Persons,18+ yrs,LSOA11 deprivation deciles within area (IMD  trend),Fourth less deprived decile,2022/23,62.62458,61.89502,63.35781,61.50373,63.79729,,16612.0,,,Better,Not compared,20220000,,,1y
93088,"Overweight (including obesity) prevalence in adults, (using adjusted self-reported height and weight)",,,E92000001,England,England,Persons,18+ yrs,LSOA11 deprivation deciles within area (IMD  trend),Third less deprived decile,2022/23,61.96139,61.22794,62.69587,60.84347,63.06868,,17167.0,,,Better,Not compared,20220000,,,1y
93088,"Overweight (including obesity) prevalence in adults, (using adjusted self-reported height and weight)",,,E92000001,England,England,Persons,18+ yrs,LSOA11 deprivation deciles within area (IMD  trend),Second least deprived decile,2022/23,61.33033,60.62294,62.04388,60.2023,62.41901,,17594.0,,,Better,Not compared,20220000,,,1y
93088,"Overweight (including obesity) prevalence in adults, (using adjusted self-reported height and weight)",,,E92000001,England,England,Persons,18+ yrs,LSOA11 deprivation deciles within area (IMD  trend),Least deprived decile,2022/23,59.55784,58.83425,60.27624,58.43646,60.61327,,18100.0,,,Better,Not compared,20220000,,,1y
93088,"Overweight (including obesity) prevalence in adults, (using adjusted self-reported height and weight)",,,E92000001,England,England,Persons,18+ yrs,Level of education,No qualification,2022/23,70.21206,69.3246,71.09879,68.74997,71.63306,,9920.0,,,Worse,Not compared,20220000,,,1y
93088,"Overweight (including obesity) prevalence in adults, (using adjusted self-reported height and weight)",,,E92000001,England,England,Persons,18+ yrs,Level of education,Another type of qualification,2022/23,63.67608,62.50792,64.88284,61.82711,65.56366,,6316.0,,,Similar,Not compared,20220000,,,1y
93088,"Overweight (including obesity) prevalence in adults, (using adjusted self-reported height and weight)",,,E92000001,England,England,Persons,18+ yrs,Level of education,Level 1 and below,2022/23,68.07166,66.19777,69.96276,65.03926,70.87302,,2417.0,,,Worse,Not compared,20220000,,,1y
93088,"Overweight (including obesity) prevalence in adults, (using adjusted self-reported height and weight)",,,E92000001,England,England,Persons,18+ yrs,Level of education,Level 2 and equivalent,2022/23,68.78724,68.19078,69.39528,67.87544,69.72803,,22833.0,,,Worse,Not compared,20220000,,,1y
93088,"Overweight (including obesity) prevalence in adults, (using adjusted self-reported height and weight)",,,E92000001,England,England,Persons,18+ yrs,Level of education,Level 3 and equivalent,2022/23,67.52382,66.8892,68.15021,66.52293,68.47474,,21570.0,,,Worse,Not compared,20220000,,,1y
93088,"Overweight (including obesity) prevalence in adults, (using adjusted self-reported height and weight)",,,E92000001,England,England,Persons,18+ yrs,Level of education,Level 4 and above,2022/23,60.51791,60.17695,60.85989,59.97128,61.03711,,77312.0,,,Better,Not compared,20220000,,,1y
93088,"Overweight (including obesity) prevalence in adults, (using adjusted self-reported height and weight)",,,E92000001,England,England,Persons,18+ yrs,Socioeconomic class,"Managerial, administrative and professional occupations",2022/23,55.18396,54.82131,55.53883,54.59165,55.71954,,73590.0,People aged 75 and over are excluded from NS-SeC (National Statistics Socio-economic Classification) economic activity questions in the Active Lives Adult Survey,,Better,Not compared,20220000,,,1y
93088,"Overweight (including obesity) prevalence in adults, (using adjusted self-reported height and weight)",,,E92000001,England,England,Persons,18+ yrs,Socioeconomic class,Intermediate occupations,2022/23,55.88197,54.99763,56.7294,54.49154,57.2434,,12646.0,People aged 75 and over are excluded from NS-SeC (National Statistics Socio-economic Classification) economic activity questions in the Active Lives Adult Survey,,Better,Not compared,20220000,,,1y
93088,"Overweight (including obesity) prevalence in adults, (using adjusted self-reported height and weight)",,,E92000001,England,England,Persons,18+ yrs,Socioeconomic class,Self-employed and small employers,2022/23,58.81778,57.78796,59.85745,57.20197,60.45524,,8699.0,People aged 75 and over are excluded from NS-SeC (National Statistics Socio-economic Classification) economic activity questions in the Active Lives Adult Survey,,Better,Not compared,20220000,,,1y
93088,"Overweight (including obesity) prevalence in adults, (using adjusted self-reported height and weight)",,,E92000001,England,England,Persons,18+ yrs,Socioeconomic class,Lower supervisory and technical occupations,2022/23,63.47852,62.48467,64.46972,61.92705,65.06081,,8967.0,People aged 75 and over are excluded from NS-SeC (National Statistics Socio-economic Classification) economic activity questions in the Active Lives Adult Survey,,Similar,Not compared,20220000,,,1y
93088,"Overweight (including obesity) prevalence in adults, (using adjusted self-reported height and weight)",,,E92000001,England,England,Persons,18+ yrs,Socioeconomic class,Semi-routine and routine occupations,2022/23,60.81645,59.94443,61.6706,59.4392,62.15057,,11876.0,People aged 75 and over are excluded from NS-SeC (National Statistics Socio-economic Classification) economic activity questions in the Active Lives Adult Survey,,Better,Not compared,20220000,,,1y
93088,"Overweight (including obesity) prevalence in adults, (using adjusted self-reported height and weight)",,,E92000001,England,England,Persons,18+ yrs,Socioeconomic class,Long term unemployed or never worked,2022/23,57.65402,55.69242,59.67466,54.32363,60.87329,,2336.0,People aged 75 and over are excluded from NS-SeC (National Statistics Socio-economic Classification) economic activity questions in the Active Lives Adult Survey,,Better,Not compared,20220000,,,1y
93088,"Overweight (including obesity) prevalence in adults, (using adjusted self-reported height and weight)",,,E92000001,England,England,Persons,18+ yrs,Socioeconomic class,Students,2022/23,59.10817,57.29363,60.98756,56.1251,62.04301,,2653.0,People aged 75 and over are excluded from NS-SeC (National Statistics Socio-economic Classification) economic activity questions in the Active Lives Adult Survey,,Better,Not compared,20220000,,,1y
93088,"Overweight (including obesity) prevalence in adults, (using adjusted self-reported height and weight)",,,E92000001,England,England,Persons,18+ yrs,Socioeconomic class,Other/unclassified,2022/23,58.43681,56.80737,60.10702,55.79667,61.11778,,3364.0,People aged 75 and over are excluded from NS-SeC (National Statistics Socio-economic Classification) economic activity questions in the Active Lives Adult Survey,,Better,Not compared,20220000,,,1y
93088,"Overweight (including obesity) prevalence in adults, (using adjusted self-reported height and weight)",,,E92000001,England,England,Persons,18-24 yrs,,,2022/23,36.67176,35.42297,37.96972,34.63936,38.59307,,5615.0,,,Not compared,Not compared,20220000,,,1y
93088,"Overweight (including obesity) prevalence in adults, (using adjusted self-reported height and weight)",E92000001,England,E92000001,England,England,Male,18+ yrs,,,2022/23,69.2196,68.8668,69.57533,68.63717,69.75512,,66193.0,,,Similar,Not compared,20220000,,,1y
93088,"Overweight (including obesity) prevalence in adults, (using adjusted self-reported height and weight)",E92000001,England,E92000001,England,England,Female,18+ yrs,,,2022/23,58.56626,58.21212,58.91394,58.03045,59.11129,,76515.0,,,Similar,Not compared,20220000,,,1y
93088,"Overweight (including obesity) prevalence in adults, (using adjusted self-reported height and weight)",E92000001,England,E92000001,England,England,Persons,85+ yrs,,,2022/23,64.90323,63.1631,66.58979,62.17456,67.57825,,3035.0,,,Similar,Not compared,20220000,,,1y
93088,"Overweight (including obesity) prevalence in adults, (using adjusted self-reported height and weight)",E92000001,England,E92000001,England,England,Persons,25-34 yrs,,,2022/23,56.8261,56.06389,57.58891,55.59373,58.00485,,16590.0,,,Similar,Not compared,20220000,,,1y
93088,"Overweight (including obesity) prevalence in adults, (using adjusted self-reported height and weight)",E92000001,England,E92000001,England,England,Persons,35-44 yrs,,,2022/23,63.73091,63.08633,64.37939,62.69394,64.79498,,21656.0,,,Similar,Not compared,20220000,,,1y
93088,"Overweight (including obesity) prevalence in adults, (using adjusted self-reported height and weight)",E92000001,England,E92000001,England,England,Persons,45-54 yrs,,,2022/23,70.55013,69.95673,71.15141,69.61677,71.43916,,22937.0,,,Similar,Not compared,20220000,,,1y
93088,"Overweight (including obesity) prevalence in adults, (using adjusted self-reported height and weight)",E92000001,England,E92000001,England,England,Persons,55-64 yrs,,,2022/23,72.84802,72.33028,73.35637,72.02623,73.64313,,28945.0,,,Similar,Not compared,20220000,,,1y
93088,"Overweight (including obesity) prevalence in adults, (using adjusted self-reported height and weight)",E92000001,England,E92000001,England,England,Persons,65-74 yrs,,,2022/23,71.06149,70.52628,71.58306,70.24446,71.92476,,28388.0,,,Similar,Not compared,20220000,,,1y
93088,"Overweight (including obesity) prevalence in adults, (using adjusted self-reported height and weight)",E92000001,England,E92000001,England,England,Persons,75-84 yrs,,,2022/23,70.71356,69.99099,71.43225,69.58561,71.81186,,15542.0,,,Similar,Not compared,20220000,,,1y
93088,"Overweight (including obesity) prevalence in adults, (using adjusted self-reported height and weight)",E92000001,England,E92000001,England,England,Persons,18+ yrs,,,2022/23,63.9507,63.69858,64.19754,63.55705,64.34117,,142708.0,,,Similar,Not compared,20220000,,,1y
93088,"Overweight (including obesity) prevalence in adults, (using adjusted self-reported height and weight)",E92000001,England,E92000001,England,England,Persons,18+ yrs,Working status,Inactive,2022/23,65.95742,65.5433,66.35883,65.29845,66.59212,,51868.0,,,Worse,Not compared,20220000,,,1y
93088,"Overweight (including obesity) prevalence in adults, (using adjusted self-reported height and weight)",E92000001,England,E92000001,England,England,Persons,18+ yrs,Working status,Unemployed,2022/23,64.57608,62.94136,66.22659,62.02026,67.08631,,3257.0,,,Similar,Not compared,20220000,,,1y
93088,"Overweight (including obesity) prevalence in adults, (using adjusted self-reported height and weight)",E92000001,England,E92000001,England,England,Persons,18+ yrs,Working status,Working,2022/23,64.52512,64.19207,64.85826,64.01325,65.02324,,79407.0,,,Worse,Not compared,20220000,,,1y
93088,"Overweight (including obesity) prevalence in adults, (using adjusted self-reported height and weight)",E92000001,England,E92000001,England,England,Persons,18+ yrs,Disability,Disabled,2022/23,72.21623,71.69405,72.74333,71.40788,72.99771,,28305.0,,,Worse,Not compared,20220000,,,1y
93088,"Overweight (including obesity) prevalence in adults, (using adjusted self-reported height and weight)",E92000001,England,E92000001,England,England,Persons,18+ yrs,Disability,Not disabled,2022/23,61.77839,61.48819,62.06388,61.31246,62.23229,,109260.0,,,Better,Not compared,20220000,,,1y
93088,"Overweight (including obesity) prevalence in adults, (using adjusted self-reported height and weight)",E92000001,England,E92000001,England,England,Persons,18+ yrs,Ethnic groups,White British,2022/23,65.2604,64.98014,65.53233,64.83367,65.68382,,118804.0,,,Worse,Not compared,20220000,,,1y
93088,"Overweight (including obesity) prevalence in adults, (using adjusted self-reported height and weight)",E92000001,England,E92000001,England,England,Persons,18+ yrs,Ethnic groups,White Other,2022/23,58.31997,57.26804,59.38063,56.60783,59.90882,,8331.0,,,Better,Not compared,20220000,,,1y
93088,"Overweight (including obesity) prevalence in adults, (using adjusted self-reported height and weight)",E92000001,England,E92000001,England,England,Persons,18+ yrs,Ethnic groups,Asian,2022/23,59.04709,57.88141,60.1907,57.22582,60.90584,,6712.0,,,Better,Not compared,20220000,,,1y
93088,"Overweight (including obesity) prevalence in adults, (using adjusted self-reported height and weight)",E92000001,England,E92000001,England,England,Persons,18+ yrs,Ethnic groups,Black,2022/23,74.83447,73.02093,76.6606,72.06551,77.70701,,2198.0,,,Worse,Not compared,20220000,,,1y
93088,"Overweight (including obesity) prevalence in adults, (using adjusted self-reported height and weight)",E92000001,England,E92000001,England,England,Persons,18+ yrs,Ethnic groups,Chinese,2022/23,30.6129,28.09917,33.22314,26.77686,34.79347,,1210.0,,,Better,Not compared,20220000,,,1y
93088,"Overweight (including obesity) prevalence in adults, (using adjusted self-reported height and weight)",E92000001,England,E92000001,England,England,Persons,18+ yrs,Ethnic groups,Mixed,2022/23,61.22788,59.07001,63.41339,57.94584,64.58866,,1957.0,,,Better,Not compared,20220000,,,1y
93088,"Overweight (including obesity) prevalence in adults, (using adjusted self-reported height and weight)",E92000001,England,E92000001,England,England,Persons,18+ yrs,Ethnic groups,Other,2022/23,60.14636,57.24508,62.96959,55.72451,64.7585,,1118.0,,,Better,Not compared,20220000,,,1y
93088,"Overweight (including obesity) prevalence in adults, (using adjusted self-reported height and weight)",E92000001,England,E92000001,England,England,Persons,18+ yrs,LSOA11 deprivation deciles within area (IMD  trend),Most deprived decile,2022/23,71.54076,70.60287,72.45787,70.08256,72.96687,,8841.0,,,Worse,Not compared,20220000,,,1y
93088,"Overweight (including obesity) prevalence in adults, (using adjusted self-reported height and weight)",E92000001,England,E92000001,England,England,Persons,18+ yrs,LSOA11 deprivation deciles within area (IMD  trend),Second most deprived decile,2022/23,67.73091,66.80178,68.67653,66.19375,69.15283,,9868.0,,,Worse,Not compared,20220000,,,1y
93088,"Overweight (including obesity) prevalence in adults, (using adjusted self-reported height and weight)",E92000001,England,E92000001,England,England,Persons,18+ yrs,LSOA11 deprivation deciles within area (IMD  trend),Third more deprived decile,2022/23,67.61279,66.75341,68.44939,66.28678,68.93396,,11144.0,,,Worse,Not compared,20220000,,,1y
93088,"Overweight (including obesity) prevalence in adults, (using adjusted self-reported height and weight)",E92000001,England,E92000001,England,England,Persons,18+ yrs,LSOA11 deprivation deciles within area (IMD  trend),Fourth more deprived decile,2022/23,65.02321,64.20182,65.85535,63.76912,66.36533,,12942.0,,,Worse,Not compared,20220000,,,1y
93088,"Overweight (including obesity) prevalence in adults, (using adjusted self-reported height and weight)",E92000001,England,E92000001,England,England,Persons,18+ yrs,LSOA11 deprivation deciles within area (IMD  trend),Fifth more deprived decile,2022/23,63.79701,63.00597,64.60647,62.52327,64.97208,,14497.0,,,Similar,Not compared,20220000,,,1y
93088,"Overweight (including obesity) prevalence in adults, (using adjusted self-reported height and weight)",E92000001,England,E92000001,England,England,Persons,18+ yrs,LSOA11 deprivation deciles within area (IMD  trend),Fifth less deprived decile,2022/23,63.96835,63.22524,64.70567,62.76108,65.13206,,15943.0,,,Similar,Not compared,20220000,,,1y
93088,"Overweight (including obesity) prevalence in adults, (using adjusted self-reported height and weight)",E92000001,England,E92000001,England,England,Persons,18+ yrs,LSOA11 deprivation deciles within area (IMD  trend),Fourth less deprived decile,2022/23,62.62458,61.89502,63.35781,61.50373,63.79729,,16612.0,,,Better,Not compared,20220000,,,1y
93088,"Overweight (including obesity) prevalence in adults, (using adjusted self-reported height and weight)",E92000001,England,E92000001,England,England,Persons,18+ yrs,LSOA11 deprivation deciles within area (IMD  trend),Third less deprived decile,2022/23,61.96139,61.22794,62.69587,60.84347,63.06868,,17167.0,,,Better,Not compared,20220000,,,1y
93088,"Overweight (including obesity) prevalence in adults, (using adjusted self-reported height and weight)",E92000001,England,E92000001,England,England,Persons,18+ yrs,LSOA11 deprivation deciles within area (IMD  trend),Second least deprived decile,2022/23,61.33033,60.62294,62.04388,60.2023,62.41901,,17594.0,,,Better,Not compared,20220000,,,1y
93088,"Overweight (including obesity) prevalence in adults, (using adjusted self-reported height and weight)",E92000001,England,E92000001,England,England,Persons,18+ yrs,LSOA11 deprivation deciles within area (IMD  trend),Least deprived decile,2022/23,59.55784,58.83425,60.27624,58.43646,60.61327,,18100.0,,,Better,Not compared,20220000,,,1y
93088,"Overweight (including obesity) prevalence in adults, (using adjusted self-reported height and weight)",E92000001,England,E92000001,England,England,Persons,18+ yrs,Level of education,No qualification,2022/23,70.21206,69.3246,71.09879,68.74997,71.63306,,9920.0,,,Worse,Not compared,20220000,,,1y
93088,"Overweight (including obesity) prevalence in adults, (using adjusted self-reported height and weight)",E92000001,England,E92000001,England,England,Persons,18+ yrs,Level of education,Another type of qualification,2022/23,63.67608,62.50792,64.88284,61.82711,65.56366,,6316.0,,,Similar,Not compared,20220000,,,1y
93088,"Overweight (including obesity) prevalence in adults, (using adjusted self-reported height and weight)",E92000001,England,E92000001,England,England,Persons,18+ yrs,Level of education,Level 1 and below,2022/23,68.07166,66.19777,69.96276,65.03926,70.87302,,2417.0,,,Worse,Not compared,20220000,,,1y
93088,"Overweight (including obesity) prevalence in adults, (using adjusted self-reported height and weight)",E92000001,England,E92000001,England,England,Persons,18+ yrs,Level of education,Level 2 and equivalent,2022/23,68.78724,68.19078,69.39528,67.87544,69.72803,,22833.0,,,Worse,Not compared,20220000,,,1y
93088,"Overweight (including obesity) prevalence in adults, (using adjusted self-reported height and weight)",E92000001,England,E92000001,England,England,Persons,18+ yrs,Level of education,Level 3 and equivalent,2022/23,67.52382,66.8892,68.15021,66.52293,68.47474,,21570.0,,,Worse,Not compared,20220000,,,1y
93088,"Overweight (including obesity) prevalence in adults, (using adjusted self-reported height and weight)",E92000001,England,E92000001,England,England,Persons,18+ yrs,Level of education,Level 4 and above,2022/23,60.51791,60.17695,60.85989,59.97128,61.03711,,77312.0,,,Better,Not compared,20220000,,,1y
93088,"Overweight (including obesity) prevalence in adults, (using adjusted self-reported height and weight)",E92000001,England,E92000001,England,England,Persons,18+ yrs,Socioeconomic class,"Managerial, administrative and professional occupations",2022/23,55.18396,54.82131,55.53883,54.59165,55.71954,,73590.0,People aged 75 and over are excluded from NS-SeC (National Statistics Socio-economic Classification) economic activity questions in the Active Lives Adult Survey,,Better,Not compared,20220000,,,1y
93088,"Overweight (including obesity) prevalence in adults, (using adjusted self-reported height and weight)",E92000001,England,E92000001,England,England,Persons,18+ yrs,Socioeconomic class,Intermediate occupations,2022/23,55.88197,54.99763,56.7294,54.49154,57.2434,,12646.0,People aged 75 and over are excluded from NS-SeC (National Statistics Socio-economic Classification) economic activity questions in the Active Lives Adult Survey,,Better,Not compared,20220000,,,1y
93088,"Overweight (including obesity) prevalence in adults, (using adjusted self-reported height and weight)",E92000001,England,E92000001,England,England,Persons,18+ yrs,Socioeconomic class,Self-employed and small employers,2022/23,58.81778,57.78796,59.85745,57.20197,60.45524,,8699.0,People aged 75 and over are excluded from NS-SeC (National Statistics Socio-economic Classification) economic activity questions in the Active Lives Adult Survey,,Better,Not compared,20220000,,,1y
93088,"Overweight (including obesity) prevalence in adults, (using adjusted self-reported height and weight)",E92000001,England,E92000001,England,England,Persons,18+ yrs,Socioeconomic class,Lower supervisory and technical occupations,2022/23,63.47852,62.48467,64.46972,61.92705,65.06081,,8967.0,People aged 75 and over are excluded from NS-SeC (National Statistics Socio-economic Classification) economic activity questions in the Active Lives Adult Survey,,Similar,Not compared,20220000,,,1y
93088,"Overweight (including obesity) prevalence in adults, (using adjusted self-reported height and weight)",E92000001,England,E92000001,England,England,Persons,18+ yrs,Socioeconomic class,Semi-routine and routine occupations,2022/23,60.81645,59.94443,61.6706,59.4392,62.15057,,11876.0,People aged 75 and over are excluded from NS-SeC (National Statistics Socio-economic Classification) economic activity questions in the Active Lives Adult Survey,,Better,Not compared,20220000,,,1y
93088,"Overweight (including obesity) prevalence in adults, (using adjusted self-reported height and weight)",E92000001,England,E92000001,England,England,Persons,18+ yrs,Socioeconomic class,Long term unemployed or never worked,2022/23,57.65402,55.69242,59.67466,54.32363,60.87329,,2336.0,People aged 75 and over are excluded from NS-SeC (National Statistics Socio-economic Classification) economic activity questions in the Active Lives Adult Survey,,Better,Not compared,20220000,,,1y
93088,"Overweight (including obesity) prevalence in adults, (using adjusted self-reported height and weight)",E92000001,England,E92000001,England,England,Persons,18+ yrs,Socioeconomic class,Students,2022/23,59.10817,57.29363,60.98756,56.1251,62.04301,,2653.0,People aged 75 and over are excluded from NS-SeC (National Statistics Socio-economic Classification) economic activity questions in the Active Lives Adult Survey,,Better,Not compared,20220000,,,1y
93088,"Overweight (including obesity) prevalence in adults, (using adjusted self-reported height and weight)",E92000001,England,E92000001,England,England,Persons,18+ yrs,Socioeconomic class,Other/unclassified,2022/23,58.43681,56.80737,60.10702,55.79667,61.11778,,3364.0,People aged 75 and over are excluded from NS-SeC (National Statistics Socio-economic Classification) economic activity questions in the Active Lives Adult Survey,,Better,Not compared,20220000,,,1y
93088,"Overweight (including obesity) prevalence in adults, (using adjusted self-reported height and weight)",E92000001,England,E92000001,England,England,Persons,18-24 yrs,,,2022/23,36.67176,35.42297,37.96972,34.63936,38.59307,,5615.0,,,Similar,Not compared,20220000,,,1y
93088,"Overweight (including obesity) prevalence in adults, (using adjusted self-reported height and weight)",E92000001,England,E06000001,Hartlepool,Counties & UAs (from Apr 2023),Persons,18+ yrs,,,2022/23,71.02913,66.41604,75.4386,63.90977,77.44361,,399.0,,,Worse,Not compared,20220000,,,1y
93088,"Overweight (including obesity) prevalence in adults, (using adjusted self-reported height and weight)",E92000001,England,E06000002,Middlesbrough,Counties & UAs (from Apr 2023),Persons,18+ yrs,,,2022/23,67.55232,62.76596,72.34043,60.10638,75.0,,376.0,,,Similar,Not compared,20220000,,,1y
93088,"Overweight (including obesity) prevalence in adults, (using adjusted self-reported height and weight)",E92000001,England,E06000003,Redcar and Cleveland,Counties & UAs (from Apr 2023),Persons,18+ yrs,,,2022/23,69.42018,64.97462,74.11168,62.18274,76.64975,,394.0,,,Worse,Not compared,20220000,,,1y
93088,"Overweight (including obesity) prevalence in adults, (using adjusted self-reported height and weight)",E92000001,England,E06000004,Stockton-on-Tees,Counties & UAs (from Apr 2023),Persons,18+ yrs,,,2022/23,71.65713,67.25,76.0,64.75,78.75025,,400.0,,,Worse,Not compared,20220000,,,1y
93088,"Overweight (including obesity) prevalence in adults, (using adjusted self-reported height and weight)",E92000001,England,E06000005,Darlington,Counties & UAs (from Apr 2023),Persons,18+ yrs,,,2022/23,71.82536,67.45843,76.0095,65.08314,78.62233,,421.0,,,Worse,Not compared,20220000,,,1y
93088,"Overweight (including obesity) prevalence in adults, (using adjusted self-reported height and weight)",E92000001,England,E06000006,Halton,Counties & UAs (from Apr 2023),Persons,18+ yrs,,,2022/23,72.65666,68.47059,76.70588,65.88212,79.05882,,425.0,,,Worse,Not compared,20220000,,,1y
93088,"Overweight (including obesity) prevalence in adults, (using adjusted self-reported height and weight)",E92000001,England,E06000007,Warrington,Counties & UAs (from Apr 2023),Persons,18+ yrs,,,2022/23,61.26432,56.62651,66.0241,53.97566,68.19301,,415.0,,,Similar,Not compared,20220000,,,1y
93088,"Overweight (including obesity) prevalence in adults, (using adjusted self-reported height and weight)",E92000001,England,E06000008,Blackburn with Darwen,Counties & UAs (from Apr 2023),Persons,18+ yrs,,,2022/23,60.90301,55.82656,65.85366,53.38753,68.56369,,369.0,,,Similar,Not compared,20220000,,,1y
93088,"Overweight (including obesity) prevalence in adults, (using adjusted self-reported height and weight)",E92000001,England,E06000009,Blackpool,Counties & UAs (from Apr 2023),Persons,18+ yrs,,,2022/23,72.12734,67.51269,76.39594,65.48198,79.18782,,394.0,,,Worse,Not compared,20220000,,,1y
93088,"Overweight (including obesity) prevalence in adults, (using adjusted self-reported height and weight)",E92000001,England,E06000010,Kingston upon Hull,Counties & UAs (from Apr 2023),Persons,18+ yrs,,,2022/23,70.46961,66.06684,75.06427,63.49589,77.63496,,389.0,,,Worse,Not compared,20220000,,,1y
93088,"Overweight (including obesity) prevalence in adults, (using adjusted self-reported height and weight)",E92000001,England,E06000011,East Riding of Yorkshire,Counties & UAs (from Apr 2023),Persons,18+ yrs,,,2022/23,71.22864,67.03297,75.38462,64.3956,77.8022,,455.0,,,Worse,Not compared,20220000,,,1y
93088,"Overweight (including obesity) prevalence in adults, (using adjusted self-reported height and weight)",E92000001,England,E06000012,North East Lincolnshire,Counties & UAs (from Apr 2023),Persons,18+ yrs,,,2022/23,66.78993,61.96474,71.28463,59.44584,74.05542,,397.0,,,Similar,Not compared,20220000,,,1y
93088,"Overweight (including obesity) prevalence in adults, (using adjusted self-reported height and weight)",E92000001,England,E06000013,North Lincolnshire,Counties & UAs (from Apr 2023),Persons,18+ yrs,,,2022/23,71.10047,66.74419,75.34884,64.18605,77.67465,,430.0,,,Worse,Not compared,20220000,,,1y
93088,"Overweight (including obesity) prevalence in adults, (using adjusted self-reported height and weight)",E92000001,England,E06000014,York,Counties & UAs (from Apr 2023),Persons,18+ yrs,,,2022/23,63.3347,58.76777,68.00948,55.92417,70.14242,,422.0,,,Similar,Not compared,20220000,,,1y
93088,"Overweight (including obesity) prevalence in adults, (using adjusted self-reported height and weight)",E92000001,England,E06000015,Derby,Counties & UAs (from Apr 2023),Persons,18+ yrs,,,2022/23,68.38587,63.88889,72.9798,61.11111,75.25278,,396.0,,,Similar,Not compared,20220000,,,1y
93088,"Overweight (including obesity) prevalence in adults, (using adjusted self-reported height and weight)",E92000001,England,E06000016,Leicester,Counties & UAs (from Apr 2023),Persons,18+ yrs,,,2022/23,62.81006,57.74648,67.60563,54.64789,70.70423,,355.0,,,Similar,Not compared,20220000,,,1y
93088,"Overweight (including obesity) prevalence in adults, (using adjusted self-reported height and weight)",E92000001,England,E06000017,Rutland,Counties & UAs (from Apr 2023),Persons,18+ yrs,,,2022/23,62.38572,57.76256,67.12329,55.25114,69.6347,,438.0,,,Similar,Not compared,20220000,,,1y
93088,"Overweight (including obesity) prevalence in adults, (using adjusted self-reported height and weight)",E92000001,England,E06000018,Nottingham,Counties & UAs (from Apr 2023),Persons,18+ yrs,,,2022/23,63.94006,61.56352,66.38436,59.93485,67.81765,,1535.0,,,Similar,Not compared,20220000,,,1y
93088,"Overweight (including obesity) prevalence in adults, (using adjusted self-reported height and weight)",E92000001,England,E06000019,Herefordshire,Counties & UAs (from Apr 2023),Persons,18+ yrs,,,2022/23,66.9161,62.38318,71.26168,59.81308,73.59836,,428.0,,,Similar,Not compared,20220000,,,1y
93088,"Overweight (including obesity) prevalence in adults, (using adjusted self-reported height and weight)",E92000001,England,E06000020,Telford and Wrekin,Counties & UAs (from Apr 2023),Persons,18+ yrs,,,2022/23,66.37658,61.83575,70.77295,59.42029,73.6715,,414.0,,,Similar,Not compared,20220000,,,1y
93088,"Overweight (including obesity) prevalence in adults, (using adjusted self-reported height and weight)",E92000001,England,E06000021,Stoke-on-Trent,Counties & UAs (from Apr 2023),Persons,18+ yrs,,,2022/23,73.81353,69.49602,77.98408,66.8435,80.63687,,377.0,,,Worse,Not compared,20220000,,,1y
93088,"Overweight (including obesity) prevalence in adults, (using adjusted self-reported height and weight)",E92000001,England,E06000022,Bath and North East Somerset,Counties & UAs (from Apr 2023),Persons,18+ yrs,,,2022/23,53.23261,48.50575,57.93103,45.74713,60.68989,,435.0,,,Better,Not compared,20220000,,,1y
93088,"Overweight (including obesity) prevalence in adults, (using adjusted self-reported height and weight)",E92000001,England,E06000023,Bristol,Counties & UAs (from Apr 2023),Persons,18+ yrs,,,2022/23,58.0907,55.72519,60.42278,54.55079,61.77346,,1703.0,,,Better,Not compared,20220000,,,1y
93088,"Overweight (including obesity) prevalence in adults, (using adjusted self-reported height and weight)",E92000001,England,E06000024,North Somerset,Counties & UAs (from Apr 2023),Persons,18+ yrs,,,2022/23,66.32357,61.77156,70.62937,59.20746,72.96061,,429.0,,,Similar,Not compared,20220000,,,1y
93088,"Overweight (including obesity) prevalence in adults, (using adjusted self-reported height and weight)",E92000001,England,E06000025,South Gloucestershire,Counties & UAs (from Apr 2023),Persons,18+ yrs,,,2022/23,59.21578,54.54545,63.8756,51.91364,66.50718,,418.0,,,Better,Not compared,20220000,,,1y
93088,"Overweight (including obesity) prevalence in adults, (using adjusted self-reported height and weight)",E92000001,England,E06000026,Plymouth,Counties & UAs (from Apr 2023),Persons,18+ yrs,,,2022/23,69.2284,64.66165,73.68421,61.90476,76.69173,,399.0,,,Worse,Not compared,20220000,,,1y
93088,"Overweight (including obesity) prevalence in adults, (using adjusted self-reported height and weight)",E92000001,England,E06000027,Torbay,Counties & UAs (from Apr 2023),Persons,18+ yrs,,,2022/23,64.3981,59.54198,68.95674,56.48855,71.50127,,393.0,,,Similar,Not compared,20220000,,,1y
93088,"Overweight (including obesity) prevalence in adults, (using adjusted self-reported height and weight)",E92000001,England,E06000030,Swindon,Counties & UAs (from Apr 2023),Persons,18+ yrs,,,2022/23,67.78063,63.19797,72.33503,60.40609,75.38096,,394.0,,,Similar,Not compared,20220000,,,1y
93088,"Overweight (including obesity) prevalence in adults, (using adjusted self-reported height and weight)",E92000001,England,E06000031,Peterborough,Counties & UAs (from Apr 2023),Persons,18+ yrs,,,2022/23,63.9913,59.23077,68.71795,56.41026,71.28205,,390.0,,,Similar,Not compared,20220000,,,1y
93088,"Overweight (including obesity) prevalence in adults, (using adjusted self-reported height and weight)",E92000001,England,E06000032,Luton,Counties & UAs (from Apr 2023),Persons,18+ yrs,,,2022/23,63.43064,58.37989,68.43575,55.86592,70.95,,358.0,,,Similar,Not compared,20220000,,,1y
93088,"Overweight (including obesity) prevalence in adults, (using adjusted self-reported height and weight)",E92000001,England,E06000033,Southend-on-Sea,Counties & UAs (from Apr 2023),Persons,18+ yrs,,,2022/23,68.20488,63.70192,72.59615,61.29784,75.24038,,416.0,,,Similar,Not compared,20220000,,,1y
93088,"Overweight (including obesity) prevalence in adults, (using adjusted self-reported height and weight)",E92000001,England,E06000034,Thurrock,Counties & UAs (from Apr 2023),Persons,18+ yrs,,,2022/23,64.63849,59.84252,69.29134,56.69291,72.44094,,381.0,,,Similar,Not compared,20220000,,,1y
93088,"Overweight (including obesity) prevalence in adults, (using adjusted self-reported height and weight)",E92000001,England,E06000035,Medway,Counties & UAs (from Apr 2023),Persons,18+ yrs,,,2022/23,68.11986,63.42711,72.63427,60.86957,75.44757,,391.0,,,Similar,Not compared,20220000,,,1y
93088,"Overweight (including obesity) prevalence in adults, (using adjusted self-reported height and weight)",E92000001,England,E06000036,Bracknell Forest,Counties & UAs (from Apr 2023),Persons,18+ yrs,,,2022/23,62.01477,57.10723,66.83292,54.11471,69.32693,,401.0,,,Similar,Not compared,20220000,,,1y
93088,"Overweight (including obesity) prevalence in adults, (using adjusted self-reported height and weight)",E92000001,England,E06000037,West Berkshire,Counties & UAs (from Apr 2023),Persons,18+ yrs,,,2022/23,65.27142,60.54591,69.97519,57.81638,72.20868,,403.0,,,Similar,Not compared,20220000,,,1y
93088,"Overweight (including obesity) prevalence in adults, (using adjusted self-reported height and weight)",E92000001,England,E06000038,Reading,Counties & UAs (from Apr 2023),Persons,18+ yrs,,,2022/23,61.23704,56.73168,65.72104,53.90071,68.55792,,423.0,,,Similar,Not compared,20220000,,,1y
93088,"Overweight (including obesity) prevalence in adults, (using adjusted self-reported height and weight)",E92000001,England,E06000039,Slough,Counties & UAs (from Apr 2023),Persons,18+ yrs,,,2022/23,58.16429,53.0086,63.32378,49.85673,66.18911,,349.0,,,Better,Not compared,20220000,,,1y
93088,"Overweight (including obesity) prevalence in adults, (using adjusted self-reported height and weight)",E92000001,England,E06000040,Windsor and Maidenhead,Counties & UAs (from Apr 2023),Persons,18+ yrs,,,2022/23,64.31495,59.80861,68.89952,57.17703,71.5311,,418.0,,,Similar,Not compared,20220000,,,1y
93088,"Overweight (including obesity) prevalence in adults, (using adjusted self-reported height and weight)",E92000001,England,E06000041,Wokingham,Counties & UAs (from Apr 2023),Persons,18+ yrs,,,2022/23,65.56648,61.00478,70.09569,58.13397,72.72727,,418.0,,,Similar,Not compared,20220000,,,1y
93088,"Overweight (including obesity) prevalence in adults, (using adjusted self-reported height and weight)",E92000001,England,E06000042,Milton Keynes,Counties & UAs (from Apr 2023),Persons,18+ yrs,,,2022/23,63.19365,58.44156,68.05195,55.32468,70.90909,,385.0,,,Similar,Not compared,20220000,,,1y
93088,"Overweight (including obesity) prevalence in adults, (using adjusted self-reported height and weight)",E92000001,England,E06000043,Brighton and Hove,Counties & UAs (from Apr 2023),Persons,18+ yrs,,,2022/23,57.30087,52.43619,61.94896,50.11601,64.50139,,431.0,,,Better,Not compared,20220000,,,1y
93088,"Overweight (including obesity) prevalence in adults, (using adjusted self-reported height and weight)",E92000001,England,E06000044,Portsmouth,Counties & UAs (from Apr 2023),Persons,18+ yrs,,,2022/23,69.75225,65.12821,74.10897,62.30769,76.92308,,390.0,,,Worse,Not compared,20220000,,,1y
93088,"Overweight (including obesity) prevalence in adults, (using adjusted self-reported height and weight)",E92000001,England,E06000045,Southampton,Counties & UAs (from Apr 2023),Persons,18+ yrs,,,2022/23,68.42878,63.93443,72.83372,61.35831,75.17564,,427.0,,,Similar,Not compared,20220000,,,1y
93088,"Overweight (including obesity) prevalence in adults, (using adjusted self-reported height and weight)",E92000001,England,E06000046,Isle of Wight,Counties & UAs (from Apr 2023),Persons,18+ yrs,,,2022/23,60.39443,55.68445,64.9652,53.13225,67.5174,,431.0,,,Similar,Not compared,20220000,,,1y
93088,"Overweight (including obesity) prevalence in adults, (using adjusted self-reported height and weight)",E92000001,England,E06000047,County Durham,Counties & UAs (from Apr 2023),Persons,18+ yrs,,,2022/23,77.67067,73.58491,81.60377,71.22642,83.25519,,424.0,,,Worse,Not compared,20220000,,,1y
93088,"Overweight (including obesity) prevalence in adults, (using adjusted self-reported height and weight)",E92000001,England,E06000049,Cheshire East,Counties & UAs (from Apr 2023),Persons,18+ yrs,,,2022/23,60.97418,56.33484,65.61086,54.0724,67.8733,,442.0,,,Similar,Not compared,20220000,,,1y
93088,"Overweight (including obesity) prevalence in adults, (using adjusted self-reported height and weight)",E92000001,England,E06000050,Cheshire West and Chester,Counties & UAs (from Apr 2023),Persons,18+ yrs,,,2022/23,68.29327,64.0625,72.54464,61.16071,74.77679,,448.0,,,Worse,Not compared,20220000,,,1y
93088,"Overweight (including obesity) prevalence in adults, (using adjusted self-reported height and weight)",E92000001,England,E06000051,Shropshire,Counties & UAs (from Apr 2023),Persons,18+ yrs,,,2022/23,66.08249,61.72566,70.35398,59.29181,73.00885,,452.0,,,Similar,Not compared,20220000,,,1y
93088,"Overweight (including obesity) prevalence in adults, (using adjusted self-reported height and weight)",E92000001,England,E06000052,Cornwall,Counties & UAs (from Apr 2023),Persons,18+ yrs,,,2022/23,62.70384,58.08656,67.19818,55.35308,69.93166,,439.0,,,Similar,Not compared,20220000,,,1y
93088,"Overweight (including obesity) prevalence in adults, (using adjusted self-reported height and weight)",E92000001,England,E06000053,Isles of Scilly,Counties & UAs (from Apr 2023),Persons,18+ yrs,,,2022/23,66.66832,59.30233,73.83721,55.23256,77.32558,,172.0,,,Similar,Not compared,20220000,,,1y
93088,"Overweight (including obesity) prevalence in adults, (using adjusted self-reported height and weight)",E92000001,England,E06000054,Wiltshire,Counties & UAs (from Apr 2023),Persons,18+ yrs,,,2022/23,57.92606,53.24074,62.73148,50.69444,65.27778,,432.0,,,Better,Not compared,20220000,,,1y
93088,"Overweight (including obesity) prevalence in adults, (using adjusted self-reported height and weight)",E92000001,England,E06000055,Bedford,Counties & UAs (from Apr 2023),Persons,18+ yrs,,,2022/23,62.06067,57.31707,66.82927,54.87805,69.51244,,410.0,,,Similar,Not compared,20220000,,,1y
93088,"Overweight (including obesity) prevalence in adults, (using adjusted self-reported height and weight)",E92000001,England,E06000056,Central Bedfordshire,Counties & UAs (from Apr 2023),Persons,18+ yrs,,,2022/23,67.46139,62.88416,71.86761,60.04728,74.23168,,423.0,,,Similar,Not compared,20220000,,,1y
93088,"Overweight (including obesity) prevalence in adults, (using adjusted self-reported height and weight)",E92000001,England,E06000057,Northumberland,Counties & UAs (from Apr 2023),Persons,18+ yrs,,,2022/23,69.78099,65.40284,74.17062,62.55924,76.54052,,422.0,,,Worse,Not compared,20220000,,,1y
93088,"Overweight (including obesity) prevalence in adults, (using adjusted self-reported height and weight)",E92000001,England,E06000058,"Bournemouth, Christchurch and Poole",Counties & UAs (from Apr 2023),Persons,18+ yrs,,,2022/23,67.14033,62.6506,71.80723,60.0,74.21711,,415.0,,,Similar,Not compared,20220000,,,1y
93088,"Overweight (including obesity) prevalence in adults, (using adjusted self-reported height and weight)",E92000001,England,E06000059,Dorset,Counties & UAs (from Apr 2023),Persons,18+ yrs,,,2022/23,65.42834,60.89888,69.88764,58.65169,72.58427,,445.0,,,Similar,Not compared,20220000,,,1y
93088,"Overweight (including obesity) prevalence in adults, (using adjusted self-reported height and weight)",E92000001,England,E06000060,Buckinghamshire UA,Counties & UAs (from Apr 2023),Persons,18+ yrs,,,2022/23,62.18909,57.64706,66.58824,54.82329,69.17647,,425.0,,,Similar,Not compared,20220000,,,1y
93088,"Overweight (including obesity) prevalence in adults, (using adjusted self-reported height and weight)",E92000001,England,E06000061,North Northamptonshire,Counties & UAs (from Apr 2023),Persons,18+ yrs,,,2022/23,66.97097,62.37864,71.60194,59.95121,74.02913,,412.0,,,Similar,Not compared,20220000,,,1y
93088,"Overweight (including obesity) prevalence in adults, (using adjusted self-reported height and weight)",E92000001,England,E06000062,West Northamptonshire,Counties & UAs (from Apr 2023),Persons,18+ yrs,,,2022/23,60.26677,55.58195,64.84561,52.96888,67.69596,,421.0,,,Similar,Not compared,20220000,,,1y
93088,"Overweight (including obesity) prevalence in adults, (using adjusted self-reported height and weight)",E92000001,England,E06000063,Cumberland,Counties & UAs (from Apr 2023),Persons,18+ yrs,,,2022/23,67.52626,64.95589,70.00802,63.27185,71.53168,,1247.0,,,Worse,Not compared,20220000,,,1y
93088,"Overweight (including obesity) prevalence in adults, (using adjusted self-reported height and weight)",E92000001,England,E06000064,Westmorland and Furness,Counties & UAs (from Apr 2023),Persons,18+ yrs,,,2022/23,62.15619,59.51638,64.74259,57.95624,66.2248,,1282.0,,,Similar,Not compared,20220000,,,1y
93088,"Overweight (including obesity) prevalence in adults, (using adjusted self-reported height and weight)",E92000001,England,E06000065,North Yorkshire UA,Counties & UAs (from Apr 2023),Persons,18+ yrs,,,2022/23,64.61429,62.90752,66.30073,61.87621,67.39857,,3006.0,,,Similar,Not compared,20220000,,,1y
93088,"Overweight (including obesity) prevalence in adults, (using adjusted self-reported height and weight)",E92000001,England,E06000066,Somerset UA,Counties & UAs (from Apr 2023),Persons,18+ yrs,,,2022/23,65.56035,63.20142,67.74956,61.96096,68.98996,,1693.0,,,Similar,Not compared,20220000,,,1y
93088,"Overweight (including obesity) prevalence in adults, (using adjusted self-reported height and weight)",E92000001,England,E08000001,Bolton,Counties & UAs (from Apr 2023),Persons,18+ yrs,,,2022/23,65.18075,61.89857,68.53056,59.81795,70.22107,,769.0,,,Similar,Not compared,20220000,,,1y
93088,"Overweight (including obesity) prevalence in adults, (using adjusted self-reported height and weight)",E92000001,England,E08000002,Bury,Counties & UAs (from Apr 2023),Persons,18+ yrs,,,2022/23,67.19394,63.89937,70.44025,62.13824,72.20126,,795.0,,,Similar,Not compared,20220000,,,1y
93088,"Overweight (including obesity) prevalence in adults, (using adjusted self-reported height and weight)",E92000001,England,E08000003,Manchester,Counties & UAs (from Apr 2023),Persons,18+ yrs,,,2022/23,63.30092,60.87077,65.62663,59.57025,67.2526,,1536.0,,,Similar,Not compared,20220000,,,1y
93088,"Overweight (including obesity) prevalence in adults, (using adjusted self-reported height and weight)",E92000001,England,E08000004,Oldham,Counties & UAs (from Apr 2023),Persons,18+ yrs,,,2022/23,68.68527,65.38953,71.90294,63.85683,73.81865,,783.0,,,Worse,Not compared,20220000,,,1y
93088,"Overweight (including obesity) prevalence in adults, (using adjusted self-reported height and weight)",E92000001,England,E08000005,Rochdale,Counties & UAs (from Apr 2023),Persons,18+ yrs,,,2022/23,73.33012,70.08197,76.50273,68.30601,78.55191,,732.0,,,Worse,Not compared,20220000,,,1y
93088,"Overweight (including obesity) prevalence in adults, (using adjusted self-reported height and weight)",E92000001,England,E08000006,Salford,Counties & UAs (from Apr 2023),Persons,18+ yrs,,,2022/23,67.30117,63.96509,70.57357,62.09476,72.19451,,802.0,,,Worse,Not compared,20220000,,,1y
93088,"Overweight (including obesity) prevalence in adults, (using adjusted self-reported height and weight)",E92000001,England,E08000007,Stockport,Counties & UAs (from Apr 2023),Persons,18+ yrs,,,2022/23,62.48174,59.0184,65.88957,57.17791,68.09816,,815.0,,,Similar,Not compared,20220000,,,1y
93088,"Overweight (including obesity) prevalence in adults, (using adjusted self-reported height and weight)",E92000001,England,E08000008,Tameside,Counties & UAs (from Apr 2023),Persons,18+ yrs,,,2022/23,70.26611,67.01031,73.45361,65.07719,74.87126,,776.0,,,Worse,Not compared,20220000,,,1y
93088,"Overweight (including obesity) prevalence in adults, (using adjusted self-reported height and weight)",E92000001,England,E08000009,Trafford,Counties & UAs (from Apr 2023),Persons,18+ yrs,,,2022/23,60.38914,57.2067,63.57542,55.19553,65.2514,,895.0,,,Better,Not compared,20220000,,,1y
93088,"Overweight (including obesity) prevalence in adults, (using adjusted self-reported height and weight)",E92000001,England,E08000010,Wigan,Counties & UAs (from Apr 2023),Persons,18+ yrs,,,2022/23,70.75365,67.65053,73.78985,65.87957,75.32479,,847.0,,,Worse,Not compared,20220000,,,1y
93088,"Overweight (including obesity) prevalence in adults, (using adjusted self-reported height and weight)",E92000001,England,E08000011,Knowsley,Counties & UAs (from Apr 2023),Persons,18+ yrs,,,2022/23,73.85263,69.61722,77.99043,67.22488,80.14354,,418.0,,,Worse,Not compared,20220000,,,1y
93088,"Overweight (including obesity) prevalence in adults, (using adjusted self-reported height and weight)",E92000001,England,E08000012,Liverpool,Counties & UAs (from Apr 2023),Persons,18+ yrs,,,2022/23,67.21999,64.89945,69.46984,63.61974,70.74954,,1641.0,,,Worse,Not compared,20220000,,,1y
93088,"Overweight (including obesity) prevalence in adults, (using adjusted self-reported height and weight)",E92000001,England,E08000013,St. Helens,Counties & UAs (from Apr 2023),Persons,18+ yrs,,,2022/23,71.30074,66.75127,75.63452,64.21294,78.17284,,394.0,,,Worse,Not compared,20220000,,,1y
93088,"Overweight (including obesity) prevalence in adults, (using adjusted self-reported height and weight)",E92000001,England,E08000014,Sefton,Counties & UAs (from Apr 2023),Persons,18+ yrs,,,2022/23,69.16272,64.60396,73.51485,62.37599,75.74257,,404.0,,,Worse,Not compared,20220000,,,1y
93088,"Overweight (including obesity) prevalence in adults, (using adjusted self-reported height and weight)",E92000001,England,E08000015,Wirral,Counties & UAs (from Apr 2023),Persons,18+ yrs,,,2022/23,76.29651,72.09877,80.49383,69.87654,82.96296,,405.0,,,Worse,Not compared,20220000,,,1y
93088,"Overweight (including obesity) prevalence in adults, (using adjusted self-reported height and weight)",E92000001,England,E08000016,Barnsley,Counties & UAs (from Apr 2023),Persons,18+ yrs,,,2022/23,67.80994,63.13253,72.28916,60.72289,74.45783,,415.0,,,Similar,Not compared,20220000,,,1y
93088,"Overweight (including obesity) prevalence in adults, (using adjusted self-reported height and weight)",E92000001,England,E08000017,Doncaster,Counties & UAs (from Apr 2023),Persons,18+ yrs,,,2022/23,72.00376,67.58794,76.38191,64.82412,78.89447,,398.0,,,Worse,Not compared,20220000,,,1y
93088,"Overweight (including obesity) prevalence in adults, (using adjusted self-reported height and weight)",E92000001,England,E08000018,Rotherham,Counties & UAs (from Apr 2023),Persons,18+ yrs,,,2022/23,73.67302,69.26952,77.83375,67.00252,80.35264,,397.0,,,Worse,Not compared,20220000,,,1y
93088,"Overweight (including obesity) prevalence in adults, (using adjusted self-reported height and weight)",E92000001,England,E08000019,Sheffield,Counties & UAs (from Apr 2023),Persons,18+ yrs,,,2022/23,61.99757,59.61538,64.39206,58.49876,65.94299,,1612.0,,,Similar,Not compared,20220000,,,1y
93088,"Overweight (including obesity) prevalence in adults, (using adjusted self-reported height and weight)",E92000001,England,E08000021,Newcastle upon Tyne,Counties & UAs (from Apr 2023),Persons,18+ yrs,,,2022/23,67.04808,64.83051,69.30993,63.37772,70.27845,,1652.0,,,Worse,Not compared,20220000,,,1y
93088,"Overweight (including obesity) prevalence in adults, (using adjusted self-reported height and weight)",E92000001,England,E08000022,North Tyneside,Counties & UAs (from Apr 2023),Persons,18+ yrs,,,2022/23,63.17593,58.57143,67.85714,55.71429,70.47643,,420.0,,,Similar,Not compared,20220000,,,1y
93088,"Overweight (including obesity) prevalence in adults, (using adjusted self-reported height and weight)",E92000001,England,E08000023,South Tyneside,Counties & UAs (from Apr 2023),Persons,18+ yrs,,,2022/23,71.67658,67.14976,75.85145,64.9756,78.50266,,414.0,,,Worse,Not compared,20220000,,,1y
93088,"Overweight (including obesity) prevalence in adults, (using adjusted self-reported height and weight)",E92000001,England,E08000024,Sunderland,Counties & UAs (from Apr 2023),Persons,18+ yrs,,,2022/23,65.12461,60.53269,69.73366,57.62712,72.63923,,413.0,,,Similar,Not compared,20220000,,,1y
93088,"Overweight (including obesity) prevalence in adults, (using adjusted self-reported height and weight)",E92000001,England,E08000025,Birmingham,Counties & UAs (from Apr 2023),Persons,18+ yrs,,,2022/23,65.0601,63.06056,66.99029,61.90476,68.00749,,2163.0,,,Similar,Not compared,20220000,,,1y
93088,"Overweight (including obesity) prevalence in adults, (using adjusted self-reported height and weight)",E92000001,England,E08000026,Coventry,Counties & UAs (from Apr 2023),Persons,18+ yrs,,,2022/23,68.5233,65.27958,71.78153,63.19896,73.60221,,769.0,,,Worse,Not compared,20220000,,,1y
93088,"Overweight (including obesity) prevalence in adults, (using adjusted self-reported height and weight)",E92000001,England,E08000027,Dudley,Counties & UAs (from Apr 2023),Persons,18+ yrs,,,2022/23,69.08134,65.73034,72.47191,63.6236,74.29789,,712.0,,,Worse,Not compared,20220000,,,1y
93088,"Overweight (including obesity) prevalence in adults, (using adjusted self-reported height and weight)",E92000001,England,E08000028,Sandwell,Counties & UAs (from Apr 2023),Persons,18+ yrs,,,2022/23,69.82404,66.16162,73.40067,63.9729,75.42088,,594.0,,,Worse,Not compared,20220000,,,1y
93088,"Overweight (including obesity) prevalence in adults, (using adjusted self-reported height and weight)",E92000001,England,E08000029,Solihull,Counties & UAs (from Apr 2023),Persons,18+ yrs,,,2022/23,59.89511,55.57987,64.3326,53.17265,66.73961,,457.0,,,Similar,Not compared,20220000,,,1y
93088,"Overweight (including obesity) prevalence in adults, (using adjusted self-reported height and weight)",E92000001,England,E08000030,Walsall,Counties & UAs (from Apr 2023),Persons,18+ yrs,,,2022/23,70.56951,66.78445,74.20495,64.48763,76.14859,,566.0,,,Worse,Not compared,20220000,,,1y
93088,"Overweight (including obesity) prevalence in adults, (using adjusted self-reported height and weight)",E92000001,England,E08000031,Wolverhampton,Counties & UAs (from Apr 2023),Persons,18+ yrs,,,2022/23,70.60784,66.72529,74.3346,64.44867,76.61597,,526.0,,,Worse,Not compared,20220000,,,1y
93088,"Overweight (including obesity) prevalence in adults, (using adjusted self-reported height and weight)",E92000001,England,E08000032,Bradford,Counties & UAs (from Apr 2023),Persons,18+ yrs,,,2022/23,65.73672,61.12532,70.33248,58.82327,73.14578,,391.0,,,Similar,Not compared,20220000,,,1y
93088,"Overweight (including obesity) prevalence in adults, (using adjusted self-reported height and weight)",E92000001,England,E08000033,Calderdale,Counties & UAs (from Apr 2023),Persons,18+ yrs,,,2022/23,64.13708,60.96698,67.33491,59.19811,68.98597,,848.0,,,Similar,Not compared,20220000,,,1y
93088,"Overweight (including obesity) prevalence in adults, (using adjusted self-reported height and weight)",E92000001,England,E08000034,Kirklees,Counties & UAs (from Apr 2023),Persons,18+ yrs,,,2022/23,67.63306,63.07692,72.05128,60.25641,74.61538,,390.0,,,Similar,Not compared,20220000,,,1y
93088,"Overweight (including obesity) prevalence in adults, (using adjusted self-reported height and weight)",E92000001,England,E08000035,Leeds,Counties & UAs (from Apr 2023),Persons,18+ yrs,,,2022/23,63.58319,61.29227,65.88164,59.90332,67.39136,,1656.0,,,Similar,Not compared,20220000,,,1y
93088,"Overweight (including obesity) prevalence in adults, (using adjusted self-reported height and weight)",E92000001,England,E08000036,Wakefield,Counties & UAs (from Apr 2023),Persons,18+ yrs,,,2022/23,70.07858,65.53398,74.51456,63.1068,76.94175,,412.0,,,Worse,Not compared,20220000,,,1y
93088,"Overweight (including obesity) prevalence in adults, (using adjusted self-reported height and weight)",E92000001,England,E08000037,Gateshead,Counties & UAs (from Apr 2023),Persons,18+ yrs,,,2022/23,70.34725,65.84767,74.69287,63.39066,77.14988,,407.0,,,Worse,Not compared,20220000,,,1y
93088,"Overweight (including obesity) prevalence in adults, (using adjusted self-reported height and weight)",E92000001,England,E09000001,City of London,Counties & UAs (from Apr 2023),Persons,18+ yrs,,,2022/23,53.8511,47.16981,60.37736,42.92453,64.15142,,212.0,,,Better,Not compared,20220000,,,1y
93088,"Overweight (including obesity) prevalence in adults, (using adjusted self-reported height and weight)",E92000001,England,E09000002,Barking and Dagenham,Counties & UAs (from Apr 2023),Persons,18+ yrs,,,2022/23,67.59297,62.34568,72.53086,59.25926,75.0,,324.0,,,Similar,Not compared,20220000,,,1y
93088,"Overweight (including obesity) prevalence in adults, (using adjusted self-reported height and weight)",E92000001,England,E09000003,Barnet,Counties & UAs (from Apr 2023),Persons,18+ yrs,,,2022/23,57.14107,52.19638,62.0155,49.61214,65.37468,,387.0,,,Better,Not compared,20220000,,,1y
93088,"Overweight (including obesity) prevalence in adults, (using adjusted self-reported height and weight)",E92000001,England,E09000004,Bexley,Counties & UAs (from Apr 2023),Persons,18+ yrs,,,2022/23,66.19309,61.61616,70.9596,59.09091,73.23258,,396.0,,,Similar,Not compared,20220000,,,1y
93088,"Overweight (including obesity) prevalence in adults, (using adjusted self-reported height and weight)",E92000001,England,E09000005,Brent,Counties & UAs (from Apr 2023),Persons,18+ yrs,,,2022/23,61.33271,56.36856,66.39566,53.11653,68.83469,,369.0,,,Similar,Not compared,20220000,,,1y
93088,"Overweight (including obesity) prevalence in adults, (using adjusted self-reported height and weight)",E92000001,England,E09000006,Bromley,Counties & UAs (from Apr 2023),Persons,18+ yrs,,,2022/23,62.07535,57.38499,66.82809,54.47942,69.24939,,413.0,,,Similar,Not compared,20220000,,,1y
93088,"Overweight (including obesity) prevalence in adults, (using adjusted self-reported height and weight)",E92000001,England,E09000007,Camden,Counties & UAs (from Apr 2023),Persons,18+ yrs,,,2022/23,52.78263,47.81553,57.52427,44.90267,60.43689,,412.0,,,Better,Not compared,20220000,,,1y
93088,"Overweight (including obesity) prevalence in adults, (using adjusted self-reported height and weight)",E92000001,England,E09000008,Croydon,Counties & UAs (from Apr 2023),Persons,18+ yrs,,,2022/23,62.34639,57.50636,67.17557,54.70712,69.4659,,393.0,,,Similar,Not compared,20220000,,,1y
93088,"Overweight (including obesity) prevalence in adults, (using adjusted self-reported height and weight)",E92000001,England,E09000009,Ealing,Counties & UAs (from Apr 2023),Persons,18+ yrs,,,2022/23,55.45234,50.73276,60.34483,48.02956,63.30049,,406.0,,,Better,Not compared,20220000,,,1y
93088,"Overweight (including obesity) prevalence in adults, (using adjusted self-reported height and weight)",E92000001,England,E09000010,Enfield,Counties & UAs (from Apr 2023),Persons,18+ yrs,,,2022/23,57.75965,52.6738,62.56684,49.99973,65.50802,,374.0,,,Better,Not compared,20220000,,,1y
93088,"Overweight (including obesity) prevalence in adults, (using adjusted self-reported height and weight)",E92000001,England,E09000011,Greenwich,Counties & UAs (from Apr 2023),Persons,18+ yrs,,,2022/23,57.1878,53.63636,60.64935,51.68831,62.46753,,770.0,,,Better,Not compared,20220000,,,1y
93088,"Overweight (including obesity) prevalence in adults, (using adjusted self-reported height and weight)",E92000001,England,E09000012,Hackney,Counties & UAs (from Apr 2023),Persons,18+ yrs,,,2022/23,55.76376,50.7732,60.82474,48.19562,63.65979,,388.0,,,Better,Not compared,20220000,,,1y
93088,"Overweight (including obesity) prevalence in adults, (using adjusted self-reported height and weight)",E92000001,England,E09000013,Hammersmith and Fulham,Counties & UAs (from Apr 2023),Persons,18+ yrs,,,2022/23,52.9696,48.49885,57.50577,45.49607,60.50831,,433.0,,,Better,Not compared,20220000,,,1y
93088,"Overweight (including obesity) prevalence in adults, (using adjusted self-reported height and weight)",E92000001,England,E09000014,Haringey,Counties & UAs (from Apr 2023),Persons,18+ yrs,,,2022/23,48.53767,43.7799,53.34928,40.43062,55.98086,,418.0,,,Better,Not compared,20220000,,,1y
93088,"Overweight (including obesity) prevalence in adults, (using adjusted self-reported height and weight)",E92000001,England,E09000015,Harrow,Counties & UAs (from Apr 2023),Persons,18+ yrs,,,2022/23,52.77551,47.55435,57.88043,44.56522,60.86957,,368.0,,,Better,Not compared,20220000,,,1y
93088,"Overweight (including obesity) prevalence in adults, (using adjusted self-reported height and weight)",E92000001,England,E09000016,Havering,Counties & UAs (from Apr 2023),Persons,18+ yrs,,,2022/23,65.76676,61.18252,70.43702,58.3545,73.00771,,389.0,,,Similar,Not compared,20220000,,,1y
93088,"Overweight (including obesity) prevalence in adults, (using adjusted self-reported height and weight)",E92000001,England,E09000017,Hillingdon,Counties & UAs (from Apr 2023),Persons,18+ yrs,,,2022/23,59.24025,54.33071,64.30446,51.9685,67.45407,,381.0,,,Similar,Not compared,20220000,,,1y
93088,"Overweight (including obesity) prevalence in adults, (using adjusted self-reported height and weight)",E92000001,England,E09000018,Hounslow,Counties & UAs (from Apr 2023),Persons,18+ yrs,,,2022/23,64.04164,59.15119,68.70027,56.23342,71.08753,,377.0,,,Similar,Not compared,20220000,,,1y
93088,"Overweight (including obesity) prevalence in adults, (using adjusted self-reported height and weight)",E92000001,England,E09000019,Islington,Counties & UAs (from Apr 2023),Persons,18+ yrs,,,2022/23,50.1109,45.18519,54.81481,42.46914,58.02469,,405.0,,,Better,Not compared,20220000,,,1y
93088,"Overweight (including obesity) prevalence in adults, (using adjusted self-reported height and weight)",E92000001,England,E09000020,Kensington and Chelsea,Counties & UAs (from Apr 2023),Persons,18+ yrs,,,2022/23,45.80551,40.87404,50.64267,38.56041,53.21337,,389.0,,,Better,Not compared,20220000,,,1y
93088,"Overweight (including obesity) prevalence in adults, (using adjusted self-reported height and weight)",E92000001,England,E09000021,Kingston upon Thames,Counties & UAs (from Apr 2023),Persons,18+ yrs,,,2022/23,52.65892,47.83654,57.45192,45.19231,60.33678,,416.0,,,Better,Not compared,20220000,,,1y
93088,"Overweight (including obesity) prevalence in adults, (using adjusted self-reported height and weight)",E92000001,England,E09000022,Lambeth,Counties & UAs (from Apr 2023),Persons,18+ yrs,,,2022/23,53.23907,48.41076,57.94621,45.72127,60.88044,,409.0,,,Better,Not compared,20220000,,,1y
93088,"Overweight (including obesity) prevalence in adults, (using adjusted self-reported height and weight)",E92000001,England,E09000023,Lewisham,Counties & UAs (from Apr 2023),Persons,18+ yrs,,,2022/23,62.88393,58.08081,67.67677,55.05025,70.20202,,396.0,,,Similar,Not compared,20220000,,,1y
93088,"Overweight (including obesity) prevalence in adults, (using adjusted self-reported height and weight)",E92000001,England,E09000024,Merton,Counties & UAs (from Apr 2023),Persons,18+ yrs,,,2022/23,61.24021,56.44769,65.93674,54.0146,68.36983,,411.0,,,Similar,Not compared,20220000,,,1y
93088,"Overweight (including obesity) prevalence in adults, (using adjusted self-reported height and weight)",E92000001,England,E09000025,Newham,Counties & UAs (from Apr 2023),Persons,18+ yrs,,,2022/23,62.46834,57.26744,67.44186,54.36047,70.63953,,344.0,,,Similar,Not compared,20220000,,,1y
93088,"Overweight (including obesity) prevalence in adults, (using adjusted self-reported height and weight)",E92000001,England,E09000026,Redbridge,Counties & UAs (from Apr 2023),Persons,18+ yrs,,,2022/23,59.44055,54.23729,64.68927,51.41243,67.51412,,354.0,,,Similar,Not compared,20220000,,,1y
93088,"Overweight (including obesity) prevalence in adults, (using adjusted self-reported height and weight)",E92000001,England,E09000027,Richmond upon Thames,Counties & UAs (from Apr 2023),Persons,18+ yrs,,,2022/23,55.66366,50.98901,60.21978,48.79121,62.85714,,455.0,,,Better,Not compared,20220000,,,1y
93088,"Overweight (including obesity) prevalence in adults, (using adjusted self-reported height and weight)",E92000001,England,E09000028,Southwark,Counties & UAs (from Apr 2023),Persons,18+ yrs,,,2022/23,56.51783,51.70732,61.21951,49.02439,63.90268,,410.0,,,Better,Not compared,20220000,,,1y
93088,"Overweight (including obesity) prevalence in adults, (using adjusted self-reported height and weight)",E92000001,England,E09000029,Sutton,Counties & UAs (from Apr 2023),Persons,18+ yrs,,,2022/23,61.41855,56.64894,66.48936,53.7234,69.41516,,376.0,,,Similar,Not compared,20220000,,,1y
93088,"Overweight (including obesity) prevalence in adults, (using adjusted self-reported height and weight)",E92000001,England,E09000030,Tower Hamlets,Counties & UAs (from Apr 2023),Persons,18+ yrs,,,2022/23,45.89651,41.01266,50.88608,38.22785,53.41797,,395.0,,,Better,Not compared,20220000,,,1y
93088,"Overweight (including obesity) prevalence in adults, (using adjusted self-reported height and weight)",E92000001,England,E09000031,Waltham Forest,Counties & UAs (from Apr 2023),Persons,18+ yrs,,,2022/23,57.67669,52.8536,62.53102,50.37221,65.26055,,403.0,,,Better,Not compared,20220000,,,1y
93088,"Overweight (including obesity) prevalence in adults, (using adjusted self-reported height and weight)",E92000001,England,E09000032,Wandsworth,Counties & UAs (from Apr 2023),Persons,18+ yrs,,,2022/23,49.51631,44.65116,54.18605,42.09302,56.74442,,430.0,,,Better,Not compared,20220000,,,1y
93088,"Overweight (including obesity) prevalence in adults, (using adjusted self-reported height and weight)",E92000001,England,E09000033,Westminster,Counties & UAs (from Apr 2023),Persons,18+ yrs,,,2022/23,47.85022,42.89474,52.89474,40.26316,55.52632,,380.0,,,Better,Not compared,20220000,,,1y
93088,"Overweight (including obesity) prevalence in adults, (using adjusted self-reported height and weight)",E92000001,England,E10000003,Cambridgeshire,Counties & UAs (from Apr 2023),Persons,18+ yrs,,,2022/23,61.08643,59.00187,63.10634,57.69585,64.27243,,2144.0,,,Better,Not compared,20220000,,,1y
93088,"Overweight (including obesity) prevalence in adults, (using adjusted self-reported height and weight)",E92000001,England,E10000007,Derbyshire,Counties & UAs (from Apr 2023),Persons,18+ yrs,,,2022/23,68.05303,66.44438,69.62716,65.44404,70.65781,,3299.0,,,Worse,Not compared,20220000,,,1y
93088,"Overweight (including obesity) prevalence in adults, (using adjusted self-reported height and weight)",E92000001,England,E10000008,Devon,Counties & UAs (from Apr 2023),Persons,18+ yrs,,,2022/23,61.73792,60.10529,63.41035,59.1401,64.4341,,3419.0,,,Better,Not compared,20220000,,,1y
93088,"Overweight (including obesity) prevalence in adults, (using adjusted self-reported height and weight)",E92000001,England,E10000011,East Sussex,Counties & UAs (from Apr 2023),Persons,18+ yrs,,,2022/23,62.90477,60.89866,64.96176,59.75143,66.15684,,2092.0,,,Similar,Not compared,20220000,,,1y
93088,"Overweight (including obesity) prevalence in adults, (using adjusted self-reported height and weight)",E92000001,England,E10000012,Essex,Counties & UAs (from Apr 2023),Persons,18+ yrs,,,2022/23,67.9648,66.61946,69.22921,65.93162,69.91707,,4943.0,,,Worse,Not compared,20220000,,,1y
93088,"Overweight (including obesity) prevalence in adults, (using adjusted self-reported height and weight)",E92000001,England,E10000013,Gloucestershire,Counties & UAs (from Apr 2023),Persons,18+ yrs,,,2022/23,64.45346,62.65997,66.32852,61.68552,67.26492,,2563.0,,,Similar,Not compared,20220000,,,1y
93088,"Overweight (including obesity) prevalence in adults, (using adjusted self-reported height and weight)",E92000001,England,E10000014,Hampshire,Counties & UAs (from Apr 2023),Persons,18+ yrs,,,2022/23,64.81189,63.43716,66.20838,62.6423,67.06769,,4655.0,,,Similar,Not compared,20220000,,,1y
93088,"Overweight (including obesity) prevalence in adults, (using adjusted self-reported height and weight)",E92000001,England,E10000015,Hertfordshire,Counties & UAs (from Apr 2023),Persons,18+ yrs,,,2022/23,60.90346,59.375,62.35465,58.57558,63.17832,,4128.0,,,Better,Not compared,20220000,,,1y
93088,"Overweight (including obesity) prevalence in adults, (using adjusted self-reported height and weight)",E92000001,England,E10000016,Kent,Counties & UAs (from Apr 2023),Persons,18+ yrs,,,2022/23,67.03104,65.75481,68.32827,65.00507,69.0983,,4935.0,,,Worse,Not compared,20220000,,,1y
93088,"Overweight (including obesity) prevalence in adults, (using adjusted self-reported height and weight)",E92000001,England,E10000017,Lancashire,Counties & UAs (from Apr 2023),Persons,18+ yrs,,,2022/23,65.72676,64.42161,67.03518,63.61809,67.81912,,4975.0,,,Worse,Not compared,20220000,,,1y
93088,"Overweight (including obesity) prevalence in adults, (using adjusted self-reported height and weight)",E92000001,England,E10000018,Leicestershire,Counties & UAs (from Apr 2023),Persons,18+ yrs,,,2022/23,65.85476,64.115,67.5788,63.07586,68.5487,,2887.0,,,Worse,Not compared,20220000,,,1y
93088,"Overweight (including obesity) prevalence in adults, (using adjusted self-reported height and weight)",E92000001,England,E10000019,Lincolnshire,Counties & UAs (from Apr 2023),Persons,18+ yrs,,,2022/23,67.27766,65.55556,68.92448,64.6875,70.03472,,2880.0,,,Worse,Not compared,20220000,,,1y
93088,"Overweight (including obesity) prevalence in adults, (using adjusted self-reported height and weight)",E92000001,England,E10000020,Norfolk,Counties & UAs (from Apr 2023),Persons,18+ yrs,,,2022/23,65.41484,63.73664,67.14926,62.77135,68.11444,,2901.0,,,Similar,Not compared,20220000,,,1y
93088,"Overweight (including obesity) prevalence in adults, (using adjusted self-reported height and weight)",E92000001,England,E10000024,Nottinghamshire,Counties & UAs (from Apr 2023),Persons,18+ yrs,,,2022/23,67.10956,65.39996,68.88186,64.34599,69.83122,,2844.0,,,Worse,Not compared,20220000,,,1y
93088,"Overweight (including obesity) prevalence in adults, (using adjusted self-reported height and weight)",E92000001,England,E10000025,Oxfordshire,Counties & UAs (from Apr 2023),Persons,18+ yrs,,,2022/23,57.80342,55.70951,59.86622,54.56283,61.01295,,2093.0,,,Better,Not compared,20220000,,,1y
93088,"Overweight (including obesity) prevalence in adults, (using adjusted self-reported height and weight)",E92000001,England,E10000028,Staffordshire,Counties & UAs (from Apr 2023),Persons,18+ yrs,,,2022/23,68.49998,66.9263,70.04194,65.99757,70.82088,,3338.0,,,Worse,Not compared,20220000,,,1y
93088,"Overweight (including obesity) prevalence in adults, (using adjusted self-reported height and weight)",E92000001,England,E10000029,Suffolk,Counties & UAs (from Apr 2023),Persons,18+ yrs,,,2022/23,67.08581,65.06718,69.09789,63.86756,70.10561,,2084.0,,,Worse,Not compared,20220000,,,1y
93088,"Overweight (including obesity) prevalence in adults, (using adjusted self-reported height and weight)",E92000001,England,E10000030,Surrey,Counties & UAs (from Apr 2023),Persons,18+ yrs,,,2022/23,58.2012,56.74036,59.62289,55.87343,60.40316,,4614.0,,,Better,Not compared,20220000,,,1y
93088,"Overweight (including obesity) prevalence in adults, (using adjusted self-reported height and weight)",E92000001,England,E10000031,Warwickshire,Counties & UAs (from Apr 2023),Persons,18+ yrs,,,2022/23,65.34094,63.29177,67.31235,62.08228,68.523,,2065.0,,,Similar,Not compared,20220000,,,1y
93088,"Overweight (including obesity) prevalence in adults, (using adjusted self-reported height and weight)",E92000001,England,E10000032,West Sussex,Counties & UAs (from Apr 2023),Persons,18+ yrs,,,2022/23,61.65431,59.87088,63.43867,58.88546,64.52603,,2943.0,,,Better,Not compared,20220000,,,1y
93088,"Overweight (including obesity) prevalence in adults, (using adjusted self-reported height and weight)",E92000001,England,E10000034,Worcestershire,Counties & UAs (from Apr 2023),Persons,18+ yrs,,,2022/23,66.52211,64.67501,68.38918,63.54453,69.51966,,2477.0,,,Worse,Not compared,20220000,,,1y
93088,"Overweight (including obesity) prevalence in adults, (using adjusted self-reported height and weight)",,,E92000001,England,England,Male,18+ yrs,,,2023/24,69.65167,69.29934,70.01097,69.09058,70.22126,,65624.0,,,Not compared,Not compared,20230000,,,1y
93088,"Overweight (including obesity) prevalence in adults, (using adjusted self-reported height and weight)",,,E92000001,England,England,Female,18+ yrs,,,2023/24,59.20586,58.85118,59.55777,58.65634,59.78181,,75436.0,,,Not compared,Not compared,20230000,,,1y
93088,"Overweight (including obesity) prevalence in adults, (using adjusted self-reported height and weight)",,,E92000001,England,England,Persons,85+ yrs,,,2023/24,64.07783,62.34123,65.84277,61.37999,66.87271,,2913.0,,,Not compared,Not compared,20230000,,,1y
93088,"Overweight (including obesity) prevalence in adults, (using adjusted self-reported height and weight)",,,E92000001,England,England,Persons,25-34 yrs,,,2023/24,58.27958,57.55524,59.01879,57.14203,59.43763,,17425.0,,,Not compared,Not compared,20230000,,,1y
93088,"Overweight (including obesity) prevalence in adults, (using adjusted self-reported height and weight)",,,E92000001,England,England,Persons,35-44 yrs,,,2023/24,64.98615,64.37309,65.60094,64.07177,65.95162,,22236.0,,,Not compared,Not compared,20230000,,,1y
93088,"Overweight (including obesity) prevalence in adults, (using adjusted self-reported height and weight)",,,E92000001,England,England,Persons,45-54 yrs,,,2023/24,69.8766,69.27616,70.47881,68.92031,70.80312,,22201.0,,,Not compared,Not compared,20230000,,,1y
93088,"Overweight (including obesity) prevalence in adults, (using adjusted self-reported height and weight)",,,E92000001,England,England,Persons,55-64 yrs,,,2023/24,73.47764,72.94789,73.98953,72.65384,74.28349,,28227.0,,,Not compared,Not compared,20230000,,,1y
93088,"Overweight (including obesity) prevalence in adults, (using adjusted self-reported height and weight)",,,E92000001,England,England,Persons,65-74 yrs,,,2023/24,71.7134,71.17705,72.25177,70.89095,72.5489,,27263.0,,,Not compared,Not compared,20230000,,,1y
93088,"Overweight (including obesity) prevalence in adults, (using adjusted self-reported height and weight)",,,E92000001,England,England,Persons,75-84 yrs,,,2023/24,70.74418,70.0119,71.47296,69.64167,71.90269,,15126.0,,,Not compared,Not compared,20230000,,,1y
93088,"Overweight (including obesity) prevalence in adults, (using adjusted self-reported height and weight)",,,E92000001,England,England,Persons,18+ yrs,,,2023/24,64.46064,64.21027,64.70651,64.06352,64.85964,,141060.0,,,Not compared,Not compared,20230000,,,1y
93088,"Overweight (including obesity) prevalence in adults, (using adjusted self-reported height and weight)",,,E92000001,England,England,Persons,18+ yrs,Working status,Inactive,2023/24,67.4846,67.07057,67.88369,66.81746,68.12485,,50177.0,,,Worse,Not compared,20230000,,,1y
93088,"Overweight (including obesity) prevalence in adults, (using adjusted self-reported height and weight)",,,E92000001,England,England,Persons,18+ yrs,Working status,Unemployed,2023/24,65.78576,64.26435,67.3375,63.39404,68.235,,3677.0,,,Similar,Not compared,20230000,,,1y
93088,"Overweight (including obesity) prevalence in adults, (using adjusted self-reported height and weight)",,,E92000001,England,England,Persons,18+ yrs,Working status,Working,2023/24,65.2929,64.9609,65.6302,64.76808,65.81422,,79340.0,,,Worse,Not compared,20230000,,,1y
93088,"Overweight (including obesity) prevalence in adults, (using adjusted self-reported height and weight)",,,E92000001,England,England,Persons,18+ yrs,Disability,Disabled,2023/24,72.45897,71.93535,72.97448,71.67296,73.27177,,28584.0,,,Worse,Not compared,20230000,,,1y
93088,"Overweight (including obesity) prevalence in adults, (using adjusted self-reported height and weight)",,,E92000001,England,England,Persons,18+ yrs,Disability,Not disabled,2023/24,62.17352,61.87632,62.45772,61.7235,62.62171,,107327.0,,,Better,Not compared,20230000,,,1y
93088,"Overweight (including obesity) prevalence in adults, (using adjusted self-reported height and weight)",,,E92000001,England,England,Persons,18+ yrs,Ethnic groups,White British,2023/24,65.65282,65.38381,65.92712,65.22871,66.0822,,114120.0,,,Worse,Not compared,20230000,,,1y
93088,"Overweight (including obesity) prevalence in adults, (using adjusted self-reported height and weight)",,,E92000001,England,England,Persons,18+ yrs,Ethnic groups,White Other,2023/24,60.16187,59.15636,61.15465,58.48327,61.77283,,9059.0,,,Better,Not compared,20230000,,,1y
93088,"Overweight (including obesity) prevalence in adults, (using adjusted self-reported height and weight)",,,E92000001,England,England,Persons,18+ yrs,Ethnic groups,Asian,2023/24,60.48779,59.4232,61.54232,58.8213,62.13166,,7975.0,,,Better,Not compared,20230000,,,1y
93088,"Overweight (including obesity) prevalence in adults, (using adjusted self-reported height and weight)",,,E92000001,England,England,Persons,18+ yrs,Ethnic groups,Black,2023/24,73.35435,71.65593,75.02842,70.63282,75.97579,,2639.0,,,Worse,Not compared,20230000,,,1y
93088,"Overweight (including obesity) prevalence in adults, (using adjusted self-reported height and weight)",,,E92000001,England,England,Persons,18+ yrs,Ethnic groups,Chinese,2023/24,32.30265,29.81273,34.75655,28.38951,36.17985,,1335.0,,,Better,Not compared,20230000,,,1y
93088,"Overweight (including obesity) prevalence in adults, (using adjusted self-reported height and weight)",,,E92000001,England,England,Persons,18+ yrs,Ethnic groups,Mixed,2023/24,58.40413,56.36447,60.43956,55.21973,61.53851,,2184.0,,,Better,Not compared,20230000,,,1y
93088,"Overweight (including obesity) prevalence in adults, (using adjusted self-reported height and weight)",,,E92000001,England,England,Persons,18+ yrs,Ethnic groups,Other,2023/24,60.33636,57.68,63.04,55.99992,64.72016,,1250.0,,,Better,Not compared,20230000,,,1y
93088,"Overweight (including obesity) prevalence in adults, (using adjusted self-reported height and weight)",,,E92000001,England,England,Persons,18+ yrs,LSOA11 deprivation deciles within area (IMD  trend),Most deprived decile,2023/24,71.18735,70.29047,72.08485,69.77784,72.60786,,9364.0,,,Worse,Not compared,20230000,,,1y
93088,"Overweight (including obesity) prevalence in adults, (using adjusted self-reported height and weight)",,,E92000001,England,England,Persons,18+ yrs,LSOA11 deprivation deciles within area (IMD  trend),Second most deprived decile,2023/24,68.86288,68.00506,69.73232,67.4534,70.20258,,11058.0,,,Worse,Not compared,20230000,,,1y
93088,"Overweight (including obesity) prevalence in adults, (using adjusted self-reported height and weight)",,,E92000001,England,England,Persons,18+ yrs,LSOA11 deprivation deciles within area (IMD  trend),Third more deprived decile,2023/24,66.27988,65.44637,67.10019,64.96466,67.56584,,12456.0,,,Worse,Not compared,20230000,,,1y
93088,"Overweight (including obesity) prevalence in adults, (using adjusted self-reported height and weight)",,,E92000001,England,England,Persons,18+ yrs,LSOA11 deprivation deciles within area (IMD  trend),Fourth more deprived decile,2023/24,65.15429,64.36765,65.93708,63.94539,66.4227,,14209.0,,,Similar,Not compared,20230000,,,1y
93088,"Overweight (including obesity) prevalence in adults, (using adjusted self-reported height and weight)",,,E92000001,England,England,Persons,18+ yrs,LSOA11 deprivation deciles within area (IMD  trend),Fifth more deprived decile,2023/24,65.76672,64.9968,66.53384,64.5556,66.98926,,14053.0,,,Worse,Not compared,20230000,,,1y
93088,"Overweight (including obesity) prevalence in adults, (using adjusted self-reported height and weight)",,,E92000001,England,England,Persons,18+ yrs,LSOA11 deprivation deciles within area (IMD  trend),Fifth less deprived decile,2023/24,63.38445,62.63799,64.14901,62.18037,64.59358,,15291.0,,,Better,Not compared,20230000,,,1y
93088,"Overweight (including obesity) prevalence in adults, (using adjusted self-reported height and weight)",,,E92000001,England,England,Persons,18+ yrs,LSOA11 deprivation deciles within area (IMD  trend),Fourth less deprived decile,2023/24,63.58247,62.81923,64.33492,62.43737,64.74825,,15968.0,,,Better,Not compared,20230000,,,1y
93088,"Overweight (including obesity) prevalence in adults, (using adjusted self-reported height and weight)",,,E92000001,England,England,Persons,18+ yrs,LSOA11 deprivation deciles within area (IMD  trend),Third less deprived decile,2023/24,63.24893,62.51068,63.99727,62.0711,64.4494,,16146.0,,,Better,Not compared,20230000,,,1y
93088,"Overweight (including obesity) prevalence in adults, (using adjusted self-reported height and weight)",,,E92000001,England,England,Persons,18+ yrs,LSOA11 deprivation deciles within area (IMD  trend),Second least deprived decile,2023/24,62.15144,61.41117,62.89985,60.98669,63.37968,,16256.0,,,Better,Not compared,20230000,,,1y
93088,"Overweight (including obesity) prevalence in adults, (using adjusted self-reported height and weight)",,,E92000001,England,England,Persons,18+ yrs,LSOA11 deprivation deciles within area (IMD  trend),Least deprived decile,2023/24,59.43254,58.69754,60.1907,58.31503,60.611,,15941.0,,,Better,Not compared,20230000,,,1y
93088,"Overweight (including obesity) prevalence in adults, (using adjusted self-reported height and weight)",,,E92000001,England,England,Persons,18+ yrs,Level of education,No qualification,2023/24,69.37413,68.41473,70.30482,67.86844,70.8074,,9153.0,,,Worse,Not compared,20230000,,,1y
93088,"Overweight (including obesity) prevalence in adults, (using adjusted self-reported height and weight)",,,E92000001,England,England,Persons,18+ yrs,Level of education,Another type of qualification,2023/24,67.19298,66.01732,68.39827,65.40125,69.08094,,6006.0,,,Worse,Not compared,20230000,,,1y
93088,"Overweight (including obesity) prevalence in adults, (using adjusted self-reported height and weight)",,,E92000001,England,England,Persons,18+ yrs,Level of education,Level 1 and below,2023/24,68.87844,67.01814,70.72965,66.00586,71.86841,,2371.0,,,Worse,Not compared,20230000,,,1y
93088,"Overweight (including obesity) prevalence in adults, (using adjusted self-reported height and weight)",,,E92000001,England,England,Persons,18+ yrs,Level of education,Level 2 and equivalent,2023/24,68.91815,68.32724,69.52143,68.02424,69.91804,,22442.0,,,Worse,Not compared,20230000,,,1y
93088,"Overweight (including obesity) prevalence in adults, (using adjusted self-reported height and weight)",,,E92000001,England,England,Persons,18+ yrs,Level of education,Level 3 and equivalent,2023/24,68.28834,67.66311,68.91293,67.29469,69.27669,,21443.0,,,Worse,Not compared,20230000,,,1y
93088,"Overweight (including obesity) prevalence in adults, (using adjusted self-reported height and weight)",,,E92000001,England,England,Persons,18+ yrs,Level of education,Level 4 and above,2023/24,60.93301,60.58137,61.28005,60.38671,61.47213,,77575.0,,,Better,Not compared,20230000,,,1y
93088,"Overweight (including obesity) prevalence in adults, (using adjusted self-reported height and weight)",,,E92000001,England,England,Persons,18+ yrs,Socioeconomic class,"Managerial, administrative and professional occupations",2023/24,56.25019194,55.88108514,56.60656525,55.68081311,56.81360013,,73889.0,People aged 75 and over are excluded from NS-SeC (National Statistics Socio-economic Classification) economic activity questions in the Active Lives Adult Survey,,Better,Not compared,20230000,,,1y
93088,"Overweight (including obesity) prevalence in adults, (using adjusted self-reported height and weight)",,,E92000001,England,England,Persons,18+ yrs,Socioeconomic class,Intermediate occupations,2023/24,57.23935498,56.35436374,58.13132352,55.86900551,58.64934606,,12157.0,People aged 75 and over are excluded from NS-SeC (National Statistics Socio-economic Classification) economic activity questions in the Active Lives Adult Survey,,Better,Not compared,20230000,,,1y
93088,"Overweight (including obesity) prevalence in adults, (using adjusted self-reported height and weight)",,,E92000001,England,England,Persons,18+ yrs,Socioeconomic class,Self-employed and small employers,2023/24,56.92539073,55.86824365,57.98723968,55.31477068,58.5410136,,8307.0,People aged 75 and over are excluded from NS-SeC (National Statistics Socio-economic Classification) economic activity questions in the Active Lives Adult Survey,,Better,Not compared,20230000,,,1y
93088,"Overweight (including obesity) prevalence in adults, (using adjusted self-reported height and weight)",,,E92000001,England,England,Persons,18+ yrs,Socioeconomic class,Lower supervisory and technical occupations,2023/24,63.51839355,62.52743445,64.54891995,62.01915213,65.17270417,,8657.0,People aged 75 and over are excluded from NS-SeC (National Statistics Socio-economic Classification) economic activity questions in the Active Lives Adult Survey,,Similar,Not compared,20230000,,,1y
93088,"Overweight (including obesity) prevalence in adults, (using adjusted self-reported height and weight)",,,E92000001,England,England,Persons,18+ yrs,Socioeconomic class,Semi-routine and routine occupations,2023/24,60.5024855,59.62925684,61.36554269,59.14272773,61.95270089,,11922.0,People aged 75 and over are excluded from NS-SeC (National Statistics Socio-economic Classification) economic activity questions in the Active Lives Adult Survey,,Better,Not compared,20230000,,,1y
93088,"Overweight (including obesity) prevalence in adults, (using adjusted self-reported height and weight)",,,E92000001,England,England,Persons,18+ yrs,Socioeconomic class,Long term unemployed or never worked,2023/24,58.17331134,56.28347754,60.1565719,55.21211372,61.14544705,,2427.0,People aged 75 and over are excluded from NS-SeC (National Statistics Socio-economic Classification) economic activity questions in the Active Lives Adult Survey,,Better,Not compared,20230000,,,1y
93088,"Overweight (including obesity) prevalence in adults, (using adjusted self-reported height and weight)",,,E92000001,England,England,Persons,18+ yrs,Socioeconomic class,Students,2023/24,47.20711219,45.2734375,49.140625,44.17960938,50.3125,,2560.0,People aged 75 and over are excluded from NS-SeC (National Statistics Socio-economic Classification) economic activity questions in the Active Lives Adult Survey,,Better,Not compared,20230000,,,1y
93088,"Overweight (including obesity) prevalence in adults, (using adjusted self-reported height and weight)",,,E92000001,England,England,Persons,18+ yrs,Socioeconomic class,Other/unclassified,2023/24,57.98443716,56.28626692,59.70341715,55.19019987,60.67056738,,3102.0,People aged 75 and over are excluded from NS-SeC (National Statistics Socio-economic Classification) economic activity questions in the Active Lives Adult Survey,,Better,Not compared,20230000,,,1y
93088,"Overweight (including obesity) prevalence in adults, (using adjusted self-reported height and weight)",,,E92000001,England,England,Persons,18-24 yrs,,,2023/24,36.74693,35.50891,37.99612,34.69748,38.66643,,5669.0,,,Not compared,Not compared,20230000,,,1y
93088,"Overweight (including obesity) prevalence in adults, (using adjusted self-reported height and weight)",E92000001,England,E92000001,England,England,Male,18+ yrs,,,2023/24,69.65167,69.29934,70.01097,69.09058,70.22126,,65624.0,,,Similar,Not compared,20230000,,,1y
93088,"Overweight (including obesity) prevalence in adults, (using adjusted self-reported height and weight)",E92000001,England,E92000001,England,England,Female,18+ yrs,,,2023/24,59.20586,58.85118,59.55777,58.65634,59.78181,,75436.0,,,Similar,Not compared,20230000,,,1y
93088,"Overweight (including obesity) prevalence in adults, (using adjusted self-reported height and weight)",E92000001,England,E92000001,England,England,Persons,85+ yrs,,,2023/24,64.07783,62.34123,65.84277,61.37999,66.87271,,2913.0,,,Similar,Not compared,20230000,,,1y
93088,"Overweight (including obesity) prevalence in adults, (using adjusted self-reported height and weight)",E92000001,England,E92000001,England,England,Persons,25-34 yrs,,,2023/24,58.27958,57.55524,59.01879,57.14203,59.43763,,17425.0,,,Similar,Not compared,20230000,,,1y
93088,"Overweight (including obesity) prevalence in adults, (using adjusted self-reported height and weight)",E92000001,England,E92000001,England,England,Persons,35-44 yrs,,,2023/24,64.98615,64.37309,65.60094,64.07177,65.95162,,22236.0,,,Similar,Not compared,20230000,,,1y
93088,"Overweight (including obesity) prevalence in adults, (using adjusted self-reported height and weight)",E92000001,England,E92000001,England,England,Persons,45-54 yrs,,,2023/24,69.8766,69.27616,70.47881,68.92031,70.80312,,22201.0,,,Similar,Not compared,20230000,,,1y
93088,"Overweight (including obesity) prevalence in adults, (using adjusted self-reported height and weight)",E92000001,England,E92000001,England,England,Persons,55-64 yrs,,,2023/24,73.47764,72.94789,73.98953,72.65384,74.28349,,28227.0,,,Similar,Not compared,20230000,,,1y
93088,"Overweight (including obesity) prevalence in adults, (using adjusted self-reported height and weight)",E92000001,England,E92000001,England,England,Persons,65-74 yrs,,,2023/24,71.7134,71.17705,72.25177,70.89095,72.5489,,27263.0,,,Similar,Not compared,20230000,,,1y
93088,"Overweight (including obesity) prevalence in adults, (using adjusted self-reported height and weight)",E92000001,England,E92000001,England,England,Persons,75-84 yrs,,,2023/24,70.74418,70.0119,71.47296,69.64167,71.90269,,15126.0,,,Similar,Not compared,20230000,,,1y
93088,"Overweight (including obesity) prevalence in adults, (using adjusted self-reported height and weight)",E92000001,England,E92000001,England,England,Persons,18+ yrs,,,2023/24,64.46064,64.21027,64.70651,64.06352,64.85964,,141060.0,,,Similar,Not compared,20230000,,,1y
93088,"Overweight (including obesity) prevalence in adults, (using adjusted self-reported height and weight)",E92000001,England,E92000001,England,England,Persons,18+ yrs,Working status,Inactive,2023/24,67.4846,67.07057,67.88369,66.81746,68.12485,,50177.0,,,Worse,Not compared,20230000,,,1y
93088,"Overweight (including obesity) prevalence in adults, (using adjusted self-reported height and weight)",E92000001,England,E92000001,England,England,Persons,18+ yrs,Working status,Unemployed,2023/24,65.78576,64.26435,67.3375,63.39404,68.235,,3677.0,,,Similar,Not compared,20230000,,,1y
93088,"Overweight (including obesity) prevalence in adults, (using adjusted self-reported height and weight)",E92000001,England,E92000001,England,England,Persons,18+ yrs,Working status,Working,2023/24,65.2929,64.9609,65.6302,64.76808,65.81422,,79340.0,,,Worse,Not compared,20230000,,,1y
93088,"Overweight (including obesity) prevalence in adults, (using adjusted self-reported height and weight)",E92000001,England,E92000001,England,England,Persons,18+ yrs,Disability,Disabled,2023/24,72.45897,71.93535,72.97448,71.67296,73.27177,,28584.0,,,Worse,Not compared,20230000,,,1y
93088,"Overweight (including obesity) prevalence in adults, (using adjusted self-reported height and weight)",E92000001,England,E92000001,England,England,Persons,18+ yrs,Disability,Not disabled,2023/24,62.17352,61.87632,62.45772,61.7235,62.62171,,107327.0,,,Better,Not compared,20230000,,,1y
93088,"Overweight (including obesity) prevalence in adults, (using adjusted self-reported height and weight)",E92000001,England,E92000001,England,England,Persons,18+ yrs,Ethnic groups,White British,2023/24,65.65282,65.38381,65.92712,65.22871,66.0822,,114120.0,,,Worse,Not compared,20230000,,,1y
93088,"Overweight (including obesity) prevalence in adults, (using adjusted self-reported height and weight)",E92000001,England,E92000001,England,England,Persons,18+ yrs,Ethnic groups,White Other,2023/24,60.16187,59.15636,61.15465,58.48327,61.77283,,9059.0,,,Better,Not compared,20230000,,,1y
93088,"Overweight (including obesity) prevalence in adults, (using adjusted self-reported height and weight)",E92000001,England,E92000001,England,England,Persons,18+ yrs,Ethnic groups,Asian,2023/24,60.48779,59.4232,61.54232,58.8213,62.13166,,7975.0,,,Better,Not compared,20230000,,,1y
93088,"Overweight (including obesity) prevalence in adults, (using adjusted self-reported height and weight)",E92000001,England,E92000001,England,England,Persons,18+ yrs,Ethnic groups,Black,2023/24,73.35435,71.65593,75.02842,70.63282,75.97579,,2639.0,,,Worse,Not compared,20230000,,,1y
93088,"Overweight (including obesity) prevalence in adults, (using adjusted self-reported height and weight)",E92000001,England,E92000001,England,England,Persons,18+ yrs,Ethnic groups,Chinese,2023/24,32.30265,29.81273,34.75655,28.38951,36.17985,,1335.0,,,Better,Not compared,20230000,,,1y
93088,"Overweight (including obesity) prevalence in adults, (using adjusted self-reported height and weight)",E92000001,England,E92000001,England,England,Persons,18+ yrs,Ethnic groups,Mixed,2023/24,58.40413,56.36447,60.43956,55.21973,61.53851,,2184.0,,,Better,Not compared,20230000,,,1y
93088,"Overweight (including obesity) prevalence in adults, (using adjusted self-reported height and weight)",E92000001,England,E92000001,England,England,Persons,18+ yrs,Ethnic groups,Other,2023/24,60.33636,57.68,63.04,55.99992,64.72016,,1250.0,,,Better,Not compared,20230000,,,1y
93088,"Overweight (including obesity) prevalence in adults, (using adjusted self-reported height and weight)",E92000001,England,E92000001,England,England,Persons,18+ yrs,LSOA11 deprivation deciles within area (IMD  trend),Most deprived decile,2023/24,71.18735,70.29047,72.08485,69.77784,72.60786,,9364.0,,,Worse,Not compared,20230000,,,1y
93088,"Overweight (including obesity) prevalence in adults, (using adjusted self-reported height and weight)",E92000001,England,E92000001,England,England,Persons,18+ yrs,LSOA11 deprivation deciles within area (IMD  trend),Second most deprived decile,2023/24,68.86288,68.00506,69.73232,67.4534,70.20258,,11058.0,,,Worse,Not compared,20230000,,,1y
93088,"Overweight (including obesity) prevalence in adults, (using adjusted self-reported height and weight)",E92000001,England,E92000001,England,England,Persons,18+ yrs,LSOA11 deprivation deciles within area (IMD  trend),Third more deprived decile,2023/24,66.27988,65.44637,67.10019,64.96466,67.56584,,12456.0,,,Worse,Not compared,20230000,,,1y
93088,"Overweight (including obesity) prevalence in adults, (using adjusted self-reported height and weight)",E92000001,England,E92000001,England,England,Persons,18+ yrs,LSOA11 deprivation deciles within area (IMD  trend),Fourth more deprived decile,2023/24,65.15429,64.36765,65.93708,63.94539,66.4227,,14209.0,,,Similar,Not compared,20230000,,,1y
93088,"Overweight (including obesity) prevalence in adults, (using adjusted self-reported height and weight)",E92000001,England,E92000001,England,England,Persons,18+ yrs,LSOA11 deprivation deciles within area (IMD  trend),Fifth more deprived decile,2023/24,65.76672,64.9968,66.53384,64.5556,66.98926,,14053.0,,,Worse,Not compared,20230000,,,1y
93088,"Overweight (including obesity) prevalence in adults, (using adjusted self-reported height and weight)",E92000001,England,E92000001,England,England,Persons,18+ yrs,LSOA11 deprivation deciles within area (IMD  trend),Fifth less deprived decile,2023/24,63.38445,62.63799,64.14901,62.18037,64.59358,,15291.0,,,Better,Not compared,20230000,,,1y
93088,"Overweight (including obesity) prevalence in adults, (using adjusted self-reported height and weight)",E92000001,England,E92000001,England,England,Persons,18+ yrs,LSOA11 deprivation deciles within area (IMD  trend),Fourth less deprived decile,2023/24,63.58247,62.81923,64.33492,62.43737,64.74825,,15968.0,,,Better,Not compared,20230000,,,1y
93088,"Overweight (including obesity) prevalence in adults, (using adjusted self-reported height and weight)",E92000001,England,E92000001,England,England,Persons,18+ yrs,LSOA11 deprivation deciles within area (IMD  trend),Third less deprived decile,2023/24,63.24893,62.51068,63.99727,62.0711,64.4494,,16146.0,,,Better,Not compared,20230000,,,1y
93088,"Overweight (including obesity) prevalence in adults, (using adjusted self-reported height and weight)",E92000001,England,E92000001,England,England,Persons,18+ yrs,LSOA11 deprivation deciles within area (IMD  trend),Second least deprived decile,2023/24,62.15144,61.41117,62.89985,60.98669,63.37968,,16256.0,,,Better,Not compared,20230000,,,1y
93088,"Overweight (including obesity) prevalence in adults, (using adjusted self-reported height and weight)",E92000001,England,E92000001,England,England,Persons,18+ yrs,LSOA11 deprivation deciles within area (IMD  trend),Least deprived decile,2023/24,59.43254,58.69754,60.1907,58.31503,60.611,,15941.0,,,Better,Not compared,20230000,,,1y
93088,"Overweight (including obesity) prevalence in adults, (using adjusted self-reported height and weight)",E92000001,England,E92000001,England,England,Persons,18+ yrs,Level of education,No qualification,2023/24,69.37413,68.41473,70.30482,67.86844,70.8074,,9153.0,,,Worse,Not compared,20230000,,,1y
93088,"Overweight (including obesity) prevalence in adults, (using adjusted self-reported height and weight)",E92000001,England,E92000001,England,England,Persons,18+ yrs,Level of education,Another type of qualification,2023/24,67.19298,66.01732,68.39827,65.40125,69.08094,,6006.0,,,Worse,Not compared,20230000,,,1y
93088,"Overweight (including obesity) prevalence in adults, (using adjusted self-reported height and weight)",E92000001,England,E92000001,England,England,Persons,18+ yrs,Level of education,Level 1 and below,2023/24,68.87844,67.01814,70.72965,66.00586,71.86841,,2371.0,,,Worse,Not compared,20230000,,,1y
93088,"Overweight (including obesity) prevalence in adults, (using adjusted self-reported height and weight)",E92000001,England,E92000001,England,England,Persons,18+ yrs,Level of education,Level 2 and equivalent,2023/24,68.91815,68.32724,69.52143,68.02424,69.91804,,22442.0,,,Worse,Not compared,20230000,,,1y
93088,"Overweight (including obesity) prevalence in adults, (using adjusted self-reported height and weight)",E92000001,England,E92000001,England,England,Persons,18+ yrs,Level of education,Level 3 and equivalent,2023/24,68.28834,67.66311,68.91293,67.29469,69.27669,,21443.0,,,Worse,Not compared,20230000,,,1y
93088,"Overweight (including obesity) prevalence in adults, (using adjusted self-reported height and weight)",E92000001,England,E92000001,England,England,Persons,18+ yrs,Level of education,Level 4 and above,2023/24,60.93301,60.58137,61.28005,60.38671,61.47213,,77575.0,,,Better,Not compared,20230000,,,1y
93088,"Overweight (including obesity) prevalence in adults, (using adjusted self-reported height and weight)",E92000001,England,E92000001,England,England,Persons,18+ yrs,Socioeconomic class,"Managerial, administrative and professional occupations",2023/24,56.25019194,55.88108514,56.60656525,55.68081311,56.81360013,,73889.0,People aged 75 and over are excluded from NS-SeC (National Statistics Socio-economic Classification) economic activity questions in the Active Lives Adult Survey,,Better,Not compared,20230000,,,1y
93088,"Overweight (including obesity) prevalence in adults, (using adjusted self-reported height and weight)",E92000001,England,E92000001,England,England,Persons,18+ yrs,Socioeconomic class,Intermediate occupations,2023/24,57.23935498,56.35436374,58.13132352,55.86900551,58.64934606,,12157.0,People aged 75 and over are excluded from NS-SeC (National Statistics Socio-economic Classification) economic activity questions in the Active Lives Adult Survey,,Better,Not compared,20230000,,,1y
93088,"Overweight (including obesity) prevalence in adults, (using adjusted self-reported height and weight)",E92000001,England,E92000001,England,England,Persons,18+ yrs,Socioeconomic class,Self-employed and small employers,2023/24,56.92539073,55.86824365,57.98723968,55.31477068,58.5410136,,8307.0,People aged 75 and over are excluded from NS-SeC (National Statistics Socio-economic Classification) economic activity questions in the Active Lives Adult Survey,,Better,Not compared,20230000,,,1y
93088,"Overweight (including obesity) prevalence in adults, (using adjusted self-reported height and weight)",E92000001,England,E92000001,England,England,Persons,18+ yrs,Socioeconomic class,Lower supervisory and technical occupations,2023/24,63.51839355,62.52743445,64.54891995,62.01915213,65.17270417,,8657.0,People aged 75 and over are excluded from NS-SeC (National Statistics Socio-economic Classification) economic activity questions in the Active Lives Adult Survey,,Similar,Not compared,20230000,,,1y
93088,"Overweight (including obesity) prevalence in adults, (using adjusted self-reported height and weight)",E92000001,England,E92000001,England,England,Persons,18+ yrs,Socioeconomic class,Semi-routine and routine occupations,2023/24,60.5024855,59.62925684,61.36554269,59.14272773,61.95270089,,11922.0,People aged 75 and over are excluded from NS-SeC (National Statistics Socio-economic Classification) economic activity questions in the Active Lives Adult Survey,,Better,Not compared,20230000,,,1y
93088,"Overweight (including obesity) prevalence in adults, (using adjusted self-reported height and weight)",E92000001,England,E92000001,England,England,Persons,18+ yrs,Socioeconomic class,Long term unemployed or never worked,2023/24,58.17331134,56.28347754,60.1565719,55.21211372,61.14544705,,2427.0,People aged 75 and over are excluded from NS-SeC (National Statistics Socio-economic Classification) economic activity questions in the Active Lives Adult Survey,,Better,Not compared,20230000,,,1y
93088,"Overweight (including obesity) prevalence in adults, (using adjusted self-reported height and weight)",E92000001,England,E92000001,England,England,Persons,18+ yrs,Socioeconomic class,Students,2023/24,47.20711219,45.2734375,49.140625,44.17960938,50.3125,,2560.0,People aged 75 and over are excluded from NS-SeC (National Statistics Socio-economic Classification) economic activity questions in the Active Lives Adult Survey,,Better,Not compared,20230000,,,1y
93088,"Overweight (including obesity) prevalence in adults, (using adjusted self-reported height and weight)",E92000001,England,E92000001,England,England,Persons,18+ yrs,Socioeconomic class,Other/unclassified,2023/24,57.98443716,56.28626692,59.70341715,55.19019987,60.67056738,,3102.0,People aged 75 and over are excluded from NS-SeC (National Statistics Socio-economic Classification) economic activity questions in the Active Lives Adult Survey,,Better,Not compared,20230000,,,1y
93088,"Overweight (including obesity) prevalence in adults, (using adjusted self-reported height and weight)",E92000001,England,E92000001,England,England,Persons,18-24 yrs,,,2023/24,36.74693,35.50891,37.99612,34.69748,38.66643,,5669.0,,,Similar,Not compared,20230000,,,1y
93088,"Overweight (including obesity) prevalence in adults, (using adjusted self-reported height and weight)",E92000001,England,E06000001,Hartlepool,Counties & UAs (from Apr 2023),Persons,18+ yrs,,,2023/24,77.21696,74.06877,80.22923,72.49284,81.94842,,698.0,,,Worse,Not compared,20230000,,,1y
93088,"Overweight (including obesity) prevalence in adults, (using adjusted self-reported height and weight)",E92000001,England,E06000002,Middlesbrough,Counties & UAs (from Apr 2023),Persons,18+ yrs,,,2023/24,71.38061,68.03395,74.54031,65.91231,76.52051,,707.0,,,Worse,Not compared,20230000,,,1y
93088,"Overweight (including obesity) prevalence in adults, (using adjusted self-reported height and weight)",E92000001,England,E06000003,Redcar and Cleveland,Counties & UAs (from Apr 2023),Persons,18+ yrs,,,2023/24,68.24666,64.74719,71.62921,62.7809,73.59551,,712.0,,,Worse,Not compared,20230000,,,1y
93088,"Overweight (including obesity) prevalence in adults, (using adjusted self-reported height and weight)",E92000001,England,E06000004,Stockton-on-Tees,Counties & UAs (from Apr 2023),Persons,18+ yrs,,,2023/24,76.07477,71.16564,80.67485,68.71166,83.12883,,326.0,,,Worse,Not compared,20230000,,,1y
93088,"Overweight (including obesity) prevalence in adults, (using adjusted self-reported height and weight)",E92000001,England,E06000005,Darlington,Counties & UAs (from Apr 2023),Persons,18+ yrs,,,2023/24,71.85779,67.15976,76.62722,64.20089,79.28994,,338.0,,,Worse,Not compared,20230000,,,1y
93088,"Overweight (including obesity) prevalence in adults, (using adjusted self-reported height and weight)",E92000001,England,E06000006,Halton,Counties & UAs (from Apr 2023),Persons,18+ yrs,,,2023/24,73.62204,70.36517,76.82584,68.39888,78.51124,,712.0,,,Worse,Not compared,20230000,,,1y
93088,"Overweight (including obesity) prevalence in adults, (using adjusted self-reported height and weight)",E92000001,England,E06000007,Warrington,Counties & UAs (from Apr 2023),Persons,18+ yrs,,,2023/24,69.57385,64.57766,74.38692,62.12534,77.11199,,367.0,,,Worse,Not compared,20230000,,,1y
93088,"Overweight (including obesity) prevalence in adults, (using adjusted self-reported height and weight)",E92000001,England,E06000008,Blackburn with Darwen,Counties & UAs (from Apr 2023),Persons,18+ yrs,,,2023/24,69.77977,66.22614,73.2746,64.46402,75.1837,,681.0,,,Worse,Not compared,20230000,,,1y
93088,"Overweight (including obesity) prevalence in adults, (using adjusted self-reported height and weight)",E92000001,England,E06000009,Blackpool,Counties & UAs (from Apr 2023),Persons,18+ yrs,,,2023/24,72.57108,69.20943,75.72816,67.54494,77.53135,,721.0,,,Worse,Not compared,20230000,,,1y
93088,"Overweight (including obesity) prevalence in adults, (using adjusted self-reported height and weight)",E92000001,England,E06000010,Kingston upon Hull,Counties & UAs (from Apr 2023),Persons,18+ yrs,,,2023/24,74.91811,71.74231,78.18448,69.8388,79.64876,,683.0,,,Worse,Not compared,20230000,,,1y
93088,"Overweight (including obesity) prevalence in adults, (using adjusted self-reported height and weight)",E92000001,England,E06000011,East Riding of Yorkshire,Counties & UAs (from Apr 2023),Persons,18+ yrs,,,2023/24,69.20599,65.57121,72.76995,63.84961,74.80438,,639.0,,,Worse,Not compared,20230000,,,1y
93088,"Overweight (including obesity) prevalence in adults, (using adjusted self-reported height and weight)",E92000001,England,E06000012,North East Lincolnshire,Counties & UAs (from Apr 2023),Persons,18+ yrs,,,2023/24,71.61463,68.26516,75.03526,66.5725,76.44584,,709.0,,,Worse,Not compared,20230000,,,1y
93088,"Overweight (including obesity) prevalence in adults, (using adjusted self-reported height and weight)",E92000001,England,E06000013,North Lincolnshire,Counties & UAs (from Apr 2023),Persons,18+ yrs,,,2023/24,69.44628,66.08345,72.81292,64.33365,74.42813,,743.0,,,Worse,Not compared,20230000,,,1y
93088,"Overweight (including obesity) prevalence in adults, (using adjusted self-reported height and weight)",E92000001,England,E06000014,York,Counties & UAs (from Apr 2023),Persons,18+ yrs,,,2023/24,60.08965,54.48718,65.38462,51.60256,68.26955,,312.0,,,Similar,Not compared,20230000,,,1y
93088,"Overweight (including obesity) prevalence in adults, (using adjusted self-reported height and weight)",E92000001,England,E06000015,Derby,Counties & UAs (from Apr 2023),Persons,18+ yrs,,,2023/24,72.04878,68.66764,75.40264,66.76428,76.86676,,683.0,,,Worse,Not compared,20230000,,,1y
93088,"Overweight (including obesity) prevalence in adults, (using adjusted self-reported height and weight)",E92000001,England,E06000016,Leicester,Counties & UAs (from Apr 2023),Persons,18+ yrs,,,2023/24,62.92566,59.74188,66.12529,57.77262,67.74942,,862.0,,,Similar,Not compared,20230000,,,1y
93088,"Overweight (including obesity) prevalence in adults, (using adjusted self-reported height and weight)",E92000001,England,E06000017,Rutland,Counties & UAs (from Apr 2023),Persons,18+ yrs,,,2023/24,67.29186,62.07951,72.47706,59.32722,74.92355,,327.0,,,Similar,Not compared,20230000,,,1y
93088,"Overweight (including obesity) prevalence in adults, (using adjusted self-reported height and weight)",E92000001,England,E06000018,Nottingham,Counties & UAs (from Apr 2023),Persons,18+ yrs,,,2023/24,65.76501,62.01681,69.57983,59.83193,71.42857,,595.0,,,Similar,Not compared,20230000,,,1y
93088,"Overweight (including obesity) prevalence in adults, (using adjusted self-reported height and weight)",E92000001,England,E06000019,Herefordshire,Counties & UAs (from Apr 2023),Persons,18+ yrs,,,2023/24,58.63405,53.125,64.0625,50.625,66.875,,320.0,,,Better,Not compared,20230000,,,1y
93088,"Overweight (including obesity) prevalence in adults, (using adjusted self-reported height and weight)",E92000001,England,E06000020,Telford and Wrekin,Counties & UAs (from Apr 2023),Persons,18+ yrs,,,2023/24,69.43008,64.41718,74.23313,61.34969,77.30061,,326.0,,,Similar,Not compared,20230000,,,1y
93088,"Overweight (including obesity) prevalence in adults, (using adjusted self-reported height and weight)",E92000001,England,E06000021,Stoke-on-Trent,Counties & UAs (from Apr 2023),Persons,18+ yrs,,,2023/24,74.27373,70.98592,77.46479,69.15493,79.15507,,710.0,,,Worse,Not compared,20230000,,,1y
93088,"Overweight (including obesity) prevalence in adults, (using adjusted self-reported height and weight)",E92000001,England,E06000022,Bath and North East Somerset,Counties & UAs (from Apr 2023),Persons,18+ yrs,,,2023/24,51.62665,46.26553,57.14286,42.54658,60.24845,,322.0,,,Better,Not compared,20230000,,,1y
93088,"Overweight (including obesity) prevalence in adults, (using adjusted self-reported height and weight)",E92000001,England,E06000023,Bristol,Counties & UAs (from Apr 2023),Persons,18+ yrs,,,2023/24,55.93634,52.54438,59.28994,50.41408,61.06509,,845.0,,,Better,Not compared,20230000,,,1y
93088,"Overweight (including obesity) prevalence in adults, (using adjusted self-reported height and weight)",E92000001,England,E06000024,North Somerset,Counties & UAs (from Apr 2023),Persons,18+ yrs,,,2023/24,60.88281,55.55556,66.08187,52.92398,68.71374,,342.0,,,Similar,Not compared,20230000,,,1y
93088,"Overweight (including obesity) prevalence in adults, (using adjusted self-reported height and weight)",E92000001,England,E06000025,South Gloucestershire,Counties & UAs (from Apr 2023),Persons,18+ yrs,,,2023/24,62.37153,58.70871,65.91592,56.60646,68.16817,,666.0,,,Similar,Not compared,20230000,,,1y
93088,"Overweight (including obesity) prevalence in adults, (using adjusted self-reported height and weight)",E92000001,England,E06000026,Plymouth,Counties & UAs (from Apr 2023),Persons,18+ yrs,,,2023/24,71.34125,67.42557,74.95622,65.32399,77.2331,,571.0,,,Worse,Not compared,20230000,,,1y
93088,"Overweight (including obesity) prevalence in adults, (using adjusted self-reported height and weight)",E92000001,England,E06000027,Torbay,Counties & UAs (from Apr 2023),Persons,18+ yrs,,,2023/24,63.73614,58.48485,68.78788,55.75727,71.51515,,330.0,,,Similar,Not compared,20230000,,,1y
93088,"Overweight (including obesity) prevalence in adults, (using adjusted self-reported height and weight)",E92000001,England,E06000030,Swindon,Counties & UAs (from Apr 2023),Persons,18+ yrs,,,2023/24,70.46554,65.6535,75.37994,62.91793,77.81155,,329.0,,,Worse,Not compared,20230000,,,1y
93088,"Overweight (including obesity) prevalence in adults, (using adjusted self-reported height and weight)",E92000001,England,E06000031,Peterborough,Counties & UAs (from Apr 2023),Persons,18+ yrs,,,2023/24,67.5555,63.90533,71.00592,61.9821,72.78121,,676.0,,,Similar,Not compared,20230000,,,1y
93088,"Overweight (including obesity) prevalence in adults, (using adjusted self-reported height and weight)",E92000001,England,E06000032,Luton,Counties & UAs (from Apr 2023),Persons,18+ yrs,,,2023/24,69.94592,66.15905,73.60406,63.79019,75.63469,,591.0,,,Worse,Not compared,20230000,,,1y
93088,"Overweight (including obesity) prevalence in adults, (using adjusted self-reported height and weight)",E92000001,England,E06000033,Southend-on-Sea,Counties & UAs (from Apr 2023),Persons,18+ yrs,,,2023/24,67.07643,61.89024,72.2561,59.14604,75.30518,,328.0,,,Similar,Not compared,20230000,,,1y
93088,"Overweight (including obesity) prevalence in adults, (using adjusted self-reported height and weight)",E92000001,England,E06000034,Thurrock,Counties & UAs (from Apr 2023),Persons,18+ yrs,,,2023/24,68.67589,63.54839,73.87097,60.32258,76.45194,,310.0,,,Similar,Not compared,20230000,,,1y
93088,"Overweight (including obesity) prevalence in adults, (using adjusted self-reported height and weight)",E92000001,England,E06000035,Medway,Counties & UAs (from Apr 2023),Persons,18+ yrs,,,2023/24,67.77994,63.94316,71.58082,61.45648,73.71243,,563.0,,,Similar,Not compared,20230000,,,1y
93088,"Overweight (including obesity) prevalence in adults, (using adjusted self-reported height and weight)",E92000001,England,E06000036,Bracknell Forest,Counties & UAs (from Apr 2023),Persons,18+ yrs,,,2023/24,68.58065,63.46749,73.68421,60.37152,76.16099,,323.0,,,Similar,Not compared,20230000,,,1y
93088,"Overweight (including obesity) prevalence in adults, (using adjusted self-reported height and weight)",E92000001,England,E06000037,West Berkshire,Counties & UAs (from Apr 2023),Persons,18+ yrs,,,2023/24,60.94257,55.71429,66.0,52.85686,68.57143,,350.0,,,Similar,Not compared,20230000,,,1y
93088,"Overweight (including obesity) prevalence in adults, (using adjusted self-reported height and weight)",E92000001,England,E06000038,Reading,Counties & UAs (from Apr 2023),Persons,18+ yrs,,,2023/24,61.55027,56.32911,66.77215,52.8481,69.93671,,316.0,,,Similar,Not compared,20230000,,,1y
93088,"Overweight (including obesity) prevalence in adults, (using adjusted self-reported height and weight)",E92000001,England,E06000039,Slough,Counties & UAs (from Apr 2023),Persons,18+ yrs,,,2023/24,70.57885,66.93811,74.10423,64.65798,76.2215,,614.0,,,Worse,Not compared,20230000,,,1y
93088,"Overweight (including obesity) prevalence in adults, (using adjusted self-reported height and weight)",E92000001,England,E06000040,Windsor and Maidenhead,Counties & UAs (from Apr 2023),Persons,18+ yrs,,,2023/24,57.65957,52.10843,62.95181,49.39729,66.26536,,332.0,,,Better,Not compared,20230000,,,1y
93088,"Overweight (including obesity) prevalence in adults, (using adjusted self-reported height and weight)",E92000001,England,E06000041,Wokingham,Counties & UAs (from Apr 2023),Persons,18+ yrs,,,2023/24,65.2648,60.17964,70.35928,56.88593,73.35329,,334.0,,,Similar,Not compared,20230000,,,1y
93088,"Overweight (including obesity) prevalence in adults, (using adjusted self-reported height and weight)",E92000001,England,E06000042,Milton Keynes,Counties & UAs (from Apr 2023),Persons,18+ yrs,,,2023/24,66.66681,62.80277,70.41522,60.72664,72.1455,,578.0,,,Similar,Not compared,20230000,,,1y
93088,"Overweight (including obesity) prevalence in adults, (using adjusted self-reported height and weight)",E92000001,England,E06000043,Brighton and Hove,Counties & UAs (from Apr 2023),Persons,18+ yrs,,,2023/24,60.6015,56.78092,64.23249,54.54545,66.31893,,671.0,,,Better,Not compared,20230000,,,1y
93088,"Overweight (including obesity) prevalence in adults, (using adjusted self-reported height and weight)",E92000001,England,E06000044,Portsmouth,Counties & UAs (from Apr 2023),Persons,18+ yrs,,,2023/24,67.92565,62.65823,72.78481,59.80949,75.63323,,316.0,,,Similar,Not compared,20230000,,,1y
93088,"Overweight (including obesity) prevalence in adults, (using adjusted self-reported height and weight)",E92000001,England,E06000045,Southampton,Counties & UAs (from Apr 2023),Persons,18+ yrs,,,2023/24,64.1675,58.82353,69.60784,55.55556,72.54935,,306.0,,,Similar,Not compared,20230000,,,1y
93088,"Overweight (including obesity) prevalence in adults, (using adjusted self-reported height and weight)",E92000001,England,E06000046,Isle of Wight,Counties & UAs (from Apr 2023),Persons,18+ yrs,,,2023/24,69.65833,66.3199,72.82185,64.62939,74.90247,,769.0,,,Worse,Not compared,20230000,,,1y
93088,"Overweight (including obesity) prevalence in adults, (using adjusted self-reported height and weight)",E92000001,England,E06000047,County Durham,Counties & UAs (from Apr 2023),Persons,18+ yrs,,,2023/24,70.14226,67.51227,72.66776,66.03928,74.3045,,1222.0,,,Worse,Not compared,20230000,,,1y
93088,"Overweight (including obesity) prevalence in adults, (using adjusted self-reported height and weight)",E92000001,England,E06000049,Cheshire East,Counties & UAs (from Apr 2023),Persons,18+ yrs,,,2023/24,64.03349,60.62246,67.38836,58.59269,69.41827,,739.0,,,Similar,Not compared,20230000,,,1y
93088,"Overweight (including obesity) prevalence in adults, (using adjusted self-reported height and weight)",E92000001,England,E06000050,Cheshire West and Chester,Counties & UAs (from Apr 2023),Persons,18+ yrs,,,2023/24,61.55678,57.74878,65.41599,55.79119,67.53687,,613.0,,,Similar,Not compared,20230000,,,1y
93088,"Overweight (including obesity) prevalence in adults, (using adjusted self-reported height and weight)",E92000001,England,E06000051,Shropshire,Counties & UAs (from Apr 2023),Persons,18+ yrs,,,2023/24,65.30545,61.62246,68.95476,59.43838,70.98284,,641.0,,,Similar,Not compared,20230000,,,1y
93088,"Overweight (including obesity) prevalence in adults, (using adjusted self-reported height and weight)",E92000001,England,E06000052,Cornwall,Counties & UAs (from Apr 2023),Persons,18+ yrs,,,2023/24,61.91279,58.8172,65.05376,56.88161,66.55914,,930.0,,,Similar,Not compared,20230000,,,1y
93088,"Overweight (including obesity) prevalence in adults, (using adjusted self-reported height and weight)",E92000001,England,E06000053,Isles of Scilly,Counties & UAs (from Apr 2023),Persons,18+ yrs,,,2023/24,64.01502,56.20915,71.24183,50.98039,75.81699,,153.0,,,Similar,Not compared,20230000,,,1y
93088,"Overweight (including obesity) prevalence in adults, (using adjusted self-reported height and weight)",E92000001,England,E06000054,Wiltshire,Counties & UAs (from Apr 2023),Persons,18+ yrs,,,2023/24,62.02732,58.67769,65.28926,56.90661,67.06021,,847.0,,,Similar,Not compared,20230000,,,1y
93088,"Overweight (including obesity) prevalence in adults, (using adjusted self-reported height and weight)",E92000001,England,E06000055,Bedford,Counties & UAs (from Apr 2023),Persons,18+ yrs,,,2023/24,68.90079,63.82979,73.56383,61.39818,76.2921,,329.0,,,Similar,Not compared,20230000,,,1y
93088,"Overweight (including obesity) prevalence in adults, (using adjusted self-reported height and weight)",E92000001,England,E06000056,Central Bedfordshire,Counties & UAs (from Apr 2023),Persons,18+ yrs,,,2023/24,71.61074,68.16143,75.03737,66.36756,76.68176,,669.0,,,Worse,Not compared,20230000,,,1y
93088,"Overweight (including obesity) prevalence in adults, (using adjusted self-reported height and weight)",E92000001,England,E06000057,Northumberland,Counties & UAs (from Apr 2023),Persons,18+ yrs,,,2023/24,67.05652,63.54467,70.60519,61.67118,72.33444,,694.0,,,Similar,Not compared,20230000,,,1y
93088,"Overweight (including obesity) prevalence in adults, (using adjusted self-reported height and weight)",E92000001,England,E06000058,"Bournemouth, Christchurch and Poole",Counties & UAs (from Apr 2023),Persons,18+ yrs,,,2023/24,62.75648,59.27904,66.22163,57.27623,68.09079,,749.0,,,Similar,Not compared,20230000,,,1y
93088,"Overweight (including obesity) prevalence in adults, (using adjusted self-reported height and weight)",E92000001,England,E06000059,Dorset,Counties & UAs (from Apr 2023),Persons,18+ yrs,,,2023/24,62.37929,58.85486,65.77896,56.72437,67.90959,,751.0,,,Similar,Not compared,20230000,,,1y
93088,"Overweight (including obesity) prevalence in adults, (using adjusted self-reported height and weight)",E92000001,England,E06000060,Buckinghamshire UA,Counties & UAs (from Apr 2023),Persons,18+ yrs,,,2023/24,65.92574,62.77603,68.87487,61.30389,70.66246,,951.0,,,Similar,Not compared,20230000,,,1y
93088,"Overweight (including obesity) prevalence in adults, (using adjusted self-reported height and weight)",E92000001,England,E06000061,North Northamptonshire,Counties & UAs (from Apr 2023),Persons,18+ yrs,,,2023/24,69.03948,65.44343,72.47706,63.60841,74.31193,,654.0,,,Worse,Not compared,20230000,,,1y
93088,"Overweight (including obesity) prevalence in adults, (using adjusted self-reported height and weight)",E92000001,England,E06000062,West Northamptonshire,Counties & UAs (from Apr 2023),Persons,18+ yrs,,,2023/24,66.35069,62.91209,69.78022,60.71429,71.84066,,728.0,,,Similar,Not compared,20230000,,,1y
93088,"Overweight (including obesity) prevalence in adults, (using adjusted self-reported height and weight)",E92000001,England,E06000063,Cumberland,Counties & UAs (from Apr 2023),Persons,18+ yrs,,,2023/24,71.34827,67.66257,74.86819,65.72917,76.97715,,569.0,,,Worse,Not compared,20230000,,,1y
93088,"Overweight (including obesity) prevalence in adults, (using adjusted self-reported height and weight)",E92000001,England,E06000064,Westmorland and Furness,Counties & UAs (from Apr 2023),Persons,18+ yrs,,,2023/24,64.60926,59.34718,69.73294,56.67656,72.7003,,337.0,,,Similar,Not compared,20230000,,,1y
93088,"Overweight (including obesity) prevalence in adults, (using adjusted self-reported height and weight)",E92000001,England,E06000065,North Yorkshire UA,Counties & UAs (from Apr 2023),Persons,18+ yrs,,,2023/24,61.47619,58.62477,64.3808,56.58618,66.14109,,1078.0,,,Better,Not compared,20230000,,,1y
93088,"Overweight (including obesity) prevalence in adults, (using adjusted self-reported height and weight)",E92000001,England,E06000066,Somerset UA,Counties & UAs (from Apr 2023),Persons,18+ yrs,,,2023/24,66.96731,63.95349,69.97886,62.15645,71.67019,,946.0,,,Similar,Not compared,20230000,,,1y
93088,"Overweight (including obesity) prevalence in adults, (using adjusted self-reported height and weight)",E92000001,England,E08000001,Bolton,Counties & UAs (from Apr 2023),Persons,18+ yrs,,,2023/24,70.58033,67.59062,73.45416,65.88475,75.05352,,938.0,,,Worse,Not compared,20230000,,,1y
93088,"Overweight (including obesity) prevalence in adults, (using adjusted self-reported height and weight)",E92000001,England,E08000002,Bury,Counties & UAs (from Apr 2023),Persons,18+ yrs,,,2023/24,65.27121,60.18809,70.53292,57.05329,73.35455,,319.0,,,Similar,Not compared,20230000,,,1y
93088,"Overweight (including obesity) prevalence in adults, (using adjusted self-reported height and weight)",E92000001,England,E08000003,Manchester,Counties & UAs (from Apr 2023),Persons,18+ yrs,,,2023/24,60.49025,57.1256,63.76812,55.31401,65.57983,,828.0,,,Better,Not compared,20230000,,,1y
93088,"Overweight (including obesity) prevalence in adults, (using adjusted self-reported height and weight)",E92000001,England,E08000004,Oldham,Counties & UAs (from Apr 2023),Persons,18+ yrs,,,2023/24,71.30703,67.83537,74.69512,65.54863,76.3721,,656.0,,,Worse,Not compared,20230000,,,1y
93088,"Overweight (including obesity) prevalence in adults, (using adjusted self-reported height and weight)",E92000001,England,E08000005,Rochdale,Counties & UAs (from Apr 2023),Persons,18+ yrs,,,2023/24,72.15317,68.82184,75.43103,67.09756,77.29885,,696.0,,,Worse,Not compared,20230000,,,1y
93088,"Overweight (including obesity) prevalence in adults, (using adjusted self-reported height and weight)",E92000001,England,E08000006,Salford,Counties & UAs (from Apr 2023),Persons,18+ yrs,,,2023/24,66.65003,63.7234,69.68085,61.80851,71.17043,,940.0,,,Similar,Not compared,20230000,,,1y
93088,"Overweight (including obesity) prevalence in adults, (using adjusted self-reported height and weight)",E92000001,England,E08000007,Stockport,Counties & UAs (from Apr 2023),Persons,18+ yrs,,,2023/24,63.10216,59.3423,66.81614,57.1,68.75949,,669.0,,,Similar,Not compared,20230000,,,1y
93088,"Overweight (including obesity) prevalence in adults, (using adjusted self-reported height and weight)",E92000001,England,E08000008,Tameside,Counties & UAs (from Apr 2023),Persons,18+ yrs,,,2023/24,72.02844,68.77698,75.39568,66.76245,77.26619,,695.0,,,Worse,Not compared,20230000,,,1y
93088,"Overweight (including obesity) prevalence in adults, (using adjusted self-reported height and weight)",E92000001,England,E08000009,Trafford,Counties & UAs (from Apr 2023),Persons,18+ yrs,,,2023/24,62.36527,57.05882,67.64706,54.11765,70.29412,,340.0,,,Similar,Not compared,20230000,,,1y
93088,"Overweight (including obesity) prevalence in adults, (using adjusted self-reported height and weight)",E92000001,England,E08000010,Wigan,Counties & UAs (from Apr 2023),Persons,18+ yrs,,,2023/24,74.55004,71.11801,77.95031,69.09938,79.65839,,644.0,,,Worse,Not compared,20230000,,,1y
93088,"Overweight (including obesity) prevalence in adults, (using adjusted self-reported height and weight)",E92000001,England,E08000011,Knowsley,Counties & UAs (from Apr 2023),Persons,18+ yrs,,,2023/24,71.05651,67.62178,74.49857,65.75917,76.07464,,698.0,,,Worse,Not compared,20230000,,,1y
93088,"Overweight (including obesity) prevalence in adults, (using adjusted self-reported height and weight)",E92000001,England,E08000012,Liverpool,Counties & UAs (from Apr 2023),Persons,18+ yrs,,,2023/24,65.28781,61.9403,68.53234,60.199,70.64677,,804.0,,,Similar,Not compared,20230000,,,1y
93088,"Overweight (including obesity) prevalence in adults, (using adjusted self-reported height and weight)",E92000001,England,E08000013,St. Helens,Counties & UAs (from Apr 2023),Persons,18+ yrs,,,2023/24,63.99879,58.7156,69.11315,55.9633,72.17125,,327.0,,,Similar,Not compared,20230000,,,1y
93088,"Overweight (including obesity) prevalence in adults, (using adjusted self-reported height and weight)",E92000001,England,E08000014,Sefton,Counties & UAs (from Apr 2023),Persons,18+ yrs,,,2023/24,63.22131,59.18004,67.02317,56.50624,69.34046,,561.0,,,Similar,Not compared,20230000,,,1y
93088,"Overweight (including obesity) prevalence in adults, (using adjusted self-reported height and weight)",E92000001,England,E08000015,Wirral,Counties & UAs (from Apr 2023),Persons,18+ yrs,,,2023/24,72.91073,69.30533,76.25202,67.20517,78.19079,,619.0,,,Worse,Not compared,20230000,,,1y
93088,"Overweight (including obesity) prevalence in adults, (using adjusted self-reported height and weight)",E92000001,England,E08000016,Barnsley,Counties & UAs (from Apr 2023),Persons,18+ yrs,,,2023/24,72.80725,69.44046,76.04017,67.57532,77.47504,,697.0,,,Worse,Not compared,20230000,,,1y
93088,"Overweight (including obesity) prevalence in adults, (using adjusted self-reported height and weight)",E92000001,England,E08000017,Doncaster,Counties & UAs (from Apr 2023),Persons,18+ yrs,,,2023/24,73.83496,71.1533,76.5043,69.532,78.12798,,1047.0,,,Worse,Not compared,20230000,,,1y
93088,"Overweight (including obesity) prevalence in adults, (using adjusted self-reported height and weight)",E92000001,England,E08000018,Rotherham,Counties & UAs (from Apr 2023),Persons,18+ yrs,,,2023/24,74.02857,71.15178,76.85684,69.53714,78.47147,,929.0,,,Worse,Not compared,20230000,,,1y
93088,"Overweight (including obesity) prevalence in adults, (using adjusted self-reported height and weight)",E92000001,England,E08000019,Sheffield,Counties & UAs (from Apr 2023),Persons,18+ yrs,,,2023/24,61.33215,58.12155,64.41989,56.1326,66.51934,,905.0,,,Better,Not compared,20230000,,,1y
93088,"Overweight (including obesity) prevalence in adults, (using adjusted self-reported height and weight)",E92000001,England,E08000021,Newcastle upon Tyne,Counties & UAs (from Apr 2023),Persons,18+ yrs,,,2023/24,66.32165,62.57764,70.03106,60.55885,72.20497,,644.0,,,Similar,Not compared,20230000,,,1y
93088,"Overweight (including obesity) prevalence in adults, (using adjusted self-reported height and weight)",E92000001,England,E08000022,North Tyneside,Counties & UAs (from Apr 2023),Persons,18+ yrs,,,2023/24,67.62568,62.25806,72.90323,59.35484,75.48387,,310.0,,,Similar,Not compared,20230000,,,1y
93088,"Overweight (including obesity) prevalence in adults, (using adjusted self-reported height and weight)",E92000001,England,E08000023,South Tyneside,Counties & UAs (from Apr 2023),Persons,18+ yrs,,,2023/24,70.00062,66.57224,73.22946,64.58924,75.35411,,706.0,,,Worse,Not compared,20230000,,,1y
93088,"Overweight (including obesity) prevalence in adults, (using adjusted self-reported height and weight)",E92000001,England,E08000024,Sunderland,Counties & UAs (from Apr 2023),Persons,18+ yrs,,,2023/24,71.79425,68.94344,74.59979,67.12903,75.9873,,937.0,,,Worse,Not compared,20230000,,,1y
93088,"Overweight (including obesity) prevalence in adults, (using adjusted self-reported height and weight)",E92000001,England,E08000025,Birmingham,Counties & UAs (from Apr 2023),Persons,18+ yrs,,,2023/24,65.69416,63.27373,68.15681,61.55413,69.46362,,1454.0,,,Similar,Not compared,20230000,,,1y
93088,"Overweight (including obesity) prevalence in adults, (using adjusted self-reported height and weight)",E92000001,England,E08000026,Coventry,Counties & UAs (from Apr 2023),Persons,18+ yrs,,,2023/24,67.70086,63.93443,71.31148,61.96721,73.27869,,610.0,,,Similar,Not compared,20230000,,,1y
93088,"Overweight (including obesity) prevalence in adults, (using adjusted self-reported height and weight)",E92000001,England,E08000027,Dudley,Counties & UAs (from Apr 2023),Persons,18+ yrs,,,2023/24,68.01315,64.25121,71.65862,62.15781,73.91304,,621.0,,,Similar,Not compared,20230000,,,1y
93088,"Overweight (including obesity) prevalence in adults, (using adjusted self-reported height and weight)",E92000001,England,E08000028,Sandwell,Counties & UAs (from Apr 2023),Persons,18+ yrs,,,2023/24,71.59683,68.61878,74.58564,66.96122,76.1326,,905.0,,,Worse,Not compared,20230000,,,1y
93088,"Overweight (including obesity) prevalence in adults, (using adjusted self-reported height and weight)",E92000001,England,E08000029,Solihull,Counties & UAs (from Apr 2023),Persons,18+ yrs,,,2023/24,64.238,59.00621,69.25466,56.21118,72.98137,,322.0,,,Similar,Not compared,20230000,,,1y
93088,"Overweight (including obesity) prevalence in adults, (using adjusted self-reported height and weight)",E92000001,England,E08000030,Walsall,Counties & UAs (from Apr 2023),Persons,18+ yrs,,,2023/24,74.97706,72.19828,77.69397,70.5819,79.09483,,928.0,,,Worse,Not compared,20230000,,,1y
93088,"Overweight (including obesity) prevalence in adults, (using adjusted self-reported height and weight)",E92000001,England,E08000031,Wolverhampton,Counties & UAs (from Apr 2023),Persons,18+ yrs,,,2023/24,68.67441,65.04702,72.25705,62.85266,74.29467,,638.0,,,Worse,Not compared,20230000,,,1y
93088,"Overweight (including obesity) prevalence in adults, (using adjusted self-reported height and weight)",E92000001,England,E08000032,Bradford,Counties & UAs (from Apr 2023),Persons,18+ yrs,,,2023/24,69.67278,66.95804,72.29021,65.64685,73.86372,,1144.0,,,Worse,Not compared,20230000,,,1y
93088,"Overweight (including obesity) prevalence in adults, (using adjusted self-reported height and weight)",E92000001,England,E08000033,Calderdale,Counties & UAs (from Apr 2023),Persons,18+ yrs,,,2023/24,71.04246,66.74528,75.23585,64.15094,77.59434,,424.0,,,Worse,Not compared,20230000,,,1y
93088,"Overweight (including obesity) prevalence in adults, (using adjusted self-reported height and weight)",E92000001,England,E08000034,Kirklees,Counties & UAs (from Apr 2023),Persons,18+ yrs,,,2023/24,67.69401,64.24501,71.08262,61.96567,73.07692,,702.0,,,Similar,Not compared,20230000,,,1y
93088,"Overweight (including obesity) prevalence in adults, (using adjusted self-reported height and weight)",E92000001,England,E08000035,Leeds,Counties & UAs (from Apr 2023),Persons,18+ yrs,,,2023/24,63.89808,61.12577,66.75462,59.45471,68.24987,,1137.0,,,Similar,Not compared,20230000,,,1y
93088,"Overweight (including obesity) prevalence in adults, (using adjusted self-reported height and weight)",E92000001,England,E08000036,Wakefield,Counties & UAs (from Apr 2023),Persons,18+ yrs,,,2023/24,69.77452,66.86047,72.57752,65.21318,74.03101,,1032.0,,,Worse,Not compared,20230000,,,1y
93088,"Overweight (including obesity) prevalence in adults, (using adjusted self-reported height and weight)",E92000001,England,E08000037,Gateshead,Counties & UAs (from Apr 2023),Persons,18+ yrs,,,2023/24,73.40737,68.40491,77.92178,65.64417,80.3681,,326.0,,,Worse,Not compared,20230000,,,1y
93088,"Overweight (including obesity) prevalence in adults, (using adjusted self-reported height and weight)",E92000001,England,E09000001,City of London,Counties & UAs (from Apr 2023),Persons,18+ yrs,,,2023/24,48.64889,41.45078,55.44041,37.82332,59.58601,,193.0,,,Better,Not compared,20230000,,,1y
93088,"Overweight (including obesity) prevalence in adults, (using adjusted self-reported height and weight)",E92000001,England,E09000002,Barking and Dagenham,Counties & UAs (from Apr 2023),Persons,18+ yrs,,,2023/24,69.28081,65.41738,72.91312,63.37308,75.12777,,587.0,,,Worse,Not compared,20230000,,,1y
93088,"Overweight (including obesity) prevalence in adults, (using adjusted self-reported height and weight)",E92000001,England,E09000003,Barnet,Counties & UAs (from Apr 2023),Persons,18+ yrs,,,2023/24,58.61801,55.04979,62.30441,52.63158,64.43826,,703.0,,,Better,Not compared,20230000,,,1y
93088,"Overweight (including obesity) prevalence in adults, (using adjusted self-reported height and weight)",E92000001,England,E09000004,Bexley,Counties & UAs (from Apr 2023),Persons,18+ yrs,,,2023/24,64.18957,59.04762,69.52381,55.87302,72.38095,,315.0,,,Similar,Not compared,20230000,,,1y
93088,"Overweight (including obesity) prevalence in adults, (using adjusted self-reported height and weight)",E92000001,England,E09000005,Brent,Counties & UAs (from Apr 2023),Persons,18+ yrs,,,2023/24,61.27409,58.01782,64.36526,56.12472,66.25835,,898.0,,,Better,Not compared,20230000,,,1y
93088,"Overweight (including obesity) prevalence in adults, (using adjusted self-reported height and weight)",E92000001,England,E09000006,Bromley,Counties & UAs (from Apr 2023),Persons,18+ yrs,,,2023/24,60.42357,56.64161,64.24051,54.43038,66.29763,,632.0,,,Better,Not compared,20230000,,,1y
93088,"Overweight (including obesity) prevalence in adults, (using adjusted self-reported height and weight)",E92000001,England,E09000007,Camden,Counties & UAs (from Apr 2023),Persons,18+ yrs,,,2023/24,52.43839,46.90554,57.98046,43.64821,61.23779,,307.0,,,Better,Not compared,20230000,,,1y
93088,"Overweight (including obesity) prevalence in adults, (using adjusted self-reported height and weight)",E92000001,England,E09000008,Croydon,Counties & UAs (from Apr 2023),Persons,18+ yrs,,,2023/24,61.99605,58.39525,65.52749,55.86909,67.60773,,673.0,,,Similar,Not compared,20230000,,,1y
93088,"Overweight (including obesity) prevalence in adults, (using adjusted self-reported height and weight)",E92000001,England,E09000009,Ealing,Counties & UAs (from Apr 2023),Persons,18+ yrs,,,2023/24,59.83968,56.03865,63.60709,53.78406,65.86151,,621.0,,,Better,Not compared,20230000,,,1y
93088,"Overweight (including obesity) prevalence in adults, (using adjusted self-reported height and weight)",E92000001,England,E09000010,Enfield,Counties & UAs (from Apr 2023),Persons,18+ yrs,,,2023/24,62.41603,58.46906,66.28664,56.35179,68.40423,,614.0,,,Similar,Not compared,20230000,,,1y
93088,"Overweight (including obesity) prevalence in adults, (using adjusted self-reported height and weight)",E92000001,England,E09000011,Greenwich,Counties & UAs (from Apr 2023),Persons,18+ yrs,,,2023/24,60.19022,55.09138,65.01305,52.21906,67.62428,,383.0,,,Similar,Not compared,20230000,,,1y
93088,"Overweight (including obesity) prevalence in adults, (using adjusted self-reported height and weight)",E92000001,England,E09000012,Hackney,Counties & UAs (from Apr 2023),Persons,18+ yrs,,,2023/24,58.3354,53.0303,63.63636,50.0,66.36394,,330.0,,,Better,Not compared,20230000,,,1y
93088,"Overweight (including obesity) prevalence in adults, (using adjusted self-reported height and weight)",E92000001,England,E09000013,Hammersmith and Fulham,Counties & UAs (from Apr 2023),Persons,18+ yrs,,,2023/24,45.64992,40.25157,50.9434,36.79214,54.71698,,318.0,,,Better,Not compared,20230000,,,1y
93088,"Overweight (including obesity) prevalence in adults, (using adjusted self-reported height and weight)",E92000001,England,E09000014,Haringey,Counties & UAs (from Apr 2023),Persons,18+ yrs,,,2023/24,53.36939,49.28826,57.47331,46.79715,59.78648,,562.0,,,Better,Not compared,20230000,,,1y
93088,"Overweight (including obesity) prevalence in adults, (using adjusted self-reported height and weight)",E92000001,England,E09000015,Harrow,Counties & UAs (from Apr 2023),Persons,18+ yrs,,,2023/24,58.48959,52.86624,63.69427,49.68089,66.56051,,314.0,,,Better,Not compared,20230000,,,1y
93088,"Overweight (including obesity) prevalence in adults, (using adjusted self-reported height and weight)",E92000001,England,E09000016,Havering,Counties & UAs (from Apr 2023),Persons,18+ yrs,,,2023/24,65.78277,60.46512,71.09635,57.47508,74.08671,,301.0,,,Similar,Not compared,20230000,,,1y
93088,"Overweight (including obesity) prevalence in adults, (using adjusted self-reported height and weight)",E92000001,England,E09000017,Hillingdon,Counties & UAs (from Apr 2023),Persons,18+ yrs,,,2023/24,63.04365,59.10543,66.93291,57.18834,69.00958,,626.0,,,Similar,Not compared,20230000,,,1y
93088,"Overweight (including obesity) prevalence in adults, (using adjusted self-reported height and weight)",E92000001,England,E09000018,Hounslow,Counties & UAs (from Apr 2023),Persons,18+ yrs,,,2023/24,58.09637,53.74532,62.35955,51.68539,64.79419,,534.0,,,Better,Not compared,20230000,,,1y
93088,"Overweight (including obesity) prevalence in adults, (using adjusted self-reported height and weight)",E92000001,England,E09000019,Islington,Counties & UAs (from Apr 2023),Persons,18+ yrs,,,2023/24,42.58065,37.34568,47.83951,34.25926,50.30895,,324.0,,,Better,Not compared,20230000,,,1y
93088,"Overweight (including obesity) prevalence in adults, (using adjusted self-reported height and weight)",E92000001,England,E09000020,Kensington and Chelsea,Counties & UAs (from Apr 2023),Persons,18+ yrs,,,2023/24,54.57271,49.75369,59.35961,47.04409,62.31527,,406.0,,,Better,Not compared,20230000,,,1y
93088,"Overweight (including obesity) prevalence in adults, (using adjusted self-reported height and weight)",E92000001,England,E09000021,Kingston upon Thames,Counties & UAs (from Apr 2023),Persons,18+ yrs,,,2023/24,50.9887,45.56213,56.50888,42.30769,59.46746,,338.0,,,Better,Not compared,20230000,,,1y
93088,"Overweight (including obesity) prevalence in adults, (using adjusted self-reported height and weight)",E92000001,England,E09000022,Lambeth,Counties & UAs (from Apr 2023),Persons,18+ yrs,,,2023/24,54.80962,50.88853,58.80452,48.30372,60.74313,,619.0,,,Better,Not compared,20230000,,,1y
93088,"Overweight (including obesity) prevalence in adults, (using adjusted self-reported height and weight)",E92000001,England,E09000023,Lewisham,Counties & UAs (from Apr 2023),Persons,18+ yrs,,,2023/24,55.74205,51.79739,59.64052,49.6732,61.9281,,612.0,,,Better,Not compared,20230000,,,1y
93088,"Overweight (including obesity) prevalence in adults, (using adjusted self-reported height and weight)",E92000001,England,E09000024,Merton,Counties & UAs (from Apr 2023),Persons,18+ yrs,,,2023/24,63.79528,58.7156,69.11315,55.35168,71.86544,,327.0,,,Similar,Not compared,20230000,,,1y
93088,"Overweight (including obesity) prevalence in adults, (using adjusted self-reported height and weight)",E92000001,England,E09000025,Newham,Counties & UAs (from Apr 2023),Persons,18+ yrs,,,2023/24,59.02783,55.81395,62.12625,53.8206,64.00886,,903.0,,,Better,Not compared,20230000,,,1y
93088,"Overweight (including obesity) prevalence in adults, (using adjusted self-reported height and weight)",E92000001,England,E09000026,Redbridge,Counties & UAs (from Apr 2023),Persons,18+ yrs,,,2023/24,57.95455,54.11955,61.87399,51.85784,63.97431,,619.0,,,Better,Not compared,20230000,,,1y
93088,"Overweight (including obesity) prevalence in adults, (using adjusted self-reported height and weight)",E92000001,England,E09000027,Richmond upon Thames,Counties & UAs (from Apr 2023),Persons,18+ yrs,,,2023/24,56.34884,50.8982,61.67665,47.90389,64.37126,,334.0,,,Better,Not compared,20230000,,,1y
93088,"Overweight (including obesity) prevalence in adults, (using adjusted self-reported height and weight)",E92000001,England,E09000028,Southwark,Counties & UAs (from Apr 2023),Persons,18+ yrs,,,2023/24,57.41632,53.67762,61.18936,51.64319,63.22394,,639.0,,,Better,Not compared,20230000,,,1y
93088,"Overweight (including obesity) prevalence in adults, (using adjusted self-reported height and weight)",E92000001,England,E09000029,Sutton,Counties & UAs (from Apr 2023),Persons,18+ yrs,,,2023/24,65.81904,60.60606,70.90909,57.27273,73.63636,,330.0,,,Similar,Not compared,20230000,,,1y
93088,"Overweight (including obesity) prevalence in adults, (using adjusted self-reported height and weight)",E92000001,England,E09000030,Tower Hamlets,Counties & UAs (from Apr 2023),Persons,18+ yrs,,,2023/24,60.39755,57.26228,63.53187,55.48589,65.20387,,957.0,,,Better,Not compared,20230000,,,1y
93088,"Overweight (including obesity) prevalence in adults, (using adjusted self-reported height and weight)",E92000001,England,E09000031,Waltham Forest,Counties & UAs (from Apr 2023),Persons,18+ yrs,,,2023/24,62.0931,58.01105,66.11418,55.24862,67.9558,,543.0,,,Similar,Not compared,20230000,,,1y
93088,"Overweight (including obesity) prevalence in adults, (using adjusted self-reported height and weight)",E92000001,England,E09000032,Wandsworth,Counties & UAs (from Apr 2023),Persons,18+ yrs,,,2023/24,55.98964,52.18045,59.84962,49.92466,62.10526,,665.0,,,Better,Not compared,20230000,,,1y
93088,"Overweight (including obesity) prevalence in adults, (using adjusted self-reported height and weight)",E92000001,England,E09000033,Westminster,Counties & UAs (from Apr 2023),Persons,18+ yrs,,,2023/24,51.90895,46.90722,56.95876,44.07216,59.79381,,388.0,,,Better,Not compared,20230000,,,1y
93088,"Overweight (including obesity) prevalence in adults, (using adjusted self-reported height and weight)",E92000001,England,E10000003,Cambridgeshire,Counties & UAs (from Apr 2023),Persons,18+ yrs,,,2023/24,60.49865,58.34564,62.67848,57.11467,63.95869,,2031.0,,,Better,Not compared,20230000,,,1y
93088,"Overweight (including obesity) prevalence in adults, (using adjusted self-reported height and weight)",E92000001,England,E10000007,Derbyshire,Counties & UAs (from Apr 2023),Persons,18+ yrs,,,2023/24,67.10413,65.41107,68.81756,64.46119,69.80023,,3053.0,,,Worse,Not compared,20230000,,,1y
93088,"Overweight (including obesity) prevalence in adults, (using adjusted self-reported height and weight)",E92000001,England,E10000008,Devon,Counties & UAs (from Apr 2023),Persons,18+ yrs,,,2023/24,62.43578,60.66905,64.11172,59.59724,65.11858,,3079.0,,,Better,Not compared,20230000,,,1y
93088,"Overweight (including obesity) prevalence in adults, (using adjusted self-reported height and weight)",E92000001,England,E10000011,East Sussex,Counties & UAs (from Apr 2023),Persons,18+ yrs,,,2023/24,63.08304,60.76179,65.41717,59.2503,66.74734,,1654.0,,,Similar,Not compared,20230000,,,1y
93088,"Overweight (including obesity) prevalence in adults, (using adjusted self-reported height and weight)",E92000001,England,E10000012,Essex,Counties & UAs (from Apr 2023),Persons,18+ yrs,,,2023/24,66.68082,65.31171,68.04971,64.5956,68.76586,,4748.0,,,Worse,Not compared,20230000,,,1y
93088,"Overweight (including obesity) prevalence in adults, (using adjusted self-reported height and weight)",E92000001,England,E10000013,Gloucestershire,Counties & UAs (from Apr 2023),Persons,18+ yrs,,,2023/24,63.98857,61.87192,66.05911,60.78818,67.24143,,2030.0,,,Similar,Not compared,20230000,,,1y
93088,"Overweight (including obesity) prevalence in adults, (using adjusted self-reported height and weight)",E92000001,England,E10000014,Hampshire,Counties & UAs (from Apr 2023),Persons,18+ yrs,,,2023/24,66.10541,64.54075,67.64786,63.61404,68.52009,,3669.0,,,Worse,Not compared,20230000,,,1y
93088,"Overweight (including obesity) prevalence in adults, (using adjusted self-reported height and weight)",E92000001,England,E10000015,Hertfordshire,Counties & UAs (from Apr 2023),Persons,18+ yrs,,,2023/24,63.63225,61.97936,65.30106,60.95593,66.32533,,3222.0,,,Similar,Not compared,20230000,,,1y
93088,"Overweight (including obesity) prevalence in adults, (using adjusted self-reported height and weight)",E92000001,England,E10000016,Kent,Counties & UAs (from Apr 2023),Persons,18+ yrs,,,2023/24,64.78264,63.37005,66.2292,62.66696,66.90886,,4267.0,,,Similar,Not compared,20230000,,,1y
93088,"Overweight (including obesity) prevalence in adults, (using adjusted self-reported height and weight)",E92000001,England,E10000017,Lancashire,Counties & UAs (from Apr 2023),Persons,18+ yrs,,,2023/24,66.20334,64.98412,67.43907,64.24646,68.05699,,5826.0,,,Worse,Not compared,20230000,,,1y
93088,"Overweight (including obesity) prevalence in adults, (using adjusted self-reported height and weight)",E92000001,England,E10000018,Leicestershire,Counties & UAs (from Apr 2023),Persons,18+ yrs,,,2023/24,65.75585,63.80744,67.70241,62.66954,68.79654,,2285.0,,,Similar,Not compared,20230000,,,1y
93088,"Overweight (including obesity) prevalence in adults, (using adjusted self-reported height and weight)",E92000001,England,E10000019,Lincolnshire,Counties & UAs (from Apr 2023),Persons,18+ yrs,,,2023/24,67.86632,66.30372,69.39828,65.44413,70.25794,,3490.0,,,Worse,Not compared,20230000,,,1y
93088,"Overweight (including obesity) prevalence in adults, (using adjusted self-reported height and weight)",E92000001,England,E10000020,Norfolk,Counties & UAs (from Apr 2023),Persons,18+ yrs,,,2023/24,66.49231,64.78555,68.10787,63.78581,69.01003,,3101.0,,,Worse,Not compared,20230000,,,1y
93088,"Overweight (including obesity) prevalence in adults, (using adjusted self-reported height and weight)",E92000001,England,E10000024,Nottinghamshire,Counties & UAs (from Apr 2023),Persons,18+ yrs,,,2023/24,67.45472,65.70465,69.1904,64.65517,70.23988,,2668.0,,,Worse,Not compared,20230000,,,1y
93088,"Overweight (including obesity) prevalence in adults, (using adjusted self-reported height and weight)",E92000001,England,E10000025,Oxfordshire,Counties & UAs (from Apr 2023),Persons,18+ yrs,,,2023/24,58.6478,56.54649,60.62619,55.36048,61.76471,,2108.0,,,Better,Not compared,20230000,,,1y
93088,"Overweight (including obesity) prevalence in adults, (using adjusted self-reported height and weight)",E92000001,England,E10000028,Staffordshire,Counties & UAs (from Apr 2023),Persons,18+ yrs,,,2023/24,65.8316,63.99395,67.66263,62.97269,68.57042,,2644.0,,,Similar,Not compared,20230000,,,1y
93088,"Overweight (including obesity) prevalence in adults, (using adjusted self-reported height and weight)",E92000001,England,E10000029,Suffolk,Counties & UAs (from Apr 2023),Persons,18+ yrs,,,2023/24,67.22645,65.13944,69.27291,64.04382,70.46813,,2008.0,,,Worse,Not compared,20230000,,,1y
93088,"Overweight (including obesity) prevalence in adults, (using adjusted self-reported height and weight)",E92000001,England,E10000030,Surrey,Counties & UAs (from Apr 2023),Persons,18+ yrs,,,2023/24,57.36887,55.77457,58.995,54.9417,59.82796,,3602.0,,,Better,Not compared,20230000,,,1y
93088,"Overweight (including obesity) prevalence in adults, (using adjusted self-reported height and weight)",E92000001,England,E10000031,Warwickshire,Counties & UAs (from Apr 2023),Persons,18+ yrs,,,2023/24,64.07154,61.77914,66.38037,60.6135,67.66871,,1630.0,,,Similar,Not compared,20230000,,,1y
93088,"Overweight (including obesity) prevalence in adults, (using adjusted self-reported height and weight)",E92000001,England,E10000032,West Sussex,Counties & UAs (from Apr 2023),Persons,18+ yrs,,,2023/24,63.42122,61.48853,65.42622,60.44998,66.42151,,2311.0,,,Similar,Not compared,20230000,,,1y
93088,"Overweight (including obesity) prevalence in adults, (using adjusted self-reported height and weight)",E92000001,England,E10000034,Worcestershire,Counties & UAs (from Apr 2023),Persons,18+ yrs,,,2023/24,67.66743,65.59086,69.71202,64.39921,70.75472,,2014.0,,,Worse,Not compared,20230000,,,1y
93088,"Overweight (including obesity) prevalence in adults, (using adjusted self-reported height and weight)",,,E92000001,England,England,Male,18+ yrs,,,2024/25,69.87269,69.52264,70.21713,69.33121,70.42486,,67391.0,,Cannot be calculated,Not compared,Not compared,20240000,,,1y
93088,"Overweight (including obesity) prevalence in adults, (using adjusted self-reported height and weight)",,,E92000001,England,England,Female,18+ yrs,,,2024/25,59.4141,59.06841,59.75943,58.87373,59.95926,,77566.0,,Cannot be calculated,Not compared,Not compared,20240000,,,1y
93088,"Overweight (including obesity) prevalence in adults, (using adjusted self-reported height and weight)",,,E92000001,England,England,Persons,85+ yrs,,,2024/25,64.98953,63.30246,66.65602,62.3442,67.48646,,3131.0,,Cannot be calculated,Not compared,Not compared,20240000,,,1y
93088,"Overweight (including obesity) prevalence in adults, (using adjusted self-reported height and weight)",,,E92000001,England,England,Persons,25-34 yrs,,,2024/25,57.4595,56.71677,58.20218,56.20394,58.55586,,16965.0,,Cannot be calculated,Not compared,Not compared,20240000,,,1y
93088,"Overweight (including obesity) prevalence in adults, (using adjusted self-reported height and weight)",,,E92000001,England,England,Persons,35-44 yrs,,,2024/25,65.25347,64.63117,65.86964,64.24245,66.20867,,22124.0,,Cannot be calculated,Not compared,Not compared,20240000,,,1y
93088,"Overweight (including obesity) prevalence in adults, (using adjusted self-reported height and weight)",,,E92000001,England,England,Persons,45-54 yrs,,,2024/25,69.44847,68.84093,70.05846,68.47171,70.44086,,22751.0,,Cannot be calculated,Not compared,Not compared,20240000,,,1y
93088,"Overweight (including obesity) prevalence in adults, (using adjusted self-reported height and weight)",,,E92000001,England,England,Persons,55-64 yrs,,,2024/25,73.67867,73.16896,74.1921,72.87522,74.48246,,28933.0,,Cannot be calculated,Not compared,Not compared,20240000,,,1y
93088,"Overweight (including obesity) prevalence in adults, (using adjusted self-reported height and weight)",,,E92000001,England,England,Persons,65-74 yrs,,,2024/25,72.09319,71.57114,72.60779,71.2619,72.92757,,28457.0,,Cannot be calculated,Not compared,Not compared,20240000,,,1y
93088,"Overweight (including obesity) prevalence in adults, (using adjusted self-reported height and weight)",,,E92000001,England,England,Persons,75-84 yrs,,,2024/25,71.3048,70.60768,71.99029,70.229,72.37483,,16637.0,,Cannot be calculated,Not compared,Not compared,20240000,,,1y
93088,"Overweight (including obesity) prevalence in adults, (using adjusted self-reported height and weight)",,,E92000001,England,England,Persons,18+ yrs,,,2024/25,64.64231,64.3908,64.88614,64.24388,64.99652,,144957.0,,Cannot be calculated,Not compared,Not compared,20240000,,,1y
93088,"Overweight (including obesity) prevalence in adults, (using adjusted self-reported height and weight)",,,E92000001,England,England,Persons,18+ yrs,Working status,Inactive,2024/25,67.76348,67.36114,68.16965,67.11456,68.36462,,52318.0,,Cannot be calculated,Worse,Not compared,20240000,,,1y
93088,"Overweight (including obesity) prevalence in adults, (using adjusted self-reported height and weight)",,,E92000001,England,England,Persons,18+ yrs,Working status,Unemployed,2024/25,65.08559,63.65389,66.54616,62.81032,67.36563,,4149.0,,Cannot be calculated,Similar,Not compared,20240000,,,1y
93088,"Overweight (including obesity) prevalence in adults, (using adjusted self-reported height and weight)",,,E92000001,England,England,Persons,18+ yrs,Working status,Working,2024/25,65.43006,65.10158,65.76359,64.91515,65.97258,,79912.0,,Cannot be calculated,Worse,Not compared,20240000,,,1y
93088,"Overweight (including obesity) prevalence in adults, (using adjusted self-reported height and weight)",,,E92000001,England,England,Persons,18+ yrs,Disability,Disabled,2024/25,73.20863,72.71954,73.71555,72.43363,74.00828,,29721.0,,Cannot be calculated,Worse,Not compared,20240000,,,1y
93088,"Overweight (including obesity) prevalence in adults, (using adjusted self-reported height and weight)",,,E92000001,England,England,Persons,18+ yrs,Disability,Not disabled,2024/25,62.29711,62.01293,62.58828,61.87477,62.74918,,110019.0,,Cannot be calculated,Better,Not compared,20240000,,,1y
93088,"Overweight (including obesity) prevalence in adults, (using adjusted self-reported height and weight)",,,E92000001,England,England,Persons,18+ yrs,Ethnic groups,White British,2024/25,65.89281,65.62551,66.16522,65.48073,66.30743,,116729.0,,Cannot be calculated,Worse,Not compared,20240000,,,1y
93088,"Overweight (including obesity) prevalence in adults, (using adjusted self-reported height and weight)",,,E92000001,England,England,Persons,18+ yrs,Ethnic groups,White Other,2024/25,59.65445,58.61328,60.64925,58.03642,61.23745,,8841.0,,Cannot be calculated,Better,Not compared,20240000,,,1y
93088,"Overweight (including obesity) prevalence in adults, (using adjusted self-reported height and weight)",,,E92000001,England,England,Persons,18+ yrs,Ethnic groups,Asian,2024/25,59.40308,58.34705,60.45145,57.77097,61.0863,,8506.0,,Cannot be calculated,Better,Not compared,20240000,,,1y
93088,"Overweight (including obesity) prevalence in adults, (using adjusted self-reported height and weight)",,,E92000001,England,England,Persons,18+ yrs,Ethnic groups,Black,2024/25,75.25615,73.68952,76.81452,72.9166,77.62097,,2976.0,,Cannot be calculated,Worse,Not compared,20240000,,,1y
93088,"Overweight (including obesity) prevalence in adults, (using adjusted self-reported height and weight)",,,E92000001,England,England,Persons,18+ yrs,Ethnic groups,Chinese,2024/25,38.88608,36.41268,41.40256,34.9292,42.75131,,1483.0,,Cannot be calculated,Better,Not compared,20240000,,,1y
93088,"Overweight (including obesity) prevalence in adults, (using adjusted self-reported height and weight)",,,E92000001,England,England,Persons,18+ yrs,Ethnic groups,Mixed,2024/25,60.90096,58.94343,62.81198,57.73706,64.10158,,2404.0,,Cannot be calculated,Better,Not compared,20240000,,,1y
93088,"Overweight (including obesity) prevalence in adults, (using adjusted self-reported height and weight)",,,E92000001,England,England,Persons,18+ yrs,Ethnic groups,Other,2024/25,62.32932,59.5935,65.04065,58.13,66.58537,,1230.0,,Cannot be calculated,Similar,Not compared,20240000,,,1y
93088,"Overweight (including obesity) prevalence in adults, (using adjusted self-reported height and weight)",,,E92000001,England,England,Persons,18+ yrs,LSOA11 deprivation deciles within area (IMD  trend),Most deprived decile,2024/25,71.02874,70.10847,71.95453,69.55568,72.47602,,9588.0,,Cannot be calculated,Worse,Not compared,20240000,,,1y
93088,"Overweight (including obesity) prevalence in adults, (using adjusted self-reported height and weight)",,,E92000001,England,England,Persons,18+ yrs,LSOA11 deprivation deciles within area (IMD  trend),Second most deprived decile,2024/25,69.55067,68.6734,70.37671,68.18671,70.9445,,11096.0,,Cannot be calculated,Worse,Not compared,20240000,,,1y
93088,"Overweight (including obesity) prevalence in adults, (using adjusted self-reported height and weight)",,,E92000001,England,England,Persons,18+ yrs,LSOA11 deprivation deciles within area (IMD  trend),Third more deprived decile,2024/25,66.96291,66.1565,67.76548,65.70911,68.19717,,12741.0,,Cannot be calculated,Worse,Not compared,20240000,,,1y
93088,"Overweight (including obesity) prevalence in adults, (using adjusted self-reported height and weight)",,,E92000001,England,England,Persons,18+ yrs,LSOA11 deprivation deciles within area (IMD  trend),Fourth more deprived decile,2024/25,66.53771,65.77163,67.29913,65.31269,67.77863,,14599.0,,Cannot be calculated,Worse,Not compared,20240000,,,1y
93088,"Overweight (including obesity) prevalence in adults, (using adjusted self-reported height and weight)",,,E92000001,England,England,Persons,18+ yrs,LSOA11 deprivation deciles within area (IMD  trend),Fifth more deprived decile,2024/25,65.16487,64.40706,65.92308,63.99682,66.37322,,15107.0,,Cannot be calculated,Similar,Not compared,20240000,,,1y
93088,"Overweight (including obesity) prevalence in adults, (using adjusted self-reported height and weight)",,,E92000001,England,England,Persons,18+ yrs,LSOA11 deprivation deciles within area (IMD  trend),Fifth less deprived decile,2024/25,63.14735,62.37449,63.8838,62.02716,64.41427,,15835.0,,Cannot be calculated,Better,Not compared,20240000,,,1y
93088,"Overweight (including obesity) prevalence in adults, (using adjusted self-reported height and weight)",,,E92000001,England,England,Persons,18+ yrs,LSOA11 deprivation deciles within area (IMD  trend),Fourth less deprived decile,2024/25,63.22434,62.49831,63.95734,62.09389,64.3865,,16314.0,,Cannot be calculated,Better,Not compared,20240000,,,1y
93088,"Overweight (including obesity) prevalence in adults, (using adjusted self-reported height and weight)",,,E92000001,England,England,Persons,18+ yrs,LSOA11 deprivation deciles within area (IMD  trend),Third less deprived decile,2024/25,63.10617,62.37055,63.83218,61.89123,64.25825,,16899.0,,Cannot be calculated,Better,Not compared,20240000,,,1y
93088,"Overweight (including obesity) prevalence in adults, (using adjusted self-reported height and weight)",,,E92000001,England,England,Persons,18+ yrs,LSOA11 deprivation deciles within area (IMD  trend),Second least deprived decile,2024/25,61.96007,61.21836,62.71373,60.74031,63.16115,,16317.0,,Cannot be calculated,Better,Not compared,20240000,,,1y
93088,"Overweight (including obesity) prevalence in adults, (using adjusted self-reported height and weight)",,,E92000001,England,England,Persons,18+ yrs,LSOA11 deprivation deciles within area (IMD  trend),Least deprived decile,2024/25,60.56532,59.83218,61.2964,59.40708,61.69735,,16461.0,,Cannot be calculated,Better,Not compared,20240000,,,1y
93088,"Overweight (including obesity) prevalence in adults, (using adjusted self-reported height and weight)",,,E92000001,England,England,Persons,18+ yrs,Level of education,No qualification,2024/25,73.48634,72.5778,74.39859,72.13637,74.92827,,9062.0,,Cannot be calculated,Worse,Not compared,20240000,,,1y
93088,"Overweight (including obesity) prevalence in adults, (using adjusted self-reported height and weight)",,,E92000001,England,England,Persons,18+ yrs,Level of education,Another type of qualification,2024/25,68.20531,66.99533,69.41706,66.30334,70.17822,,5781.0,,Cannot be calculated,Worse,Not compared,20240000,,,1y
93088,"Overweight (including obesity) prevalence in adults, (using adjusted self-reported height and weight)",,,E92000001,England,England,Persons,18+ yrs,Level of education,Level 1 and below,2024/25,71.10536,69.39324,72.84946,68.31797,73.69435,,2604.0,,Cannot be calculated,Worse,Not compared,20240000,,,1y
93088,"Overweight (including obesity) prevalence in adults, (using adjusted self-reported height and weight)",,,E92000001,England,England,Persons,18+ yrs,Level of education,Level 2 and equivalent,2024/25,68.86142,68.25846,69.45982,67.9238,69.78591,,23307.0,,Cannot be calculated,Worse,Not compared,20240000,,,1y
93088,"Overweight (including obesity) prevalence in adults, (using adjusted self-reported height and weight)",,,E92000001,England,England,Persons,18+ yrs,Level of education,Level 3 and equivalent,2024/25,68.96123,68.3383,69.56178,68.01731,69.85021,,21496.0,,Cannot be calculated,Worse,Not compared,20240000,,,1y
93088,"Overweight (including obesity) prevalence in adults, (using adjusted self-reported height and weight)",,,E92000001,England,England,Persons,18+ yrs,Level of education,Level 4 and above,2024/25,60.99123,60.6558,61.334,60.48158,61.54306,,80360.0,,Cannot be calculated,Better,Not compared,20240000,,,1y
93088,"Overweight (including obesity) prevalence in adults, (using adjusted self-reported height and weight)",,,E92000001,England,England,Persons,18+ yrs,Socioeconomic class,"Managerial, administrative and professional occupations",2024/25,55.8111,55.46319,56.16546,55.26101,56.3397,,75185.0,People aged 75 and over are excluded from NS-SeC (National Statistics Socio-economic Classification) economic activity questions in the Active Lives Adult Survey,Cannot be calculated,Better,Not compared,20240000,,,1y
93088,"Overweight (including obesity) prevalence in adults, (using adjusted self-reported height and weight)",,,E92000001,England,England,Persons,18+ yrs,Socioeconomic class,Intermediate occupations,2024/25,57.2351,56.39379,58.1091,55.85725,58.67816,,12301.0,People aged 75 and over are excluded from NS-SeC (National Statistics Socio-economic Classification) economic activity questions in the Active Lives Adult Survey,Cannot be calculated,Better,Not compared,20240000,,,1y
93088,"Overweight (including obesity) prevalence in adults, (using adjusted self-reported height and weight)",,,E92000001,England,England,Persons,18+ yrs,Socioeconomic class,Self-employed and small employers,2024/25,58.1452,57.10155,59.19769,56.46305,59.78799,,8301.0,People aged 75 and over are excluded from NS-SeC (National Statistics Socio-economic Classification) economic activity questions in the Active Lives Adult Survey,Cannot be calculated,Better,Not compared,20240000,,,1y
93088,"Overweight (including obesity) prevalence in adults, (using adjusted self-reported height and weight)",,,E92000001,England,England,Persons,18+ yrs,Socioeconomic class,Lower supervisory and technical occupations,2024/25,63.5282,62.54783,64.52847,61.96263,65.13619,,8886.0,People aged 75 and over are excluded from NS-SeC (National Statistics Socio-economic Classification) economic activity questions in the Active Lives Adult Survey,Cannot be calculated,Better,Not compared,20240000,,,1y
93088,"Overweight (including obesity) prevalence in adults, (using adjusted self-reported height and weight)",,,E92000001,England,England,Persons,18+ yrs,Socioeconomic class,Semi-routine and routine occupations,2024/25,61.10907,60.22058,61.98855,59.66492,62.55266,,11878.0,People aged 75 and over are excluded from NS-SeC (National Statistics Socio-economic Classification) economic activity questions in the Active Lives Adult Survey,Cannot be calculated,Better,Not compared,20240000,,,1y
93088,"Overweight (including obesity) prevalence in adults, (using adjusted self-reported height and weight)",,,E92000001,England,England,Persons,18+ yrs,Socioeconomic class,Long term unemployed or never worked,2024/25,61.7076,59.90011,63.50339,58.8655,64.53803,,2803.0,People aged 75 and over are excluded from NS-SeC (National Statistics Socio-economic Classification) economic activity questions in the Active Lives Adult Survey,Cannot be calculated,Better,Not compared,20240000,,,1y
93088,"Overweight (including obesity) prevalence in adults, (using adjusted self-reported height and weight)",,,E92000001,England,England,Persons,18+ yrs,Socioeconomic class,Students,2024/25,49.9094,48.06345,51.75212,47.03058,52.85883,,2711.0,People aged 75 and over are excluded from NS-SeC (National Statistics Socio-economic Classification) economic activity questions in the Active Lives Adult Survey,Cannot be calculated,Better,Not compared,20240000,,,1y
93088,"Overweight (including obesity) prevalence in adults, (using adjusted self-reported height and weight)",,,E92000001,England,England,Persons,18+ yrs,Socioeconomic class,Other/unclassified,2024/25,56.86993,55.12164,58.61076,54.12929,59.57106,,3124.0,People aged 75 and over are excluded from NS-SeC (National Statistics Socio-economic Classification) economic activity questions in the Active Lives Adult Survey,Cannot be calculated,Better,Not compared,20240000,,,1y
93088,"Overweight (including obesity) prevalence in adults, (using adjusted self-reported height and weight)",,,E92000001,England,England,Persons,18-24 yrs,,,2024/25,38.58287,37.38882,39.82212,36.70079,40.52693,,5959.0,,Cannot be calculated,Not compared,Not compared,20240000,,,1y
93088,"Overweight (including obesity) prevalence in adults, (using adjusted self-reported height and weight)",E92000001,England,E92000001,England,England,Male,18+ yrs,,,2024/25,69.87269,69.52264,70.21713,69.33121,70.42486,,67391.0,,Cannot be calculated,Similar,Not compared,20240000,,,1y
93088,"Overweight (including obesity) prevalence in adults, (using adjusted self-reported height and weight)",E92000001,England,E92000001,England,England,Female,18+ yrs,,,2024/25,59.4141,59.06841,59.75943,58.87373,59.95926,,77566.0,,Cannot be calculated,Similar,Not compared,20240000,,,1y
93088,"Overweight (including obesity) prevalence in adults, (using adjusted self-reported height and weight)",E92000001,England,E92000001,England,England,Persons,85+ yrs,,,2024/25,64.98953,63.30246,66.65602,62.3442,67.48646,,3131.0,,Cannot be calculated,Similar,Not compared,20240000,,,1y
93088,"Overweight (including obesity) prevalence in adults, (using adjusted self-reported height and weight)",E92000001,England,E92000001,England,England,Persons,25-34 yrs,,,2024/25,57.4595,56.71677,58.20218,56.20394,58.55586,,16965.0,,Cannot be calculated,Similar,Not compared,20240000,,,1y
93088,"Overweight (including obesity) prevalence in adults, (using adjusted self-reported height and weight)",E92000001,England,E92000001,England,England,Persons,35-44 yrs,,,2024/25,65.25347,64.63117,65.86964,64.24245,66.20867,,22124.0,,Cannot be calculated,Similar,Not compared,20240000,,,1y
93088,"Overweight (including obesity) prevalence in adults, (using adjusted self-reported height and weight)",E92000001,England,E92000001,England,England,Persons,45-54 yrs,,,2024/25,69.44847,68.84093,70.05846,68.47171,70.44086,,22751.0,,Cannot be calculated,Similar,Not compared,20240000,,,1y
93088,"Overweight (including obesity) prevalence in adults, (using adjusted self-reported height and weight)",E92000001,England,E92000001,England,England,Persons,55-64 yrs,,,2024/25,73.67867,73.16896,74.1921,72.87522,74.48246,,28933.0,,Cannot be calculated,Similar,Not compared,20240000,,,1y
93088,"Overweight (including obesity) prevalence in adults, (using adjusted self-reported height and weight)",E92000001,England,E92000001,England,England,Persons,65-74 yrs,,,2024/25,72.09319,71.57114,72.60779,71.2619,72.92757,,28457.0,,Cannot be calculated,Similar,Not compared,20240000,,,1y
93088,"Overweight (including obesity) prevalence in adults, (using adjusted self-reported height and weight)",E92000001,England,E92000001,England,England,Persons,75-84 yrs,,,2024/25,71.3048,70.60768,71.99029,70.229,72.37483,,16637.0,,Cannot be calculated,Similar,Not compared,20240000,,,1y
93088,"Overweight (including obesity) prevalence in adults, (using adjusted self-reported height and weight)",E92000001,England,E92000001,England,England,Persons,18+ yrs,,,2024/25,64.64231,64.3908,64.88614,64.24388,64.99652,,144957.0,,Cannot be calculated,Similar,Not compared,20240000,,,1y
93088,"Overweight (including obesity) prevalence in adults, (using adjusted self-reported height and weight)",E92000001,England,E92000001,England,England,Persons,18+ yrs,Working status,Inactive,2024/25,67.76348,67.36114,68.16965,67.11456,68.36462,,52318.0,,Cannot be calculated,Worse,Not compared,20240000,,,1y
93088,"Overweight (including obesity) prevalence in adults, (using adjusted self-reported height and weight)",E92000001,England,E92000001,England,England,Persons,18+ yrs,Working status,Unemployed,2024/25,65.08559,63.65389,66.54616,62.81032,67.36563,,4149.0,,Cannot be calculated,Similar,Not compared,20240000,,,1y
93088,"Overweight (including obesity) prevalence in adults, (using adjusted self-reported height and weight)",E92000001,England,E92000001,England,England,Persons,18+ yrs,Working status,Working,2024/25,65.43006,65.10158,65.76359,64.91515,65.97258,,79912.0,,Cannot be calculated,Worse,Not compared,20240000,,,1y
93088,"Overweight (including obesity) prevalence in adults, (using adjusted self-reported height and weight)",E92000001,England,E92000001,England,England,Persons,18+ yrs,Disability,Disabled,2024/25,73.20863,72.71954,73.71555,72.43363,74.00828,,29721.0,,Cannot be calculated,Worse,Not compared,20240000,,,1y
93088,"Overweight (including obesity) prevalence in adults, (using adjusted self-reported height and weight)",E92000001,England,E92000001,England,England,Persons,18+ yrs,Disability,Not disabled,2024/25,62.29711,62.01293,62.58828,61.87477,62.74918,,110019.0,,Cannot be calculated,Better,Not compared,20240000,,,1y
93088,"Overweight (including obesity) prevalence in adults, (using adjusted self-reported height and weight)",E92000001,England,E92000001,England,England,Persons,18+ yrs,Ethnic groups,White British,2024/25,65.89281,65.62551,66.16522,65.48073,66.30743,,116729.0,,Cannot be calculated,Worse,Not compared,20240000,,,1y
93088,"Overweight (including obesity) prevalence in adults, (using adjusted self-reported height and weight)",E92000001,England,E92000001,England,England,Persons,18+ yrs,Ethnic groups,White Other,2024/25,59.65445,58.61328,60.64925,58.03642,61.23745,,8841.0,,Cannot be calculated,Better,Not compared,20240000,,,1y
93088,"Overweight (including obesity) prevalence in adults, (using adjusted self-reported height and weight)",E92000001,England,E92000001,England,England,Persons,18+ yrs,Ethnic groups,Asian,2024/25,59.40308,58.34705,60.45145,57.77097,61.0863,,8506.0,,Cannot be calculated,Better,Not compared,20240000,,,1y
93088,"Overweight (including obesity) prevalence in adults, (using adjusted self-reported height and weight)",E92000001,England,E92000001,England,England,Persons,18+ yrs,Ethnic groups,Black,2024/25,75.25615,73.68952,76.81452,72.9166,77.62097,,2976.0,,Cannot be calculated,Worse,Not compared,20240000,,,1y
93088,"Overweight (including obesity) prevalence in adults, (using adjusted self-reported height and weight)",E92000001,England,E92000001,England,England,Persons,18+ yrs,Ethnic groups,Chinese,2024/25,38.88608,36.41268,41.40256,34.9292,42.75131,,1483.0,,Cannot be calculated,Better,Not compared,20240000,,,1y
93088,"Overweight (including obesity) prevalence in adults, (using adjusted self-reported height and weight)",E92000001,England,E92000001,England,England,Persons,18+ yrs,Ethnic groups,Mixed,2024/25,60.90096,58.94343,62.81198,57.73706,64.10158,,2404.0,,Cannot be calculated,Better,Not compared,20240000,,,1y
93088,"Overweight (including obesity) prevalence in adults, (using adjusted self-reported height and weight)",E92000001,England,E92000001,England,England,Persons,18+ yrs,Ethnic groups,Other,2024/25,62.32932,59.5935,65.04065,58.13,66.58537,,1230.0,,Cannot be calculated,Similar,Not compared,20240000,,,1y
93088,"Overweight (including obesity) prevalence in adults, (using adjusted self-reported height and weight)",E92000001,England,E92000001,England,England,Persons,18+ yrs,LSOA11 deprivation deciles within area (IMD  trend),Most deprived decile,2024/25,71.02874,70.10847,71.95453,69.55568,72.47602,,9588.0,,Cannot be calculated,Worse,Not compared,20240000,,,1y
93088,"Overweight (including obesity) prevalence in adults, (using adjusted self-reported height and weight)",E92000001,England,E92000001,England,England,Persons,18+ yrs,LSOA11 deprivation deciles within area (IMD  trend),Second most deprived decile,2024/25,69.55067,68.6734,70.37671,68.18671,70.9445,,11096.0,,Cannot be calculated,Worse,Not compared,20240000,,,1y
93088,"Overweight (including obesity) prevalence in adults, (using adjusted self-reported height and weight)",E92000001,England,E92000001,England,England,Persons,18+ yrs,LSOA11 deprivation deciles within area (IMD  trend),Third more deprived decile,2024/25,66.96291,66.1565,67.76548,65.70911,68.19717,,12741.0,,Cannot be calculated,Worse,Not compared,20240000,,,1y
93088,"Overweight (including obesity) prevalence in adults, (using adjusted self-reported height and weight)",E92000001,England,E92000001,England,England,Persons,18+ yrs,LSOA11 deprivation deciles within area (IMD  trend),Fourth more deprived decile,2024/25,66.53771,65.77163,67.29913,65.31269,67.77863,,14599.0,,Cannot be calculated,Worse,Not compared,20240000,,,1y
93088,"Overweight (including obesity) prevalence in adults, (using adjusted self-reported height and weight)",E92000001,England,E92000001,England,England,Persons,18+ yrs,LSOA11 deprivation deciles within area (IMD  trend),Fifth more deprived decile,2024/25,65.16487,64.40706,65.92308,63.99682,66.37322,,15107.0,,Cannot be calculated,Similar,Not compared,20240000,,,1y
93088,"Overweight (including obesity) prevalence in adults, (using adjusted self-reported height and weight)",E92000001,England,E92000001,England,England,Persons,18+ yrs,LSOA11 deprivation deciles within area (IMD  trend),Fifth less deprived decile,2024/25,63.14735,62.37449,63.8838,62.02716,64.41427,,15835.0,,Cannot be calculated,Better,Not compared,20240000,,,1y
93088,"Overweight (including obesity) prevalence in adults, (using adjusted self-reported height and weight)",E92000001,England,E92000001,England,England,Persons,18+ yrs,LSOA11 deprivation deciles within area (IMD  trend),Fourth less deprived decile,2024/25,63.22434,62.49831,63.95734,62.09389,64.3865,,16314.0,,Cannot be calculated,Better,Not compared,20240000,,,1y
93088,"Overweight (including obesity) prevalence in adults, (using adjusted self-reported height and weight)",E92000001,England,E92000001,England,England,Persons,18+ yrs,LSOA11 deprivation deciles within area (IMD  trend),Third less deprived decile,2024/25,63.10617,62.37055,63.83218,61.89123,64.25825,,16899.0,,Cannot be calculated,Better,Not compared,20240000,,,1y
93088,"Overweight (including obesity) prevalence in adults, (using adjusted self-reported height and weight)",E92000001,England,E92000001,England,England,Persons,18+ yrs,LSOA11 deprivation deciles within area (IMD  trend),Second least deprived decile,2024/25,61.96007,61.21836,62.71373,60.74031,63.16115,,16317.0,,Cannot be calculated,Better,Not compared,20240000,,,1y
93088,"Overweight (including obesity) prevalence in adults, (using adjusted self-reported height and weight)",E92000001,England,E92000001,England,England,Persons,18+ yrs,LSOA11 deprivation deciles within area (IMD  trend),Least deprived decile,2024/25,60.56532,59.83218,61.2964,59.40708,61.69735,,16461.0,,Cannot be calculated,Better,Not compared,20240000,,,1y
93088,"Overweight (including obesity) prevalence in adults, (using adjusted self-reported height and weight)",E92000001,England,E92000001,England,England,Persons,18+ yrs,Level of education,No qualification,2024/25,73.48634,72.5778,74.39859,72.13637,74.92827,,9062.0,,Cannot be calculated,Worse,Not compared,20240000,,,1y
93088,"Overweight (including obesity) prevalence in adults, (using adjusted self-reported height and weight)",E92000001,England,E92000001,England,England,Persons,18+ yrs,Level of education,Another type of qualification,2024/25,68.20531,66.99533,69.41706,66.30334,70.17822,,5781.0,,Cannot be calculated,Worse,Not compared,20240000,,,1y
93088,"Overweight (including obesity) prevalence in adults, (using adjusted self-reported height and weight)",E92000001,England,E92000001,England,England,Persons,18+ yrs,Level of education,Level 1 and below,2024/25,71.10536,69.39324,72.84946,68.31797,73.69435,,2604.0,,Cannot be calculated,Worse,Not compared,20240000,,,1y
93088,"Overweight (including obesity) prevalence in adults, (using adjusted self-reported height and weight)",E92000001,England,E92000001,England,England,Persons,18+ yrs,Level of education,Level 2 and equivalent,2024/25,68.86142,68.25846,69.45982,67.9238,69.78591,,23307.0,,Cannot be calculated,Worse,Not compared,20240000,,,1y
93088,"Overweight (including obesity) prevalence in adults, (using adjusted self-reported height and weight)",E92000001,England,E92000001,England,England,Persons,18+ yrs,Level of education,Level 3 and equivalent,2024/25,68.96123,68.3383,69.56178,68.01731,69.85021,,21496.0,,Cannot be calculated,Worse,Not compared,20240000,,,1y
93088,"Overweight (including obesity) prevalence in adults, (using adjusted self-reported height and weight)",E92000001,England,E92000001,England,England,Persons,18+ yrs,Level of education,Level 4 and above,2024/25,60.99123,60.6558,61.334,60.48158,61.54306,,80360.0,,Cannot be calculated,Better,Not compared,20240000,,,1y
93088,"Overweight (including obesity) prevalence in adults, (using adjusted self-reported height and weight)",E92000001,England,E92000001,England,England,Persons,18+ yrs,Socioeconomic class,"Managerial, administrative and professional occupations",2024/25,55.8111,55.46319,56.16546,55.26101,56.3397,,75185.0,People aged 75 and over are excluded from NS-SeC (National Statistics Socio-economic Classification) economic activity questions in the Active Lives Adult Survey,Cannot be calculated,Better,Not compared,20240000,,,1y
93088,"Overweight (including obesity) prevalence in adults, (using adjusted self-reported height and weight)",E92000001,England,E92000001,England,England,Persons,18+ yrs,Socioeconomic class,Intermediate occupations,2024/25,57.2351,56.39379,58.1091,55.85725,58.67816,,12301.0,People aged 75 and over are excluded from NS-SeC (National Statistics Socio-economic Classification) economic activity questions in the Active Lives Adult Survey,Cannot be calculated,Better,Not compared,20240000,,,1y
93088,"Overweight (including obesity) prevalence in adults, (using adjusted self-reported height and weight)",E92000001,England,E92000001,England,England,Persons,18+ yrs,Socioeconomic class,Self-employed and small employers,2024/25,58.1452,57.10155,59.19769,56.46305,59.78799,,8301.0,People aged 75 and over are excluded from NS-SeC (National Statistics Socio-economic Classification) economic activity questions in the Active Lives Adult Survey,Cannot be calculated,Better,Not compared,20240000,,,1y
93088,"Overweight (including obesity) prevalence in adults, (using adjusted self-reported height and weight)",E92000001,England,E92000001,England,England,Persons,18+ yrs,Socioeconomic class,Lower supervisory and technical occupations,2024/25,63.5282,62.54783,64.52847,61.96263,65.13619,,8886.0,People aged 75 and over are excluded from NS-SeC (National Statistics Socio-economic Classification) economic activity questions in the Active Lives Adult Survey,Cannot be calculated,Better,Not compared,20240000,,,1y
93088,"Overweight (including obesity) prevalence in adults, (using adjusted self-reported height and weight)",E92000001,England,E92000001,England,England,Persons,18+ yrs,Socioeconomic class,Semi-routine and routine occupations,2024/25,61.10907,60.22058,61.98855,59.66492,62.55266,,11878.0,People aged 75 and over are excluded from NS-SeC (National Statistics Socio-economic Classification) economic activity questions in the Active Lives Adult Survey,Cannot be calculated,Better,Not compared,20240000,,,1y
93088,"Overweight (including obesity) prevalence in adults, (using adjusted self-reported height and weight)",E92000001,England,E92000001,England,England,Persons,18+ yrs,Socioeconomic class,Long term unemployed or never worked,2024/25,61.7076,59.90011,63.50339,58.8655,64.53803,,2803.0,People aged 75 and over are excluded from NS-SeC (National Statistics Socio-economic Classification) economic activity questions in the Active Lives Adult Survey,Cannot be calculated,Better,Not compared,20240000,,,1y
93088,"Overweight (including obesity) prevalence in adults, (using adjusted self-reported height and weight)",E92000001,England,E92000001,England,England,Persons,18+ yrs,Socioeconomic class,Students,2024/25,49.9094,48.06345,51.75212,47.03058,52.85883,,2711.0,People aged 75 and over are excluded from NS-SeC (National Statistics Socio-economic Classification) economic activity questions in the Active Lives Adult Survey,Cannot be calculated,Better,Not compared,20240000,,,1y
93088,"Overweight (including obesity) prevalence in adults, (using adjusted self-reported height and weight)",E92000001,England,E92000001,England,England,Persons,18+ yrs,Socioeconomic class,Other/unclassified,2024/25,56.86993,55.12164,58.61076,54.12929,59.57106,,3124.0,People aged 75 and over are excluded from NS-SeC (National Statistics Socio-economic Classification) economic activity questions in the Active Lives Adult Survey,Cannot be calculated,Better,Not compared,20240000,,,1y
93088,"Overweight (including obesity) prevalence in adults, (using adjusted self-reported height and weight)",E92000001,England,E92000001,England,England,Persons,18-24 yrs,,,2024/25,38.58287,37.38882,39.82212,36.70079,40.52693,,5959.0,,Cannot be calculated,Similar,Not compared,20240000,,,1y
93088,"Overweight (including obesity) prevalence in adults, (using adjusted self-reported height and weight)",E92000001,England,E06000001,Hartlepool,Counties & UAs (from Apr 2023),Persons,18+ yrs,,,2024/25,72.76879,69.61326,75.96685,67.40331,77.76243,,724.0,,Cannot be calculated,Worse,Not compared,20240000,,,1y
93088,"Overweight (including obesity) prevalence in adults, (using adjusted self-reported height and weight)",E92000001,England,E06000002,Middlesbrough,Counties & UAs (from Apr 2023),Persons,18+ yrs,,,2024/25,69.69946,66.14731,73.08782,64.30595,74.50425,,706.0,,Cannot be calculated,Worse,Not compared,20240000,,,1y
93088,"Overweight (including obesity) prevalence in adults, (using adjusted self-reported height and weight)",E92000001,England,E06000003,Redcar and Cleveland,Counties & UAs (from Apr 2023),Persons,18+ yrs,,,2024/25,67.42723,63.91185,70.7989,62.12121,72.86501,,726.0,,Cannot be calculated,Similar,Not compared,20240000,,,1y
93088,"Overweight (including obesity) prevalence in adults, (using adjusted self-reported height and weight)",E92000001,England,E06000004,Stockton-on-Tees,Counties & UAs (from Apr 2023),Persons,18+ yrs,,,2024/25,73.5222,69.65265,77.14808,67.64168,79.34186,,547.0,,Cannot be calculated,Worse,Not compared,20240000,,,1y
93088,"Overweight (including obesity) prevalence in adults, (using adjusted self-reported height and weight)",E92000001,England,E06000005,Darlington,Counties & UAs (from Apr 2023),Persons,18+ yrs,,,2024/25,66.98695,61.73633,72.02572,58.84212,74.91961,,311.0,,Cannot be calculated,Similar,Not compared,20240000,,,1y
93088,"Overweight (including obesity) prevalence in adults, (using adjusted self-reported height and weight)",E92000001,England,E06000006,Halton,Counties & UAs (from Apr 2023),Persons,18+ yrs,,,2024/25,73.08311,69.97283,76.22283,68.07065,77.85326,,736.0,,Cannot be calculated,Worse,Not compared,20240000,,,1y
93088,"Overweight (including obesity) prevalence in adults, (using adjusted self-reported height and weight)",E92000001,England,E06000007,Warrington,Counties & UAs (from Apr 2023),Persons,18+ yrs,,,2024/25,61.38666,56.25,66.47727,53.12472,69.03409,,352.0,,Cannot be calculated,Similar,Not compared,20240000,,,1y
93088,"Overweight (including obesity) prevalence in adults, (using adjusted self-reported height and weight)",E92000001,England,E06000008,Blackburn with Darwen,Counties & UAs (from Apr 2023),Persons,18+ yrs,,,2024/25,67.04183,63.31811,70.62405,61.49163,72.29848,,657.0,,Cannot be calculated,Similar,Not compared,20240000,,,1y
93088,"Overweight (including obesity) prevalence in adults, (using adjusted self-reported height and weight)",E92000001,England,E06000009,Blackpool,Counties & UAs (from Apr 2023),Persons,18+ yrs,,,2024/25,67.80599,64.37768,71.10157,62.23162,73.10472,,699.0,,Cannot be calculated,Similar,Not compared,20240000,,,1y
93088,"Overweight (including obesity) prevalence in adults, (using adjusted self-reported height and weight)",E92000001,England,E06000010,Kingston upon Hull,Counties & UAs (from Apr 2023),Persons,18+ yrs,,,2024/25,69.60688,66.12426,73.07692,64.34896,75.14793,,676.0,,Cannot be calculated,Worse,Not compared,20240000,,,1y
93088,"Overweight (including obesity) prevalence in adults, (using adjusted self-reported height and weight)",E92000001,England,E06000011,East Riding of Yorkshire,Counties & UAs (from Apr 2023),Persons,18+ yrs,,,2024/25,68.26967,64.86486,71.62162,63.10797,73.24324,,740.0,,Cannot be calculated,Worse,Not compared,20240000,,,1y
93088,"Overweight (including obesity) prevalence in adults, (using adjusted self-reported height and weight)",E92000001,England,E06000012,North East Lincolnshire,Counties & UAs (from Apr 2023),Persons,18+ yrs,,,2024/25,70.21321,66.94215,73.55372,65.15138,75.61983,,726.0,,Cannot be calculated,Worse,Not compared,20240000,,,1y
93088,"Overweight (including obesity) prevalence in adults, (using adjusted self-reported height and weight)",E92000001,England,E06000013,North Lincolnshire,Counties & UAs (from Apr 2023),Persons,18+ yrs,,,2024/25,74.2103,70.97662,77.44154,69.18831,79.22971,,727.0,,Cannot be calculated,Worse,Not compared,20240000,,,1y
93088,"Overweight (including obesity) prevalence in adults, (using adjusted self-reported height and weight)",E92000001,England,E06000014,York,Counties & UAs (from Apr 2023),Persons,18+ yrs,,,2024/25,60.69212,55.52408,65.72238,52.69093,68.55552,,353.0,,Cannot be calculated,Similar,Not compared,20240000,,,1y
93088,"Overweight (including obesity) prevalence in adults, (using adjusted self-reported height and weight)",E92000001,England,E06000015,Derby,Counties & UAs (from Apr 2023),Persons,18+ yrs,,,2024/25,70.93728,67.53623,74.34783,65.5071,76.0871,,690.0,,Cannot be calculated,Worse,Not compared,20240000,,,1y
93088,"Overweight (including obesity) prevalence in adults, (using adjusted self-reported height and weight)",E92000001,England,E06000016,Leicester,Counties & UAs (from Apr 2023),Persons,18+ yrs,,,2024/25,61.79344,58.73643,64.75814,57.35439,66.73258,,1013.0,,Cannot be calculated,Similar,Not compared,20240000,,,1y
93088,"Overweight (including obesity) prevalence in adults, (using adjusted self-reported height and weight)",E92000001,England,E06000017,Rutland,Counties & UAs (from Apr 2023),Persons,18+ yrs,,,2024/25,65.0026,60.0,70.0,56.66667,72.72758,,330.0,,Cannot be calculated,Similar,Not compared,20240000,,,1y
93088,"Overweight (including obesity) prevalence in adults, (using adjusted self-reported height and weight)",E92000001,England,E06000018,Nottingham,Counties & UAs (from Apr 2023),Persons,18+ yrs,,,2024/25,71.78063,68.22581,75.32258,65.96774,77.25806,,620.0,,Cannot be calculated,Worse,Not compared,20240000,,,1y
93088,"Overweight (including obesity) prevalence in adults, (using adjusted self-reported height and weight)",E92000001,England,E06000019,Herefordshire,Counties & UAs (from Apr 2023),Persons,18+ yrs,,,2024/25,64.60806,59.51662,69.78852,56.49517,72.80967,,331.0,,Cannot be calculated,Similar,Not compared,20240000,,,1y
93088,"Overweight (including obesity) prevalence in adults, (using adjusted self-reported height and weight)",E92000001,England,E06000020,Telford and Wrekin,Counties & UAs (from Apr 2023),Persons,18+ yrs,,,2024/25,70.34588,66.99577,73.62482,65.02116,75.59944,,709.0,,Cannot be calculated,Worse,Not compared,20240000,,,1y
93088,"Overweight (including obesity) prevalence in adults, (using adjusted self-reported height and weight)",E92000001,England,E06000021,Stoke-on-Trent,Counties & UAs (from Apr 2023),Persons,18+ yrs,,,2024/25,73.6634,70.38082,76.86883,68.54711,78.7024,,709.0,,Cannot be calculated,Worse,Not compared,20240000,,,1y
93088,"Overweight (including obesity) prevalence in adults, (using adjusted self-reported height and weight)",E92000001,England,E06000022,Bath and North East Somerset,Counties & UAs (from Apr 2023),Persons,18+ yrs,,,2024/25,51.87152,46.31902,57.05521,43.55798,60.12301,,326.0,,Cannot be calculated,Better,Not compared,20240000,,,1y
93088,"Overweight (including obesity) prevalence in adults, (using adjusted self-reported height and weight)",E92000001,England,E06000023,Bristol,Counties & UAs (from Apr 2023),Persons,18+ yrs,,,2024/25,59.43528,56.18497,62.65896,54.45087,64.85561,,865.0,,Cannot be calculated,Better,Not compared,20240000,,,1y
93088,"Overweight (including obesity) prevalence in adults, (using adjusted self-reported height and weight)",E92000001,England,E06000024,North Somerset,Counties & UAs (from Apr 2023),Persons,18+ yrs,,,2024/25,57.21518,51.80723,62.3494,48.79518,65.36145,,332.0,,Cannot be calculated,Better,Not compared,20240000,,,1y
93088,"Overweight (including obesity) prevalence in adults, (using adjusted self-reported height and weight)",E92000001,England,E06000025,South Gloucestershire,Counties & UAs (from Apr 2023),Persons,18+ yrs,,,2024/25,67.21369,63.47687,70.8134,61.24402,72.88692,,627.0,,Cannot be calculated,Similar,Not compared,20240000,,,1y
93088,"Overweight (including obesity) prevalence in adults, (using adjusted self-reported height and weight)",E92000001,England,E06000026,Plymouth,Counties & UAs (from Apr 2023),Persons,18+ yrs,,,2024/25,70.33363,66.54545,74.18182,64.36345,76.36364,,550.0,,Cannot be calculated,Worse,Not compared,20240000,,,1y
93088,"Overweight (including obesity) prevalence in adults, (using adjusted self-reported height and weight)",E92000001,England,E06000027,Torbay,Counties & UAs (from Apr 2023),Persons,18+ yrs,,,2024/25,67.52155,62.5,72.44318,59.65881,75.28409,,352.0,,Cannot be calculated,Similar,Not compared,20240000,,,1y
93088,"Overweight (including obesity) prevalence in adults, (using adjusted self-reported height and weight)",E92000001,England,E06000030,Swindon,Counties & UAs (from Apr 2023),Persons,18+ yrs,,,2024/25,67.95853,64.15094,71.69811,61.9211,74.09966,,583.0,,Cannot be calculated,Similar,Not compared,20240000,,,1y
93088,"Overweight (including obesity) prevalence in adults, (using adjusted self-reported height and weight)",E92000001,England,E06000031,Peterborough,Counties & UAs (from Apr 2023),Persons,18+ yrs,,,2024/25,73.86026,70.60519,77.08934,68.58775,79.10663,,694.0,,Cannot be calculated,Worse,Not compared,20240000,,,1y
93088,"Overweight (including obesity) prevalence in adults, (using adjusted self-reported height and weight)",E92000001,England,E06000032,Luton,Counties & UAs (from Apr 2023),Persons,18+ yrs,,,2024/25,69.17487,65.61014,72.74168,63.54976,74.64342,,631.0,,Cannot be calculated,Worse,Not compared,20240000,,,1y
93088,"Overweight (including obesity) prevalence in adults, (using adjusted self-reported height and weight)",E92000001,England,E06000033,Southend-on-Sea,Counties & UAs (from Apr 2023),Persons,18+ yrs,,,2024/25,58.22526,52.64901,63.90728,49.00662,66.88742,,302.0,,Cannot be calculated,Better,Not compared,20240000,,,1y
93088,"Overweight (including obesity) prevalence in adults, (using adjusted self-reported height and weight)",E92000001,England,E06000034,Thurrock,Counties & UAs (from Apr 2023),Persons,18+ yrs,,,2024/25,71.31301,67.45098,75.29412,64.90196,77.45098,,510.0,,Cannot be calculated,Worse,Not compared,20240000,,,1y
93088,"Overweight (including obesity) prevalence in adults, (using adjusted self-reported height and weight)",E92000001,England,E06000035,Medway,Counties & UAs (from Apr 2023),Persons,18+ yrs,,,2024/25,67.95788,64.04293,71.73524,61.71735,73.70322,,559.0,,Cannot be calculated,Similar,Not compared,20240000,,,1y
93088,"Overweight (including obesity) prevalence in adults, (using adjusted self-reported height and weight)",E92000001,England,E06000036,Bracknell Forest,Counties & UAs (from Apr 2023),Persons,18+ yrs,,,2024/25,67.29961,62.2093,72.09302,58.72093,75.00029,,344.0,,Cannot be calculated,Similar,Not compared,20240000,,,1y
93088,"Overweight (including obesity) prevalence in adults, (using adjusted self-reported height and weight)",E92000001,England,E06000037,West Berkshire,Counties & UAs (from Apr 2023),Persons,18+ yrs,,,2024/25,58.65842,53.35277,63.8484,50.43732,66.76385,,343.0,,Cannot be calculated,Better,Not compared,20240000,,,1y
93088,"Overweight (including obesity) prevalence in adults, (using adjusted self-reported height and weight)",E92000001,England,E06000038,Reading,Counties & UAs (from Apr 2023),Persons,18+ yrs,,,2024/25,62.76459,57.32484,68.15287,54.4586,71.01911,,314.0,,Cannot be calculated,Similar,Not compared,20240000,,,1y
93088,"Overweight (including obesity) prevalence in adults, (using adjusted self-reported height and weight)",E92000001,England,E06000039,Slough,Counties & UAs (from Apr 2023),Persons,18+ yrs,,,2024/25,65.28502,61.55063,68.98734,59.33528,71.0443,,632.0,,Cannot be calculated,Similar,Not compared,20240000,,,1y
93088,"Overweight (including obesity) prevalence in adults, (using adjusted self-reported height and weight)",E92000001,England,E06000040,Windsor and Maidenhead,Counties & UAs (from Apr 2023),Persons,18+ yrs,,,2024/25,59.33745,54.01235,64.50617,50.61728,67.59259,,324.0,,Cannot be calculated,Better,Not compared,20240000,,,1y
93088,"Overweight (including obesity) prevalence in adults, (using adjusted self-reported height and weight)",E92000001,England,E06000041,Wokingham,Counties & UAs (from Apr 2023),Persons,18+ yrs,,,2024/25,57.52436,51.86335,62.73292,48.75776,65.52826,,322.0,,Cannot be calculated,Better,Not compared,20240000,,,1y
93088,"Overweight (including obesity) prevalence in adults, (using adjusted self-reported height and weight)",E92000001,England,E06000042,Milton Keynes,Counties & UAs (from Apr 2023),Persons,18+ yrs,,,2024/25,68.03518,64.0708,71.85841,62.12389,73.9823,,565.0,,Cannot be calculated,Similar,Not compared,20240000,,,1y
93088,"Overweight (including obesity) prevalence in adults, (using adjusted self-reported height and weight)",E92000001,England,E06000043,Brighton and Hove,Counties & UAs (from Apr 2023),Persons,18+ yrs,,,2024/25,55.19073,51.2275,59.08347,48.60884,61.21129,,611.0,,Cannot be calculated,Better,Not compared,20240000,,,1y
93088,"Overweight (including obesity) prevalence in adults, (using adjusted self-reported height and weight)",E92000001,England,E06000044,Portsmouth,Counties & UAs (from Apr 2023),Persons,18+ yrs,,,2024/25,65.47723,60.36585,70.42683,57.31707,73.47561,,328.0,,Cannot be calculated,Similar,Not compared,20240000,,,1y
93088,"Overweight (including obesity) prevalence in adults, (using adjusted self-reported height and weight)",E92000001,England,E06000045,Southampton,Counties & UAs (from Apr 2023),Persons,18+ yrs,,,2024/25,65.8341,61.86131,69.70803,59.48887,71.71551,,548.0,,Cannot be calculated,Similar,Not compared,20240000,,,1y
93088,"Overweight (including obesity) prevalence in adults, (using adjusted self-reported height and weight)",E92000001,England,E06000046,Isle of Wight,Counties & UAs (from Apr 2023),Persons,18+ yrs,,,2024/25,58.88642,53.68732,64.0118,49.85251,66.66667,,339.0,,Cannot be calculated,Better,Not compared,20240000,,,1y
93088,"Overweight (including obesity) prevalence in adults, (using adjusted self-reported height and weight)",E92000001,England,E06000047,County Durham,Counties & UAs (from Apr 2023),Persons,18+ yrs,,,2024/25,69.33833,66.8175,71.71946,65.45995,73.30317,,1326.0,,Cannot be calculated,Worse,Not compared,20240000,,,1y
93088,"Overweight (including obesity) prevalence in adults, (using adjusted self-reported height and weight)",E92000001,England,E06000049,Cheshire East,Counties & UAs (from Apr 2023),Persons,18+ yrs,,,2024/25,61.09178,57.64249,64.50777,55.82902,66.45078,,772.0,,Cannot be calculated,Better,Not compared,20240000,,,1y
93088,"Overweight (including obesity) prevalence in adults, (using adjusted self-reported height and weight)",E92000001,England,E06000050,Cheshire West and Chester,Counties & UAs (from Apr 2023),Persons,18+ yrs,,,2024/25,66.94348,63.50068,70.28494,61.46526,72.32035,,737.0,,Cannot be calculated,Similar,Not compared,20240000,,,1y
93088,"Overweight (including obesity) prevalence in adults, (using adjusted self-reported height and weight)",E92000001,England,E06000051,Shropshire,Counties & UAs (from Apr 2023),Persons,18+ yrs,,,2024/25,63.99818,60.41667,67.70833,58.03571,69.64286,,672.0,,Cannot be calculated,Similar,Not compared,20240000,,,1y
93088,"Overweight (including obesity) prevalence in adults, (using adjusted self-reported height and weight)",E92000001,England,E06000052,Cornwall,Counties & UAs (from Apr 2023),Persons,18+ yrs,,,2024/25,69.0082,65.86957,71.95652,64.13043,73.58696,,920.0,,Cannot be calculated,Worse,Not compared,20240000,,,1y
93088,"Overweight (including obesity) prevalence in adults, (using adjusted self-reported height and weight)",E92000001,England,E06000053,Isles of Scilly,Counties & UAs (from Apr 2023),Persons,18+ yrs,,,2024/25,60.29944,52.53165,67.72152,48.73418,72.1519,,158.0,,Cannot be calculated,Similar,Not compared,20240000,,,1y
93088,"Overweight (including obesity) prevalence in adults, (using adjusted self-reported height and weight)",E92000001,England,E06000054,Wiltshire,Counties & UAs (from Apr 2023),Persons,18+ yrs,,,2024/25,64.32114,61.28692,67.40506,59.49367,69.09283,,948.0,,Cannot be calculated,Similar,Not compared,20240000,,,1y
93088,"Overweight (including obesity) prevalence in adults, (using adjusted self-reported height and weight)",E92000001,England,E06000055,Bedford,Counties & UAs (from Apr 2023),Persons,18+ yrs,,,2024/25,72.85574,67.89298,77.92642,64.88294,80.60201,,299.0,,Cannot be calculated,Worse,Not compared,20240000,,,1y
93088,"Overweight (including obesity) prevalence in adults, (using adjusted self-reported height and weight)",E92000001,England,E06000056,Central Bedfordshire,Counties & UAs (from Apr 2023),Persons,18+ yrs,,,2024/25,65.216,61.64179,68.80597,59.55224,70.74627,,670.0,,Cannot be calculated,Similar,Not compared,20240000,,,1y
93088,"Overweight (including obesity) prevalence in adults, (using adjusted self-reported height and weight)",E92000001,England,E06000057,Northumberland,Counties & UAs (from Apr 2023),Persons,18+ yrs,,,2024/25,73.32051,69.9115,76.69617,67.69912,78.46608,,678.0,,Cannot be calculated,Worse,Not compared,20240000,,,1y
93088,"Overweight (including obesity) prevalence in adults, (using adjusted self-reported height and weight)",E92000001,England,E06000058,"Bournemouth, Christchurch and Poole",Counties & UAs (from Apr 2023),Persons,18+ yrs,,,2024/25,64.76435,61.3489,68.09339,59.27367,70.03904,,771.0,,Cannot be calculated,Similar,Not compared,20240000,,,1y
93088,"Overweight (including obesity) prevalence in adults, (using adjusted self-reported height and weight)",E92000001,England,E06000059,Dorset,Counties & UAs (from Apr 2023),Persons,18+ yrs,,,2024/25,66.28083,62.96774,69.54839,60.9031,71.48387,,775.0,,Cannot be calculated,Similar,Not compared,20240000,,,1y
93088,"Overweight (including obesity) prevalence in adults, (using adjusted self-reported height and weight)",E92000001,England,E06000060,Buckinghamshire UA,Counties & UAs (from Apr 2023),Persons,18+ yrs,,,2024/25,63.14703,60.0639,66.24068,58.46635,68.15761,,939.0,,Cannot be calculated,Similar,Not compared,20240000,,,1y
93088,"Overweight (including obesity) prevalence in adults, (using adjusted self-reported height and weight)",E92000001,England,E06000061,North Northamptonshire,Counties & UAs (from Apr 2023),Persons,18+ yrs,,,2024/25,73.58453,70.34384,76.79083,68.6245,78.79656,,698.0,,Cannot be calculated,Worse,Not compared,20240000,,,1y
93088,"Overweight (including obesity) prevalence in adults, (using adjusted self-reported height and weight)",E92000001,England,E06000062,West Northamptonshire,Counties & UAs (from Apr 2023),Persons,18+ yrs,,,2024/25,63.03943,59.45559,66.61891,57.30659,68.76805,,698.0,,Cannot be calculated,Similar,Not compared,20240000,,,1y
93088,"Overweight (including obesity) prevalence in adults, (using adjusted self-reported height and weight)",E92000001,England,E06000063,Cumberland,Counties & UAs (from Apr 2023),Persons,18+ yrs,,,2024/25,67.3656,63.51351,71.11486,61.14865,73.31081,,592.0,,Cannot be calculated,Similar,Not compared,20240000,,,1y
93088,"Overweight (including obesity) prevalence in adults, (using adjusted self-reported height and weight)",E92000001,England,E06000064,Westmorland and Furness,Counties & UAs (from Apr 2023),Persons,18+ yrs,,,2024/25,58.55547,53.5014,63.58543,50.14006,66.66667,,357.0,,Cannot be calculated,Better,Not compared,20240000,,,1y
93088,"Overweight (including obesity) prevalence in adults, (using adjusted self-reported height and weight)",E92000001,England,E06000065,North Yorkshire UA,Counties & UAs (from Apr 2023),Persons,18+ yrs,,,2024/25,66.24252,63.35227,69.03646,61.55303,70.73864,,1056.0,,Cannot be calculated,Similar,Not compared,20240000,,,1y
93088,"Overweight (including obesity) prevalence in adults, (using adjusted self-reported height and weight)",E92000001,England,E06000066,Somerset UA,Counties & UAs (from Apr 2023),Persons,18+ yrs,,,2024/25,68.42692,65.5244,71.23572,63.75909,72.8972,,963.0,,Cannot be calculated,Worse,Not compared,20240000,,,1y
93088,"Overweight (including obesity) prevalence in adults, (using adjusted self-reported height and weight)",E92000001,England,E08000001,Bolton,Counties & UAs (from Apr 2023),Persons,18+ yrs,,,2024/25,67.90995,64.81481,70.91503,63.07179,72.54902,,918.0,,Cannot be calculated,Worse,Not compared,20240000,,,1y
93088,"Overweight (including obesity) prevalence in adults, (using adjusted self-reported height and weight)",E92000001,England,E08000002,Bury,Counties & UAs (from Apr 2023),Persons,18+ yrs,,,2024/25,65.43822,60.06006,70.57057,57.35736,72.97327,,333.0,,Cannot be calculated,Similar,Not compared,20240000,,,1y
93088,"Overweight (including obesity) prevalence in adults, (using adjusted self-reported height and weight)",E92000001,England,E08000003,Manchester,Counties & UAs (from Apr 2023),Persons,18+ yrs,,,2024/25,60.91504,58.08124,63.78565,56.87105,65.16854,,1157.0,,Cannot be calculated,Better,Not compared,20240000,,,1y
93088,"Overweight (including obesity) prevalence in adults, (using adjusted self-reported height and weight)",E92000001,England,E08000004,Oldham,Counties & UAs (from Apr 2023),Persons,18+ yrs,,,2024/25,68.11004,64.48737,71.61961,62.55572,73.40267,,673.0,,Cannot be calculated,Similar,Not compared,20240000,,,1y
93088,"Overweight (including obesity) prevalence in adults, (using adjusted self-reported height and weight)",E92000001,England,E08000005,Rochdale,Counties & UAs (from Apr 2023),Persons,18+ yrs,,,2024/25,68.07408,64.64497,71.59763,62.42589,73.37293,,676.0,,Cannot be calculated,Worse,Not compared,20240000,,,1y
93088,"Overweight (including obesity) prevalence in adults, (using adjusted self-reported height and weight)",E92000001,England,E08000006,Salford,Counties & UAs (from Apr 2023),Persons,18+ yrs,,,2024/25,67.89255,63.92857,71.78571,61.42857,73.75018,,560.0,,Cannot be calculated,Similar,Not compared,20240000,,,1y
93088,"Overweight (including obesity) prevalence in adults, (using adjusted self-reported height and weight)",E92000001,England,E08000007,Stockport,Counties & UAs (from Apr 2023),Persons,18+ yrs,,,2024/25,61.76949,58.18182,65.45455,55.75758,67.87879,,660.0,,Cannot be calculated,Similar,Not compared,20240000,,,1y
93088,"Overweight (including obesity) prevalence in adults, (using adjusted self-reported height and weight)",E92000001,England,E08000008,Tameside,Counties & UAs (from Apr 2023),Persons,18+ yrs,,,2024/25,68.84076,65.56196,72.1902,63.68876,74.20749,,694.0,,Cannot be calculated,Worse,Not compared,20240000,,,1y
93088,"Overweight (including obesity) prevalence in adults, (using adjusted self-reported height and weight)",E92000001,England,E08000009,Trafford,Counties & UAs (from Apr 2023),Persons,18+ yrs,,,2024/25,63.15214,57.95796,68.46847,54.95465,71.17147,,333.0,,Cannot be calculated,Similar,Not compared,20240000,,,1y
93088,"Overweight (including obesity) prevalence in adults, (using adjusted self-reported height and weight)",E92000001,England,E08000010,Wigan,Counties & UAs (from Apr 2023),Persons,18+ yrs,,,2024/25,73.73457,70.28754,77.15655,68.21086,78.75415,,626.0,,Cannot be calculated,Worse,Not compared,20240000,,,1y
93088,"Overweight (including obesity) prevalence in adults, (using adjusted self-reported height and weight)",E92000001,England,E08000011,Knowsley,Counties & UAs (from Apr 2023),Persons,18+ yrs,,,2024/25,74.57652,71.28571,77.85714,69.42857,79.57157,,700.0,,Cannot be calculated,Worse,Not compared,20240000,,,1y
93088,"Overweight (including obesity) prevalence in adults, (using adjusted self-reported height and weight)",E92000001,England,E08000012,Liverpool,Counties & UAs (from Apr 2023),Persons,18+ yrs,,,2024/25,67.9426,64.69136,71.23457,62.96284,73.08642,,810.0,,Cannot be calculated,Worse,Not compared,20240000,,,1y
93088,"Overweight (including obesity) prevalence in adults, (using adjusted self-reported height and weight)",E92000001,England,E08000013,St. Helens,Counties & UAs (from Apr 2023),Persons,18+ yrs,,,2024/25,68.5681,65.25886,71.9346,63.21512,73.84196,,734.0,,Cannot be calculated,Worse,Not compared,20240000,,,1y
93088,"Overweight (including obesity) prevalence in adults, (using adjusted self-reported height and weight)",E92000001,England,E08000014,Sefton,Counties & UAs (from Apr 2023),Persons,18+ yrs,,,2024/25,70.26919,66.66667,73.88746,64.77663,75.94502,,582.0,,Cannot be calculated,Worse,Not compared,20240000,,,1y
93088,"Overweight (including obesity) prevalence in adults, (using adjusted self-reported height and weight)",E92000001,England,E08000015,Wirral,Counties & UAs (from Apr 2023),Persons,18+ yrs,,,2024/25,71.78694,68.31832,75.22523,66.21622,76.87688,,666.0,,Cannot be calculated,Worse,Not compared,20240000,,,1y
93088,"Overweight (including obesity) prevalence in adults, (using adjusted self-reported height and weight)",E92000001,England,E08000016,Barnsley,Counties & UAs (from Apr 2023),Persons,18+ yrs,,,2024/25,74.36011,71.31474,77.42364,69.72098,79.28287,,753.0,,Cannot be calculated,Worse,Not compared,20240000,,,1y
93088,"Overweight (including obesity) prevalence in adults, (using adjusted self-reported height and weight)",E92000001,England,E08000017,Doncaster,Counties & UAs (from Apr 2023),Persons,18+ yrs,,,2024/25,71.46759,68.7,74.2,66.9,75.9001,,1000.0,,Cannot be calculated,Worse,Not compared,20240000,,,1y
93088,"Overweight (including obesity) prevalence in adults, (using adjusted self-reported height and weight)",E92000001,England,E08000018,Rotherham,Counties & UAs (from Apr 2023),Persons,18+ yrs,,,2024/25,72.54684,69.20455,75.95308,67.0088,77.56598,,682.0,,Cannot be calculated,Worse,Not compared,20240000,,,1y
93088,"Overweight (including obesity) prevalence in adults, (using adjusted self-reported height and weight)",E92000001,England,E08000019,Sheffield,Counties & UAs (from Apr 2023),Persons,18+ yrs,,,2024/25,67.41883,64.35754,70.50279,62.68156,72.17899,,895.0,,Cannot be calculated,Similar,Not compared,20240000,,,1y
93088,"Overweight (including obesity) prevalence in adults, (using adjusted self-reported height and weight)",E92000001,England,E08000021,Newcastle upon Tyne,Counties & UAs (from Apr 2023),Persons,18+ yrs,,,2024/25,64.80788,61.12853,68.4953,58.93417,70.53307,,638.0,,Cannot be calculated,Similar,Not compared,20240000,,,1y
93088,"Overweight (including obesity) prevalence in adults, (using adjusted self-reported height and weight)",E92000001,England,E08000022,North Tyneside,Counties & UAs (from Apr 2023),Persons,18+ yrs,,,2024/25,61.08367,55.65476,66.36905,52.67857,69.64286,,336.0,,Cannot be calculated,Similar,Not compared,20240000,,,1y
93088,"Overweight (including obesity) prevalence in adults, (using adjusted self-reported height and weight)",E92000001,England,E08000023,South Tyneside,Counties & UAs (from Apr 2023),Persons,18+ yrs,,,2024/25,74.38226,71.23835,77.49667,69.24101,79.09454,,751.0,,Cannot be calculated,Worse,Not compared,20240000,,,1y
93088,"Overweight (including obesity) prevalence in adults, (using adjusted self-reported height and weight)",E92000001,England,E08000024,Sunderland,Counties & UAs (from Apr 2023),Persons,18+ yrs,,,2024/25,76.99564,73.51916,80.31359,71.42857,82.22997,,574.0,,Cannot be calculated,Worse,Not compared,20240000,,,1y
93088,"Overweight (including obesity) prevalence in adults, (using adjusted self-reported height and weight)",E92000001,England,E08000025,Birmingham,Counties & UAs (from Apr 2023),Persons,18+ yrs,,,2024/25,67.55141,65.10204,69.86395,63.94558,71.29259,,1470.0,,Cannot be calculated,Worse,Not compared,20240000,,,1y
93088,"Overweight (including obesity) prevalence in adults, (using adjusted self-reported height and weight)",E92000001,England,E08000026,Coventry,Counties & UAs (from Apr 2023),Persons,18+ yrs,,,2024/25,66.8232,63.87487,69.72755,62.15943,71.34208,,991.0,,Cannot be calculated,Similar,Not compared,20240000,,,1y
93088,"Overweight (including obesity) prevalence in adults, (using adjusted self-reported height and weight)",E92000001,England,E08000027,Dudley,Counties & UAs (from Apr 2023),Persons,18+ yrs,,,2024/25,72.21088,68.73065,75.69659,67.02786,77.55418,,646.0,,Cannot be calculated,Worse,Not compared,20240000,,,1y
93088,"Overweight (including obesity) prevalence in adults, (using adjusted self-reported height and weight)",E92000001,England,E08000028,Sandwell,Counties & UAs (from Apr 2023),Persons,18+ yrs,,,2024/25,75.10342,72.203,77.97001,70.35744,79.58478,,867.0,,Cannot be calculated,Worse,Not compared,20240000,,,1y
93088,"Overweight (including obesity) prevalence in adults, (using adjusted self-reported height and weight)",E92000001,England,E08000029,Solihull,Counties & UAs (from Apr 2023),Persons,18+ yrs,,,2024/25,61.09359,55.66038,66.3522,52.51541,69.1827,,318.0,,Cannot be calculated,Similar,Not compared,20240000,,,1y
93088,"Overweight (including obesity) prevalence in adults, (using adjusted self-reported height and weight)",E92000001,England,E08000030,Walsall,Counties & UAs (from Apr 2023),Persons,18+ yrs,,,2024/25,69.5795,66.51982,72.57709,64.97786,74.22907,,908.0,,Cannot be calculated,Worse,Not compared,20240000,,,1y
93088,"Overweight (including obesity) prevalence in adults, (using adjusted self-reported height and weight)",E92000001,England,E08000031,Wolverhampton,Counties & UAs (from Apr 2023),Persons,18+ yrs,,,2024/25,65.25951,61.65644,68.86503,59.8158,70.5523,,652.0,,Cannot be calculated,Similar,Not compared,20240000,,,1y
93088,"Overweight (including obesity) prevalence in adults, (using adjusted self-reported height and weight)",E92000001,England,E08000032,Bradford,Counties & UAs (from Apr 2023),Persons,18+ yrs,,,2024/25,64.48227,61.77703,67.22548,60.01668,68.73437,,1193.0,,Cannot be calculated,Similar,Not compared,20240000,,,1y
93088,"Overweight (including obesity) prevalence in adults, (using adjusted self-reported height and weight)",E92000001,England,E08000033,Calderdale,Counties & UAs (from Apr 2023),Persons,18+ yrs,,,2024/25,70.42395,66.95402,73.85057,64.94253,75.71839,,696.0,,Cannot be calculated,Worse,Not compared,20240000,,,1y
93088,"Overweight (including obesity) prevalence in adults, (using adjusted self-reported height and weight)",E92000001,England,E08000034,Kirklees,Counties & UAs (from Apr 2023),Persons,18+ yrs,,,2024/25,68.10688,64.55696,71.58931,62.5879,73.13657,,711.0,,Cannot be calculated,Similar,Not compared,20240000,,,1y
93088,"Overweight (including obesity) prevalence in adults, (using adjusted self-reported height and weight)",E92000001,England,E08000035,Leeds,Counties & UAs (from Apr 2023),Persons,18+ yrs,,,2024/25,65.049,62.18861,67.79582,60.5871,69.30605,,1124.0,,Cannot be calculated,Similar,Not compared,20240000,,,1y
93088,"Overweight (including obesity) prevalence in adults, (using adjusted self-reported height and weight)",E92000001,England,E08000036,Wakefield,Counties & UAs (from Apr 2023),Persons,18+ yrs,,,2024/25,73.21434,70.41833,75.89641,68.6255,77.29084,,1004.0,,Cannot be calculated,Worse,Not compared,20240000,,,1y
93088,"Overweight (including obesity) prevalence in adults, (using adjusted self-reported height and weight)",E92000001,England,E08000037,Gateshead,Counties & UAs (from Apr 2023),Persons,18+ yrs,,,2024/25,70.46156,67.07819,73.79973,65.02058,75.58313,,729.0,,Cannot be calculated,Worse,Not compared,20240000,,,1y
93088,"Overweight (including obesity) prevalence in adults, (using adjusted self-reported height and weight)",E92000001,England,E09000001,City of London,Counties & UAs (from Apr 2023),Persons,18+ yrs,,,2024/25,51.07349,44.98141,56.87732,42.00743,60.22342,,269.0,,Cannot be calculated,Better,Not compared,20240000,,,1y
93088,"Overweight (including obesity) prevalence in adults, (using adjusted self-reported height and weight)",E92000001,England,E09000002,Barking and Dagenham,Counties & UAs (from Apr 2023),Persons,18+ yrs,,,2024/25,71.65536,67.95302,75.16779,66.10721,77.34899,,596.0,,Cannot be calculated,Worse,Not compared,20240000,,,1y
93088,"Overweight (including obesity) prevalence in adults, (using adjusted self-reported height and weight)",E92000001,England,E09000003,Barnet,Counties & UAs (from Apr 2023),Persons,18+ yrs,,,2024/25,53.34249,49.63716,57.03919,47.45994,59.21626,,689.0,,Cannot be calculated,Better,Not compared,20240000,,,1y
93088,"Overweight (including obesity) prevalence in adults, (using adjusted self-reported height and weight)",E92000001,England,E09000004,Bexley,Counties & UAs (from Apr 2023),Persons,18+ yrs,,,2024/25,70.54951,65.3125,75.625,62.5,77.8125,,320.0,,Cannot be calculated,Worse,Not compared,20240000,,,1y
93088,"Overweight (including obesity) prevalence in adults, (using adjusted self-reported height and weight)",E92000001,England,E09000005,Brent,Counties & UAs (from Apr 2023),Persons,18+ yrs,,,2024/25,58.15166,54.91071,61.27232,53.01317,62.72333,,896.0,,Cannot be calculated,Better,Not compared,20240000,,,1y
93088,"Overweight (including obesity) prevalence in adults, (using adjusted self-reported height and weight)",E92000001,England,E09000006,Bromley,Counties & UAs (from Apr 2023),Persons,18+ yrs,,,2024/25,59.9997,56.38767,63.72981,54.03818,65.49192,,681.0,,Cannot be calculated,Better,Not compared,20240000,,,1y
93088,"Overweight (including obesity) prevalence in adults, (using adjusted self-reported height and weight)",E92000001,England,E09000007,Camden,Counties & UAs (from Apr 2023),Persons,18+ yrs,,,2024/25,48.90008,43.53312,54.25868,40.06309,57.09811,,317.0,,Cannot be calculated,Better,Not compared,20240000,,,1y
93088,"Overweight (including obesity) prevalence in adults, (using adjusted self-reported height and weight)",E92000001,England,E09000008,Croydon,Counties & UAs (from Apr 2023),Persons,18+ yrs,,,2024/25,61.35185,57.82967,64.83516,55.63173,66.8956,,728.0,,Cannot be calculated,Similar,Not compared,20240000,,,1y
93088,"Overweight (including obesity) prevalence in adults, (using adjusted self-reported height and weight)",E92000001,England,E09000009,Ealing,Counties & UAs (from Apr 2023),Persons,18+ yrs,,,2024/25,59.03182,55.3495,62.62482,53.2097,64.76476,,701.0,,Cannot be calculated,Better,Not compared,20240000,,,1y
93088,"Overweight (including obesity) prevalence in adults, (using adjusted self-reported height and weight)",E92000001,England,E09000010,Enfield,Counties & UAs (from Apr 2023),Persons,18+ yrs,,,2024/25,62.97327,59.78836,66.13757,57.8836,67.93651,,945.0,,Cannot be calculated,Similar,Not compared,20240000,,,1y
93088,"Overweight (including obesity) prevalence in adults, (using adjusted self-reported height and weight)",E92000001,England,E09000011,Greenwich,Counties & UAs (from Apr 2023),Persons,18+ yrs,,,2024/25,59.1521,56.01751,62.25383,54.26663,64.22319,,914.0,,Cannot be calculated,Better,Not compared,20240000,,,1y
93088,"Overweight (including obesity) prevalence in adults, (using adjusted self-reported height and weight)",E92000001,England,E09000012,Hackney,Counties & UAs (from Apr 2023),Persons,18+ yrs,,,2024/25,56.09263,50.33557,61.74497,47.31544,64.7651,,298.0,,Cannot be calculated,Better,Not compared,20240000,,,1y
93088,"Overweight (including obesity) prevalence in adults, (using adjusted self-reported height and weight)",E92000001,England,E09000013,Hammersmith and Fulham,Counties & UAs (from Apr 2023),Persons,18+ yrs,,,2024/25,45.58075,40.30769,51.07692,37.53815,54.46154,,325.0,,Cannot be calculated,Better,Not compared,20240000,,,1y
93088,"Overweight (including obesity) prevalence in adults, (using adjusted self-reported height and weight)",E92000001,England,E09000014,Haringey,Counties & UAs (from Apr 2023),Persons,18+ yrs,,,2024/25,56.03712,50.71633,61.31805,48.13754,63.89685,,349.0,,Cannot be calculated,Better,Not compared,20240000,,,1y
93088,"Overweight (including obesity) prevalence in adults, (using adjusted self-reported height and weight)",E92000001,England,E09000015,Harrow,Counties & UAs (from Apr 2023),Persons,18+ yrs,,,2024/25,53.60657,48.07692,59.29487,44.87179,62.17949,,312.0,,Cannot be calculated,Better,Not compared,20240000,,,1y
93088,"Overweight (including obesity) prevalence in adults, (using adjusted self-reported height and weight)",E92000001,England,E09000016,Havering,Counties & UAs (from Apr 2023),Persons,18+ yrs,,,2024/25,61.88852,56.45161,67.09677,53.54806,70.32258,,310.0,,Cannot be calculated,Similar,Not compared,20240000,,,1y
93088,"Overweight (including obesity) prevalence in adults, (using adjusted self-reported height and weight)",E92000001,England,E09000017,Hillingdon,Counties & UAs (from Apr 2023),Persons,18+ yrs,,,2024/25,62.65492,58.58407,66.54867,56.28319,68.67274,,565.0,,Cannot be calculated,Similar,Not compared,20240000,,,1y
93088,"Overweight (including obesity) prevalence in adults, (using adjusted self-reported height and weight)",E92000001,England,E09000018,Hounslow,Counties & UAs (from Apr 2023),Persons,18+ yrs,,,2024/25,60.97686,56.81382,65.25912,54.51056,67.56276,,521.0,,Cannot be calculated,Similar,Not compared,20240000,,,1y
93088,"Overweight (including obesity) prevalence in adults, (using adjusted self-reported height and weight)",E92000001,England,E09000019,Islington,Counties & UAs (from Apr 2023),Persons,18+ yrs,,,2024/25,49.83933,44.20063,55.48589,41.06583,58.30721,,319.0,,Cannot be calculated,Better,Not compared,20240000,,,1y
93088,"Overweight (including obesity) prevalence in adults, (using adjusted self-reported height and weight)",E92000001,England,E09000020,Kensington and Chelsea,Counties & UAs (from Apr 2023),Persons,18+ yrs,,,2024/25,39.9692,35.42169,44.81928,32.28916,47.71084,,415.0,,Cannot be calculated,Better,Not compared,20240000,,,1y
93088,"Overweight (including obesity) prevalence in adults, (using adjusted self-reported height and weight)",E92000001,England,E09000021,Kingston upon Thames,Counties & UAs (from Apr 2023),Persons,18+ yrs,,,2024/25,55.1374,49.6988,60.54217,47.28916,63.55422,,332.0,,Cannot be calculated,Better,Not compared,20240000,,,1y
93088,"Overweight (including obesity) prevalence in adults, (using adjusted self-reported height and weight)",E92000001,England,E09000022,Lambeth,Counties & UAs (from Apr 2023),Persons,18+ yrs,,,2024/25,51.40355,47.56839,55.16717,45.59271,57.29483,,658.0,,Cannot be calculated,Better,Not compared,20240000,,,1y
93088,"Overweight (including obesity) prevalence in adults, (using adjusted self-reported height and weight)",E92000001,England,E09000023,Lewisham,Counties & UAs (from Apr 2023),Persons,18+ yrs,,,2024/25,58.64016,55.0365,62.33577,52.84657,64.52569,,685.0,,Cannot be calculated,Better,Not compared,20240000,,,1y
93088,"Overweight (including obesity) prevalence in adults, (using adjusted self-reported height and weight)",E92000001,England,E09000024,Merton,Counties & UAs (from Apr 2023),Persons,18+ yrs,,,2024/25,60.17755,54.71698,65.40881,51.57233,68.55346,,318.0,,Cannot be calculated,Similar,Not compared,20240000,,,1y
93088,"Overweight (including obesity) prevalence in adults, (using adjusted self-reported height and weight)",E92000001,England,E09000025,Newham,Counties & UAs (from Apr 2023),Persons,18+ yrs,,,2024/25,61.9076,58.7405,65.038,56.67752,66.77524,,921.0,,Cannot be calculated,Similar,Not compared,20240000,,,1y
93088,"Overweight (including obesity) prevalence in adults, (using adjusted self-reported height and weight)",E92000001,England,E09000026,Redbridge,Counties & UAs (from Apr 2023),Persons,18+ yrs,,,2024/25,60.76359,56.87919,64.7651,54.19463,66.77869,,596.0,,Cannot be calculated,Similar,Not compared,20240000,,,1y
93088,"Overweight (including obesity) prevalence in adults, (using adjusted self-reported height and weight)",E92000001,England,E09000027,Richmond upon Thames,Counties & UAs (from Apr 2023),Persons,18+ yrs,,,2024/25,43.11431,37.83784,48.64865,34.83483,51.65195,,333.0,,Cannot be calculated,Better,Not compared,20240000,,,1y
93088,"Overweight (including obesity) prevalence in adults, (using adjusted self-reported height and weight)",E92000001,England,E09000028,Southwark,Counties & UAs (from Apr 2023),Persons,18+ yrs,,,2024/25,52.12476,48.22581,56.12903,45.96774,58.3871,,620.0,,Cannot be calculated,Better,Not compared,20240000,,,1y
93088,"Overweight (including obesity) prevalence in adults, (using adjusted self-reported height and weight)",E92000001,England,E09000029,Sutton,Counties & UAs (from Apr 2023),Persons,18+ yrs,,,2024/25,65.64052,60.33333,71.0,57.66667,74.00033,,300.0,,Cannot be calculated,Similar,Not compared,20240000,,,1y
93088,"Overweight (including obesity) prevalence in adults, (using adjusted self-reported height and weight)",E92000001,England,E09000030,Tower Hamlets,Counties & UAs (from Apr 2023),Persons,18+ yrs,,,2024/25,55.57481,52.42019,58.59938,50.46344,60.45314,,971.0,,Cannot be calculated,Better,Not compared,20240000,,,1y
93088,"Overweight (including obesity) prevalence in adults, (using adjusted self-reported height and weight)",E92000001,England,E09000031,Waltham Forest,Counties & UAs (from Apr 2023),Persons,18+ yrs,,,2024/25,59.35304,55.55556,62.96296,53.56111,64.81481,,702.0,,Cannot be calculated,Better,Not compared,20240000,,,1y
93088,"Overweight (including obesity) prevalence in adults, (using adjusted self-reported height and weight)",E92000001,England,E09000032,Wandsworth,Counties & UAs (from Apr 2023),Persons,18+ yrs,,,2024/25,51.26103,47.59124,54.89051,45.40146,57.08029,,685.0,,Cannot be calculated,Better,Not compared,20240000,,,1y
93088,"Overweight (including obesity) prevalence in adults, (using adjusted self-reported height and weight)",E92000001,England,E09000033,Westminster,Counties & UAs (from Apr 2023),Persons,18+ yrs,,,2024/25,56.17029,51.25,61.0,48.25,63.75,,400.0,,Cannot be calculated,Better,Not compared,20240000,,,1y
93088,"Overweight (including obesity) prevalence in adults, (using adjusted self-reported height and weight)",E92000001,England,E10000003,Cambridgeshire,Counties & UAs (from Apr 2023),Persons,18+ yrs,,,2024/25,56.77428,54.59057,58.95782,53.34983,60.09931,,2015.0,,Cannot be calculated,Better,Not compared,20240000,,,1y
93088,"Overweight (including obesity) prevalence in adults, (using adjusted self-reported height and weight)",E92000001,England,E10000007,Derbyshire,Counties & UAs (from Apr 2023),Persons,18+ yrs,,,2024/25,66.32148,64.63891,67.98959,63.72804,68.96555,,3074.0,,Cannot be calculated,Similar,Not compared,20240000,,,1y
93088,"Overweight (including obesity) prevalence in adults, (using adjusted self-reported height and weight)",E92000001,England,E10000008,Devon,Counties & UAs (from Apr 2023),Persons,18+ yrs,,,2024/25,61.30637,59.56607,63.05062,58.61272,63.97107,,3042.0,,Cannot be calculated,Better,Not compared,20240000,,,1y
93088,"Overweight (including obesity) prevalence in adults, (using adjusted self-reported height and weight)",E92000001,England,E10000011,East Sussex,Counties & UAs (from Apr 2023),Persons,18+ yrs,,,2024/25,63.33498,61.21951,65.41463,60.14634,66.58541,,2050.0,,Cannot be calculated,Similar,Not compared,20240000,,,1y
93088,"Overweight (including obesity) prevalence in adults, (using adjusted self-reported height and weight)",E92000001,England,E10000012,Essex,Counties & UAs (from Apr 2023),Persons,18+ yrs,,,2024/25,67.53016,66.22645,68.8289,65.48842,69.4504,,5149.0,,Cannot be calculated,Worse,Not compared,20240000,,,1y
93088,"Overweight (including obesity) prevalence in adults, (using adjusted self-reported height and weight)",E92000001,England,E10000013,Gloucestershire,Counties & UAs (from Apr 2023),Persons,18+ yrs,,,2024/25,66.23975,64.34821,68.15398,63.2108,69.33508,,2286.0,,Cannot be calculated,Similar,Not compared,20240000,,,1y
93088,"Overweight (including obesity) prevalence in adults, (using adjusted self-reported height and weight)",E92000001,England,E10000014,Hampshire,Counties & UAs (from Apr 2023),Persons,18+ yrs,,,2024/25,63.65222,62.17885,65.11858,61.19069,66.00791,,4048.0,,Cannot be calculated,Similar,Not compared,20240000,,,1y
93088,"Overweight (including obesity) prevalence in adults, (using adjusted self-reported height and weight)",E92000001,England,E10000015,Hertfordshire,Counties & UAs (from Apr 2023),Persons,18+ yrs,,,2024/25,63.09467,61.46622,64.73796,60.55738,65.58622,,3301.0,,Cannot be calculated,Similar,Not compared,20240000,,,1y
93088,"Overweight (including obesity) prevalence in adults, (using adjusted self-reported height and weight)",E92000001,England,E10000016,Kent,Counties & UAs (from Apr 2023),Persons,18+ yrs,,,2024/25,66.53251,65.15625,67.90179,64.24105,68.59377,,4480.0,,Cannot be calculated,Worse,Not compared,20240000,,,1y
93088,"Overweight (including obesity) prevalence in adults, (using adjusted self-reported height and weight)",E92000001,England,E10000017,Lancashire,Counties & UAs (from Apr 2023),Persons,18+ yrs,,,2024/25,68.59317,67.33138,69.89247,66.62757,70.53765,,5115.0,,Cannot be calculated,Worse,Not compared,20240000,,,1y
93088,"Overweight (including obesity) prevalence in adults, (using adjusted self-reported height and weight)",E92000001,England,E10000018,Leicestershire,Counties & UAs (from Apr 2023),Persons,18+ yrs,,,2024/25,67.32553,65.39474,69.25439,64.34206,70.30702,,2280.0,,Cannot be calculated,Worse,Not compared,20240000,,,1y
93088,"Overweight (including obesity) prevalence in adults, (using adjusted self-reported height and weight)",E92000001,England,E10000019,Lincolnshire,Counties & UAs (from Apr 2023),Persons,18+ yrs,,,2024/25,69.08343,67.49566,70.61885,66.68592,71.48644,,3458.0,,Cannot be calculated,Worse,Not compared,20240000,,,1y
93088,"Overweight (including obesity) prevalence in adults, (using adjusted self-reported height and weight)",E92000001,England,E10000020,Norfolk,Counties & UAs (from Apr 2023),Persons,18+ yrs,,,2024/25,65.13536,63.46779,66.85101,62.5244,67.72938,,3074.0,,Cannot be calculated,Similar,Not compared,20240000,,,1y
93088,"Overweight (including obesity) prevalence in adults, (using adjusted self-reported height and weight)",E92000001,England,E10000024,Nottinghamshire,Counties & UAs (from Apr 2023),Persons,18+ yrs,,,2024/25,68.50976,66.70433,70.24482,65.64972,71.22414,,2655.0,,Cannot be calculated,Worse,Not compared,20240000,,,1y
93088,"Overweight (including obesity) prevalence in adults, (using adjusted self-reported height and weight)",E92000001,England,E10000025,Oxfordshire,Counties & UAs (from Apr 2023),Persons,18+ yrs,,,2024/25,59.15243,56.80888,61.42607,55.58153,62.77043,,1711.0,,Cannot be calculated,Better,Not compared,20240000,,,1y
93088,"Overweight (including obesity) prevalence in adults, (using adjusted self-reported height and weight)",E92000001,England,E10000028,Staffordshire,Counties & UAs (from Apr 2023),Persons,18+ yrs,,,2024/25,68.64717,66.85736,70.40427,65.82761,71.39596,,2622.0,,Cannot be calculated,Worse,Not compared,20240000,,,1y
93088,"Overweight (including obesity) prevalence in adults, (using adjusted self-reported height and weight)",E92000001,England,E10000029,Suffolk,Counties & UAs (from Apr 2023),Persons,18+ yrs,,,2024/25,66.34632,64.14169,68.44687,62.88823,69.53684,,1835.0,,Cannot be calculated,Similar,Not compared,20240000,,,1y
93088,"Overweight (including obesity) prevalence in adults, (using adjusted self-reported height and weight)",E92000001,England,E10000030,Surrey,Counties & UAs (from Apr 2023),Persons,18+ yrs,,,2024/25,59.07696,57.48766,60.66923,56.60996,61.57436,,3646.0,,Cannot be calculated,Better,Not compared,20240000,,,1y
93088,"Overweight (including obesity) prevalence in adults, (using adjusted self-reported height and weight)",E92000001,England,E10000031,Warwickshire,Counties & UAs (from Apr 2023),Persons,18+ yrs,,,2024/25,65.93175,63.63065,68.21608,62.43719,69.72368,,1592.0,,Cannot be calculated,Similar,Not compared,20240000,,,1y
93088,"Overweight (including obesity) prevalence in adults, (using adjusted self-reported height and weight)",E92000001,England,E10000032,West Sussex,Counties & UAs (from Apr 2023),Persons,18+ yrs,,,2024/25,65.61227,63.71608,67.4739,62.63044,68.47603,,2395.0,,Cannot be calculated,Similar,Not compared,20240000,,,1y
93088,"Overweight (including obesity) prevalence in adults, (using adjusted self-reported height and weight)",E92000001,England,E10000034,Worcestershire,Counties & UAs (from Apr 2023),Persons,18+ yrs,,,2024/25,62.99795,60.83418,65.15768,59.61343,66.37848,,1966.0,,Cannot be calculated,Similar,Not compared,20240000,,,1y
